학년,학기,이수구분,학수번호,학부(과),교과목명,학점,시간,교과목해설
1학년,1학기,1전선,HAAA1112,역사콘텐츠전공,중국의역사와문화,3,3,"중국 역사상 중요한 의미를 갖는 정치, 사회, 문화 등 각 방면의 주요 문제를 주제별로 접근하여 살펴보고, 이를 통해 당시 시대상에 대한 이해를 돕는다."
1학년,1학기,1전선,HAAA9009,역사콘텐츠전공,역사학의이해,3,3,"이 과목은, 역사라는 것을 “있는 그대로의 사실”로 본질화(substantialize)시켜온 근대 역사학 연구의 인식론적 한계를 넘어, 우리가 “역사”라고 부르는 것이 과연 구체적으로 누구에 의해서, 어떤 시각에 입각해서, 어떤 역사적 맥락 속에서, 어떻게 역사화되는가 라는 근원적 질문들을 탐구하는 것을 목표로 한다."
1학년,2학기,1전선,HAAA6005,역사콘텐츠전공,한국사사료강독과DB활용,3,3,"이 과목은 한국사를 연구하는 데에 가장 기초가 되는 사료들 을 정확하게 이해하고 활용하는 방법을 익히는 것을 목표로 한다. 이 목표를 달성하기 위해, 이 수업에서는 한국사 관련 주요 사료와 연구논저들의 Digital Database들을 활용하는 방법을 배우고, 이를 통해 학생들이 직접 찾은 주요 사료들을 해석/강독하는 것을 배운다. 이 과정을 통해, 학생들로 하여금 한국사의 주요한 국면들을 보다 생생하게 이해하고 그 이해를 바탕으로 보다 구체적인 결과물을 만들어 낼 수 있는 능력을 기르게 하려는 것이다."
1학년,2학기,1전선,HAAA6016,역사콘텐츠전공,역사콘텐츠의이해,3,3,문화콘텐츠의 활성화에 따라 다양한 콘텐츠 개발에 대한 관심이 고양되고 있다. 특히 역사분야는 이러한 콘텐츠를 제공할 수 있는 무한한 가능성을 갖고 있다는 점에서 주목을 받고 있다. 현재 이루어지고 있는 문화콘텐츠 산업 및 지원의 현황을 파악하고 향후 어떤 방식으로 발전할 것인가를 모색하여 역사학도로서의 전망을 가져본다. 특히 사학 전공에서 역사콘텐츠 전공으로 전환한 의미를 확인한다.
1학년,2학기,1전선,HAAA9230,역사콘텐츠전공,서양고대사,3,3,오늘날 서양 문화의 모태가 되는 서양 고전고대 문화의 탄생과 발전을 살펴봄으로써 서양 문명의 기원과 특성을 이해한다.
2학년,1학기,1전선,HAAA6015,역사콘텐츠전공,한국고대사,3,3,이 강의는 한국 고대의 역사와 문화유산에 대한 전반적인 이해를 돕는데 그 목적이 있다. 이 강의에서는 한국 고대사회에 대한 이해를 통해 한국사의 전반적인 전개과정을 파악하는데 주력한다.
2학년,1학기,1전선,HAAA6019,역사콘텐츠전공,서양사사료강독과DB활용,3,3,"서양사의 주요 문헌과 자료의 원문을 읽음으로써 서양사의 이해를 심화하고 서구어, 특히 영어의 구사 능력을 증진한다."
2학년,1학기,1전선,HAAA9001,역사콘텐츠전공,일본고중세사,3,3,"일본의 고대와 중세를 중심으로 우리가 필요로 하는 일본의 사회, 문화, 정치, 경제 등 일본전통사회에 대한 기초적인 문제를 고찰하고자 한다."
2학년,1학기,1전선,HAAA9007,역사콘텐츠전공,근대중국과세계질서,3,3,"중국 명청왕조 시대에 대한 기초, 심화 지식을 습득하고, 명청왕조를 통해 동아시아질서의 변화를 파악하는 능력 배양"
2학년,1학기,1전선,HAAA9233,역사콘텐츠전공,인물로보는중국사,3,3,중국역사와 문화를 이끌었던 역사인물의 삶을 통해 과거 중국인들의 지향점과 중국사회의 특징을 고찰한다.
2학년,2학기,1전선,HAAA6017,역사콘텐츠전공,한국중세사,3,3,"이 과목에서는, 먼저 해방 이후의 한국 역사학계가 강조해 온 고려시대사의 발전상과 그 문화유산을 살펴봄으로써, 한국사가 고대에서 중세로 발전해 가는 과정을 이해하는데 중점을 둔다. 이를 토대로 하여 궁극적으로는, 근대를 향한 한국사의 발전이라는 이러한 역사관과 그에 입각한 고려시대의 역사상이, 근대국민국가의 형성이라는 특정한 역사적 맥락에서 진행된 근대 한국역사학의 고려시대사(중세사) 연구의 산물이라는 점을 사학사적/지성사적 맥락에서 함께 살핀다."
2학년,2학기,1전선,HAAA9004,역사콘텐츠전공,일본의문화와생활,3,3,일본인들의 의식주를 포함한 일상생활 문화와 풍속을 통하여 일본인의 가치관과 미의식에 대해 알아본다.
2학년,2학기,1전선,HAAA9216,역사콘텐츠전공,전통중국과동아시아,3,3,"중국의 정치사회적 변화과정을 통해 근대 중국의 형성, 발전, 변화, 한계를 고찰하고, 동아시아 질서의 구조적 변화를 이해"
2학년,2학기,1전선,HAAA9231,역사콘텐츠전공,서양중세사,3,3,오늘날 서양 문화의 모태가 되는 유럽 중세 문화의 발생과 발전을 살펴봄으로써 서양 문명의 기원과 특성을 이해한다.
2학년,2학기,1전선,HAAA9232,역사콘텐츠전공,디지털문화유산과인공지능,3,3,"디지털 문화유산에 대해 이해하고, 이를 통해 디지털 원형, 복원, 전시와 활용의 과정을 이해한다. 디지털 문화유산에 적용 가능한 인공지능의 기술을 이해하고 활용한다."
3학년,1학기,1전심,HAAA0010,역사콘텐츠전공,한국근세사,3,3,"이 과목에서는, 먼저 해방 이후의 한국 역사학계가 강조해 온 조선시대사의 발전상과 그 문화유산을 살펴봄으로써, 한국사가 중세에서 근대로 발전해 가는 과정을 이해하는데 중점을 둔다. 이를 토대로 하여 궁극적으로는, 근대를 향한 한국사의 발전이라는 이러한 역사관과 그에 입각한 조선시대의 역사상이, 근대국민국가의 형성이라는 특정한 역사적 맥락에서 진행된 근대 한국역사학의 조선시대사(근세사) 연구의 산물이라는 점을 사학사적/지성사적 맥락에서 함께 살핀다."
3학년,1학기,1전선,HAAA4201,역사콘텐츠전공,서양근대사,3,3,"절대왕정, 프랑스 대혁명, 산업혁명, 민족주의 등 근대 서양사의 주요 사건과 개념을 살펴보면서 근대 사회의 성립 과정을 탐구한다."
3학년,1학기,1전심,HAAA6008,역사콘텐츠전공,영상역사학워크샵(캡스톤디자인),3,3,"스토리텔링을 통해 개발한 소재를 어떻게 영상으로 담아서 콘텐츠를 만드는지, 전 과정을 이해한다."
3학년,1학기,1전선,HAAA6024,역사콘텐츠전공,일본전통문화의이해,3,3,"노, 가부키, 스모 등 일본의 대표적 전통 문화를 다양하게 분석하고 이러한 전통 문화가 현대 일본의 대중문화와 일본인의 의식구조와 어떠한 연계성을 가지고 있는지 고찰한다."
3학년,1학기,1전선,HAFU0013,역사콘텐츠전공,역사스토리텔링,3,3,"역사적 사건이나 인물, 관련 문화유산을 대상으로 스토리텔링을 통해 다양한 역사콘텐츠로 활용하는 방안을 탐구한다. 이를 위해 스토리텔링 이론을 학습하고, 기존 역사 스토리텔링의 사례를 분석하여, 역사학의 연구성과를 대중들에게 널리 알리기 위한 스토리텔링 방안을 연구한다."
3학년,2학기,1전선,HAAA0009,역사콘텐츠전공,한국근대사,3,3,한국 근대의 역사에 담긴 스토리들과 그것이 담긴 문화유산들을 이해한다.
3학년,2학기,1전심,HAAA0013,역사콘텐츠전공,한국대외관계사의재조명,3,3,"이 과목은 한국사에서의 역대 왕조들과 그 이웃들의 관계를 일국사적 시각을 넘어서 거시적으로 살피는 것을 목표로 하며, 특히 양란 이전의 조선전기(15-16세기)에 조선이 그 이웃들과 맺었던 역동적인 관계성을 동아시아적인 맥락에서 파악하기 위해 노력한다. 또한 이러한 역사를 어떻게 지금의 현실에서 다양한 방법으로 유의미하게 활용할 수 있는가를 살핀다."
3학년,2학기,1전심,HAAA6012,역사콘텐츠전공,인물로보는일본사,3,3,"에도 막부, 메이지-다이쇼-쇼와까지 일본 근현대 시기를 중심으로, 막번 체제의 형성과 일본이 개국하는 과3정에서 정치적 변동, 메이지 유신과 문명개화 등을 통해 일본이 추구한 서구화 정책의 내용과 본질이 무엇인지 살펴본다."
3학년,2학기,1전심,HAAA6028,역사콘텐츠전공,서양현대사,3,3,"제국주의, 양차 세계대전, 러시아혁명, 대공황, 파시즘, 냉전 등 20세기 서양사의 주요사건과 개념을 살펴보면서 현대 서양사회의 형성과 변화 과정을 탐구한다."
3학년,2학기,1전선,HAAA9214,역사콘텐츠전공,박물관의이해와현장실습,3,3,"박물관의 역사와 기획전시, 유물관리, 사회적 기능 등 박물관 제도의 포괄적인 측면에 대해서 다룬다. 특히 학교주변의 박물관과 미술관을 탐방하여 현장 감각을 익히고 이론적인 학습의 기반을 쌓는다."
3학년,2학기,1전선,HAAA9234,역사콘텐츠전공,중국도시문화와생활,3,3,"중국 도시 공간이 만들어낸 인간 생활의 흔적을 역사적으로 이해하고, 한·중 간 상호 이해와 공감 능력을 향상시킨다."
4학년,1학기,1전선,HAAA6026,역사콘텐츠전공,한국현대사,3,3,한국 현대의 역사에 담긴 여러 이야기들과 그것에 담긴 문화유산들을 이해한다.
4학년,1학기,1전심,HAAA9006,역사콘텐츠전공,동아시아속의한일관계사,3,3,고대부터 현대에 이르기까지 한일관계에 있어서 주요한 쟁점이 되고 있는 주제를 살펴봄으로써 한일관계의 역사적인 진실을 이해하고 한일관계사에 대한 정확한 지식을 습득한다.
4학년,1학기,1전심,HAAA9221,역사콘텐츠전공,서울의역사와문화유산,3,3,"이 과목은 우리의 일상적 삶의 시공간적 무대가 되고 있는 서울의 지역사회가 여전히 품고 있는 역사적/문화적 유산을 구체적으로 이해하는 것을 목표로 하며, 주로 서울에 많이 남아 있는 조선시대와 근대의 문화유산과 그것에 반영되어 있는 당대의 역사적 맥락을 중점적으로 살펴본다."
4학년,1학기,1전선,HAAA9223,역사콘텐츠전공,서양사의이해,3,3,서양사 연구의 주요 쟁점을 선정해서 이 쟁점에 관한 학계의 연구와 논쟁을 탐구함으로써 서양사 이해도를 높인다.
4학년,2학기,1전선,HAAA9211,역사콘텐츠전공,한국사특강,3,3,오늘날 한국사회의 주요 쟁점에 대해 역사적 관점에서 집중 탐구함으로써 보다 실질적인 차원에서 한국의 현실을 이해하고 미래를 전망한다.
4학년,2학기,1전심,HAAA9222,역사콘텐츠전공,현대중국의이해,3,3,오늘날 중국의 주요 쟁점에 대해 집중 탐구함으로써 보다 실질적인 차원에서 중국의 현실을 이해하고 미래를 전망한다.
1학년,1학기,1전선,HAAQ0001,지적재산권전공,법학개론,3,3,"이 과정은 모든 법률과정의 기초가 되는 수업이다. 특히 지적재산권법은 다양한 법과 관련이 있는데, 예컨대 저작권이 침해되었을 때는 권리자가 민사적인 절차 혹은 형사적인 절차를 거쳐 구제를 받을 수 있다. 이 수업을 통하여 학생들은 지적재산권문제가 다른 많은 기초법들과 유기적인 관계를 갖는지를 배우도록 한다."
1학년,2학기,1전선,HAAQ9223,지적재산권전공,민법총칙,3,3,"모든 법학 공부의 기초가 되는 강좌로서 법원, 민법의 기본원리. 권리와 의무, 권리의 주체와 객체, 법률행위, 대리, 기간 및 소멸시효 등 민법 전반에 걸쳐 공통적으로 적용되는 원리나 제도 등을 학습한다."
1학년,2학기,1전선,HAAQ9237,지적재산권전공,상법총론,3,3,"본 강좌는 상법의 기본적인 제도와 원리를 체계적으로 이해하는 것을 주된 목적으로 한다. 본 강좌에서는 이를 위하여 상법의 개념, 법원, 특색, 이념 등 상법과 관련된 일반 이론을 설명하고, 그밖에 상인, 상업사용인, 상호, 상업장부, 상업등기, 영업양도, 그리고 대리상, 중개업, 위탁매매업, 운송업, 리스, 팩토링, 프랜차이즈 등의 상행위와 그 주요한 내용을 강의한다."
2학년,1학기,1전선,HAAQ0009,지적재산권전공,형사법,3,3,"본 과목은 형사상의 범죄와 형벌에 대한 기본적 이해를 목적으로 하며 형사법의 개념, 기능 등의 형사법의 일반적 이론을 검토하고 형법상의 범죄에 대한 구성요건과 그에 대한 형벌의 내용을 교육한다."
2학년,1학기,1전선,HAAQ0044,지적재산권전공,저작권법1,3,3,"본 과목에서는 저작권제도의 역사, 의의 및 기본적인 원리를 살펴보고 저작인격권, 저작재산권에 대한 상세한 이해와 저작권의 목적인 문화창달을 위한 저작재산권의 제한 부분을 공부한다."
2학년,1학기,1전선,HAAQ9213,지적재산권전공,지적재산권개론,3,3,"지식재산은 예전과는 달리 국가의 미래를 좌우하는 핵심 요소이며 국가의 산업 발전을 위한 신성장동력이다. 미국, EU, 일본을 비롯한 선진국들은 지적재산권의 강화를 지속하고 있고 이를 통해 지적재산권 관련 산업을 발전시키기 위한 노력을 경주해 오고 있으며, 한미 FTA를 비롯하여 EU, 중국 등과의 자유무역협정이 이루어지거나 활발하게 논의되어 왔는데, 여기에서 핵심적인 논의 중 하나가 지적재산권이다. 더욱이 지적재산은 예전보다 우리의 생활에 가까이 있고 누구나 쉽게 특허, 실용신안, 저작권 등의 용어를 볼 수 있게 되었다. 본 수업에서는 그 중 인터넷상에서 문제될 수 있는 지적재산권의 내용에 대해 배우도록 한다."
2학년,1학기,1전선,HAAQ9227,지적재산권전공,물권법총론,3,3,"물권법 학습의 기초가 되는 물권의 본질, 효력, 종류와 법률행위에 의한 물권변동 및 법률의 규정에 의한 물권변동 등을 살펴본다."
2학년,1학기,1전선,HAAQ9239,지적재산권전공,회사법1,3,3,"본 강좌에서는 회사와 관련된 법률문제를 중심으로 하여 회사의 의의 및 종류, 회사의 성질, 주식회사의 3요소, 모든 회사에 적용되는 회사의 합병과 해산명령 등의 제도를 살펴보고 회사법에 대한 전반적 인 이해를 도모하는 것을 목적으로 한다. 그리고 본 강좌에서는 합명회사, 합자회사, 주식회사, 유한회 사 등 상법상 회사의 종류를 개관하고 그 내용을 고찰하며, 상법에서 규정하고 있는 회사의 조직, 설립 절차, 기관의 구조, 주주 기타 사원의 책임, 회사채권자의 보호 등을 강의한다."
2학년,2학기,1전선,HAAQ0037,지적재산권전공,저작권법2,3,3,"저작권법I에서 배운 기초지식을 가지고 저작인접권 (실연자, 음반사업자, 방송사업자)의 내용을 이해하고, 영상저작물 특례, 데이터베이스 특례, 컴퓨터프로그램의 특례 및 저작권 침해 구제방법을 공부한다."
2학년,2학기,1전선,HAAQ0043,지적재산권전공,특허법1,3,3,"기술개발과정과 개발된 기술의 사업화 과정을 통해 특허법을 중심으로 지식재산권 체계 전반을 이해하고, 선행기술조사 및 명세서작성 실무를 체득함."
2학년,2학기,1전선,HAAQ9214,지적재산권전공,상표법,3,3,"본 과목에서는 상표권 획득 방법, 상표의 대상, 트레이드 드레스의 보호, 희석화이론, 상표권 침해와 상표권의 이용허락 등 상표에 관련된 모든 것을 이해할 할 수 있도록 한다."
2학년,2학기,1전선,HAAQ9225,지적재산권전공,전공영어,2,2,이 수업을 통하여 영어로 지적재산권법을 배울 기회를 가진다. 이를 통하여 학생들은 지적재산권법과 영어라는 두 가지 부분에서 역량을 키울 수 있다.
2학년,2학기,1전선,HAAQ9228,지적재산권전공,물권법각론,3,3,"물권법총론을 기초로 하여, 점유권, 소유권, 용익물권인 지상권, 지역권, 전세권, 담보물권인 유치권, 질권, 저당권의 의의, 내용, 효력 등을 학습한다."
2학년,2학기,1전선,HAAQ9240,지적재산권전공,회사법2,3,3,"본 강좌는 회사법 1의 수업 내용을 기초로 하여 주식회사를 중심으로 진행된다. 구체적으로 ⅰ) 주식회사의 기관과 관련하여 주주총회, 이사회, 대표이사, 감사 등을 살펴보고, ⅱ) 주식회사의 자본금과 관련 하여 유상증자, 신주발행, 자본금감소 등에 관하여 고찰하는 것을 목적으로 한다. 또한 본 강좌에서는  ⅲ) 주식회사의 회계와 관련하여 준비금, 준비금의 자본전입, 사채 등을 살펴보고, 그밖에 ⅳ) 회사의 조직변경과 관련하여 회사의 합병, 회사의 분할, 주식의 교환 및 이전 등을 고찰하는 것을 목적으로 한다."
2학년,2학기,1전선,HAFU0021,지적재산권전공,게임과저작권,3,3,이 강의에서 학생들은 게임 제작과 유통과정에서 문제될 수 있는 저작권에 대해 이해한다.
3학년,1학기,1전심,HAAQ0015,지적재산권전공,국제저작권법,3,3,이 수업은 국제저작권법의 이해를 돕는다. 저작권법은 국제법적인 성격을 가지고 있으므로 국내저작권법의 기초를 이해시키는 수업이 되도록 한다.
3학년,1학기,1전심,HAAQ0032,지적재산권전공,저작권침해와구제,3,3,과거 저작권 침해가 일어난 사례를 통해 학습하며 저작권 침해에 의한 배상과 공정이용 등에 의한 법적인 저작권 구제에 대하여 공부한다.
3학년,1학기,1전선,HAAQ0040,지적재산권전공,특허법2,3,3,"사례 중심으로 특허법의 여러 쟁점을 심화학습하고, 특허권에 기초한 사업계획서를 작성하면서 아이디어 사업화 실무를 체득함."
3학년,1학기,1전심,HAAQ9230,지적재산권전공,채권법총론,3,3,"채권의 본질, 내용, 목적 및 채권의 효력으로서의 채무불이행과 그 효과, 책임재산 보전제도 등을 살펴보고 각종 채권의 소멸, 다수당사자의 채권관계, 채권양도, 채무인수 등 채권관계 전반에 걸친 공통적 내용을 학습한다."
3학년,1학기,1전심,HAAQ9241,지적재산권전공,어음수표법,3,3,"본 강좌는 전형적인 유가증권인 어음 및 수표와 관련된 법률문제를 다루는 강의로서, 유가증권의 의의와 종류 및 성질 등을 살펴보는 것을 목적으로 하고, 그밖에 환어음, 약속어음, 수표 등에 관하여 백지어음, 무권대리, 위조와 변조, 선의취득, 항변 등의 법리와 각종 증권의 발행, 배서, 인수 등의 법률관계를 고찰하는 것을 목적으로 한다."
3학년,1학기,1전선,HAFU0013,지적재산권전공,역사스토리텔링,3,3,"역사적 사건이나 인물, 관련 문화유산을 대상으로 스토리텔링을 통해 다양한 역사콘텐츠로 활용하는 방안을 탐구한다. 이를 위해 스토리텔링 이론을 학습하고, 기존 역사 스토리텔링의 사례를 분석하여, 역사학의 연구성과를 대중들에게 널리 알리기 위한 스토리텔링 방안을 연구한다."
3학년,2학기,1전심,HAAQ9216,지적재산권전공,콘텐츠와법,3,3,"콘텐츠의 사회경제적 가치가 증가하므로 콘텐츠산업을 차세대 성장 동력으로 인식되고 있다. 이러한 현 상황에서 콘텐츠와 관련된 법률들을 공부할 필요가 있다. 본 수업에서는 저작권법, 게임산업진흥에 관한 법률, 영화에 관련된 법률 등을 공부하고자 한다."
3학년,2학기,1전심,HAAQ9217,지적재산권전공,콘텐츠계약론,3,3,"콘텐츠의 양도, 이용허락 등 라이선스계약에 관한 이론과 실무지식을 습득한다."
3학년,2학기,1전선,HAAQ9231,지적재산권전공,음악저작물과저작권법,3,3,"현대사회에서 필수적인 콘텐츠인 대중음악의 변화를 이해하고, 음악저작물의 저작권 및 저작인접권의 생성 및 음악저작물 및 저작인접권에 대한 소송을 이해하며, 어떤 논리에 의하여 이루어졌는지 이해하고자 한다."
3학년,2학기,1전선,HAAQ9232,지적재산권전공,채권법각론,3,3,"일반적인 채권의 발생원인과 계약의 일반적 이론을 고찰하고, 매매, 증여, 임대차, 위임, 도급 등 민법상 규정된 각종 계약의 성립요건과 효력을 구체적으로 살펴보고 법정채권관계인 사무관리, 부당이득, 불법행위를 학습한다."
3학년,2학기,1전심,HAAQ9242,지적재산권전공,보험해상법,3,3,"본 강좌에서는 보험편에서 보험법의 이념, 손해보험과 인보험의 법률관계 특히 고지의무, 보험증권, 보험사고, 보험료, 보험금 등을 살펴보고 보험법에 대한 이해를 도모하는 것을 목적으로 한다. 그리고 본 강좌에서는 해상편에서 선박충돌, 해난구조, 선박우선특권, 선박소유자의 책임제한 및 운송인의 손해배상책임 등을 고찰하여 해상법에 관한 이해를 도모하는 것을 목적으로 한다."
4학년,1학기,1전심,HAAQ0005,지적재산권전공,민사소송법,3,3,"사권을 보호하는 민법에서 배운 권리가 법원에서는 어떤 절차에 따라 보호되는지를 이해하기 위하여 민사소송제도의 일반원칙, 소송의 주체인 법원과 당사자, 그리고 소에 관하여 살펴보고, 이를 기초로 소의 제기로부터 소송심리로 이어지는 소송절차를 구체적으로 강의한다."
4학년,1학기,1전선,HAAQ9246,지적재산권전공,친족상속법,2,2,"기본적인 친족관계를 구성하기 위한 가족제도, 혼인, 이혼, 친자관계, 입양제도, 친권, 후견, 친족회 및 부양제도 등을 고찰하고, 상속제도로서의 호주승계, 재산상속, 유언 등에 관하여 구체적으로 살펴 본다."
4학년,2학기,1전선,HAAQ0030,지적재산권전공,지적재산권연습,3,3,이 수업은 학생들이 다양한 저작권 사례들의 연구를 통하여 소송에 대한 전략을 배울 수 있도록 한다. 또한 배운 사례들을 실무에서도 잘 활용할 수 있도록 한다.
4학년,2학기,1전심,HAAQ9236,지적재산권전공,민법연습,2,2,"물권법과 채권법을 망라한 민법의 실제 사례에 대한 분석을 통하여, 민법의 일반적 이론과 법리를 실용적으로 응용할 수 있는 능력을 배양하고 대법원의 민사 판결에 대한 분석 능력을 제고하여 민법 전반에 대한 이해력을 향상시키는 것을 목적으로 한다."
전체학년,하계 특별학기(A),1전선,HATB0034,지적재산권전공,법학개론(특별),3,3,
1학년,1학기,1전선,HAAH0005,문헌정보학전공,정보통신기술론,3,3,"우리는 정보기술에 의지하고 있고 정보기술에 의해 변화되어지고 있다. 이 과목은 정보기술의 기본적인 개념과 응용을 소개한다. 또한 개인과 사회에 미치는 영향에 대해서도 살펴본다. 이 과목의 주요 내용은 정보 기술의 기본 개념, 네트워크, 데이터베이스, 보안 그리고 웹 기술을 포함한다."
1학년,1학기,1전선,HAFA0003,문헌정보학전공,문헌정보학의 이해,3,3,문헌정보학 전공자에게 필요한 기초 지식을 함양한다. 이를 위하여 도서관을 비롯한 지식정보 환경을 이해하고 정보전문직 사서가 갖추어야 할 전문 지식과 기술 및 서비스 등에 대하여 공부한다.
1학년,2학기,1전선,HAAH1021,문헌정보학전공,정보문화사,3,3,"고대로부터 현대에 이르기까지 정보매체, 도서관, 정보자료, 정보의 조직과 전달에 관하여 학습하고 도서관의 기능과 역할을 사회문화적 기술적 측면에서 다룸으로써 문헌정보학의 기초적 지식배경을 갖도록 한다."
1학년,2학기,1전선,HAAH1132,문헌정보학전공,정보자료분류법,3,3,"문헌분류법의 심층 교과목으로서 KDC, DDC등의 분류연습을 통하여 각종 문헌의 실제적인 정리 능력을 제고한다."
1학년,2학기,1전선,HAAH2182,문헌정보학전공,정보서비스론,3,3,"참고 정보봉사 업무의 목적과 기능 및 필요한 제반기술에 관한 일반원칙을 이해하고, 이를 바탕으로 참고자료의 선택과 이용, 정보서비스 운영 및 평가에 대한 실제적 능력을 기른다."
2학년,1학기,1전선,HAAA9228,문헌정보학전공,데이터리터러시기초,2,2,"본 과목은 디지털 시대에 생성되는 방대한 정보 활용을 위한 이론 및 기술을 익힌다. 페이스북, 인스타그램 등 다양한 소셜미디어 채널에 대한 이해와 디지털 정보 기반 디지털 마케팅, 정보 유통, 고객 소통 등에 대해서 배운다."
2학년,1학기,1전선,HAAA9235,문헌정보학전공,디지털리터러시,3,3,"이 교과목은 디지털 기술의 활용과 정보와 메시지의 비판적 평가 역량을 강화하는데 목적을 둔다. 구체적으로, 정보리터러시, 디지털리터러시, 디지털 시민의식, 가짜정보와 거짓정보, 미디어 크리에이터, 미디어 이용자에 대하여 학습하며, 나아가 디지털리터러시 교육전문가로써 교육 프로그램 기획 및 운영 방법을 탐구한다."
2학년,1학기,1전선,HAAH0007,문헌정보학전공,정보시스템분석과설계,3,3,"정보시스템과 관련하여 정보서비스를 제공하기 위한 이론과 기술을 배운다. 정보시스템의 기능적 요소의 하나인 인터페이스 평가 및 분석, 이용자 요구 분석, 시스템 평가 등을 통해 현재 정보시스템을 분석하고 데이터베이스 모델링 및 인터페이스 디자인 원칙을 적용하여 정보시스템 설계를 다룬다."
2학년,1학기,1전선,HAAH6002,문헌정보학전공,정보자원개발,3,3,"도서관 장서구성에 관한 이론과 실제를 다룬다. 적시에 적자에게 적절한 정보를 제공하는데 필요한 이용자 연구, 자료의 선택 및 평가, 출판과 유통, 장서의 보존 및 폐기, 자원의 공유 등을 공부하여 장서개발자로서의 문제해결 능력을 제고한다."
2학년,1학기,1전선,HAAH6006,문헌정보학전공,주제별정보원,2,2,"학분분야별 특성을 이해하고, 분야별 참고정보원에 대한 전문 지식을 습득케 하여 학생들로 하여금 커뮤니케이션에 대한 이해 증진과 함께 서지적 지식을 갖추도록 한다."
2학년,1학기,1교직,HATT0010,문헌정보학전공,교육학개론,2,2,교육의 제 원리와 그 실제에 대한 학문적 이해를 통해 앞으로의 교직과목 이수에 요구되는 교육학적 지식의 기초를 마련한다. 현대 교육학의 기본 개념과 이론적 구상들을 통해 교육의 목적과 의미를 개관한다.
2학년,1학기,1교직,HATT0040,문헌정보학전공,교육사회,2,2,"교육사회학은 교육이란 활동을 사회라는 거대한 조직과 연결하여 교육현장에서 활용할 수 있는 사회학적 지식을 체계화 한 것이란 관점에서, 교육의 사회적 기능 및 사회?문화간의 관계를 기존의 이론적 틀 속에서 규명하여 새로운 교육의 미래를 진단한다."
2학년,1학기,1교직,HATT0212,문헌정보학전공,디지털교육,1,1,"본 강의는 시대에 부합하는 인재 양성 및 교육의 효과성 제고를 위해 예비교사의 AI?디지털 교육에 대한 이해 및 실천 역량을 키우는 것을 목적으로 한다. 본 강의는 AI?디지털에 대한 개념과 원리를 다루고, AI?디지털 기술의 올바른 사용과 윤리적 실천에 대한 비판적 관점과 논의를 진행한다. 학습자들은 예비교사로서 AI?디지털 융합 및 활용 교육의 개념을 이해하고 관련 사례를 접함으로써 교육 현장에서의 AI?디지털 기술을 효과적으로 활용할 수 있는 기초 소양을 기른다."
2학년,2학기,1전선,HAAH0008,문헌정보학전공,도서관콘텐츠제작,3,3,"개인, 단체, 사회는 엄청난 양의 디지털 정보/컨텐츠를 생성하고 있다. 이 과목은 디지털 컨텐츠와 관련된 기본 개념 및 원칙, 관련 업무 프로세스에 대하여 이해하고 디지털 컨텐츠의 생성, 보존, 관리 등에 대해서 배운다."
2학년,2학기,1전선,HAAH2151,문헌정보학전공,자동화목록법실습,3,3,"도서관 자료의 목록을 작성하는 규칙의 생성과정?발전과정?표준 목록작성법을 배우고, 한국문헌자동화규칙(KORMARC)에 의거한 인쇄매체와 전자매체 등을 포함한 모든 자료의 목록법을 자동화된 목록법 프로그램을 통하여 실습한다."
2학년,2학기,1전선,HAAH6005,문헌정보학전공,도서관·정보센터경영론,3,3,도서관 및 정보센터 경영에 관한 이론과 원칙들에 대한 탐구를 통하여 향후 도서관 전문 사서로서 도서관 경영에 필요한 기초 지식과 자질을 함양한다.
2학년,2학기,1전선,HAAH6011,문헌정보학전공,데이터베이스구축,3,3,"데이터베이스에 관한 주요 개념들을 이론적으로 살펴보고, 실습을 통하여 정보시스템의 분석 및 설계에 관한 전문 지식을 습득하도록 한다."
2학년,2학기,1교직,HATT0002,문헌정보학전공,교육과정,2,2,"교육과정의 개념, 이론, 유형, 변천사, 그리고 최근의 교육과정 쟁점 등을 탐구하고, 교육과정 문해력을 함양하며, 교육과정을 편성, 재구성 및 개발하고 운영할 수 있는 능력을 배양한다."
2학년,2학기,1교직,HATT0020,문헌정보학전공,교육심리,2,2,"가르치고 배우는 과정과 관련된 인간의 심리를 체계적으로 이해하고, 교육현장에서 만나는 학생들의 심리적 특성을 탐구한다."
2학년,2학기,1교직,HATT0030,문헌정보학전공,교육철학및교육사,2,2,교육이론의 기저를 형성하는 상이한 인간이해 및 주요한 철학적 관점을 소개하면서 교육의 본질과 목적 그리고 교육적 가치의 역사?문화적 요인들을 논의한다. 다양한 교육사상가와 교육철학을 비교?평가함으로써 교육의 기본적인 문제점들과 그에 대한 해결방안을 모색하며 그에 따른 교육의 이론과 철학의 동향을 연구한다.
2학년,2학기,1교직,HATT0104,문헌정보학전공,교직실무,2,2,교직에 대한 이해를 높이고 교사의 실질적 업무를 개괄함으로써 바람직한 교사가 되기 위한 소양을 기른다. 1. 교사의 삶과 교직에 대한 자신의 견해를 확인하며 왜 교사가 되고자 하는지를 숙고한다. 2. 교사의 다양한 업무에 대해 실질적으로 이해한다.
2학년,2학기,1교직,HATT0200,문헌정보학전공,교육봉사활동1,1,2,"초중등 학생들의 학습지도 등을 통하여 현장에서 학생들과 상호작용하는 경험을 쌓고, 예비교사로서 인성과 자질을 함양한다."
2학년,2학기,1교직,HATT0206,문헌정보학전공,교육봉사활동2,1,2,"예비교사로서 학생들과 실질적인 교류를 경험하고, 이것을 통해 교직에 관한 마음가짐을 새롭게 한다."
3학년,1학기,1전심,HAAH0002,문헌정보학전공,미디어센터운영,3,3,"학교도서관의 운영과 조직, 자료관리, 도서관 이용자 서비스 등 초?중?고등학교의 자료실, 도서관 등의 교육자료봉사의 제문제에 관한 이론과 실제를 교육하여 전문적 사서로서의 발전적인 역할수행을 하도록 한다."
3학년,1학기,1전심,HAAH2192,문헌정보학전공,공공도서관 경영,3,3,"지역사회 정보서비스 기관인 공공도서관의 기능과 목적, 법적 및 정책적 기반, 경영 관리 및 평가 등에 대한 탐구를 통하여 공공도서관 사서에게 요구되는 공중에 대한 정보서비스 마인드를 제고한다."
3학년,1학기,1전선,HAAH3221,문헌정보학전공,온라인정보검색,3,3,"각종 온라인 정보검색시스템을 이해하고, 검색에 관한 이론적 양상을 텍스트 데이터베이스를 중심으로 학습하며, 상용 온라인 시스템을 사용하여 탐색과 평가에 대한 실제적 경험을 함으로써 장차 검색전문가 및 서비스 운영자로서의 기초능력을 기른다."
3학년,1학기,1전선,HAAH3302,문헌정보학전공,디지털도서관과IT,3,3,"디지털도서관 구축에 필요한 기초적인 이론과 실제사례를 공부하고, 디지털 도서관 구축에 필요한 콘텐츠의 구성방법, 디지털 매체의 죽적 및 변환, 검색, 보존과 저작권법에 관한 제반 사항을 배움으로써 디지털도서관을 운영하는 미래의 사서로서의 자질을 함양한다."
3학년,1학기,1전심,HAAH9211,문헌정보학전공,의료정보이해및활용,3,3,"이 교과목에서는 의학사서로서의 자질을 함양하기 위하여, 기초 의학용어를 학습하고, 의학문헌색인 도구인 MeSH의 이론과 실제를 탐구하고자 한다."
3학년,1학기,1전심,HAAH9223,문헌정보학전공,콘텐츠기획및마케팅,3,3,"본 수업은 도서관 및 정보센터에서 운영하는 콘텐츠 및 프로그램 기획 및 마케팅과 관련한 이론을 학습하고, 이를 바탕으로 현장에서 유용하게 쓰일 수 있는 서비스, 콘텐츠, 프로그램 기획 기술을 습득한다."
3학년,1학기,1전심,HAAH9224,문헌정보학전공,소셜미디어데이터수집및분석,3,3,"본 과목은 소셜 미디어 데이터가 무엇인지, 그리고 소셜 미디어를 수집, 정리 및 분석하는 기술에 대해서 배운다. 소셜미디어 수집 및 분석에 대해서 이론적 그리고 기술적 접근을 시도한다. 특히 소셜 미디어를 이용한 문제 해결을 배우게 된다."
3학년,1학기,1교직,HATT0003,문헌정보학전공,교육평가,2,2,"교육평가에 관련된 검사문항 제작법, 검사의 양호도를 의미하는 타당도, 신뢰도, 객관도, 실용도, 문항의 난이도, 변별도 등에 관련된 이론을 살펴보고 이들 교육평가 분야에서의 최근 연구 동향을 파악하여 교육현장에서 효율적으로 활용할 수 있도록 한다."
3학년,1학기,1교직,HATT0090,문헌정보학전공,교육행정및교육경영,2,2,"교육행정 전반에 걸친 주요개념 및 이론들을 탐색하고 각 개념 및 이론들이 어떻게 교육현장에서 구현되고 있는지 이해한다. 교육조직, 직무동기, 교육리더십, 의사소통 및 의사결정, 인사행정, 재정, 장학, 학교 및 학급경영 등 교육행정 주요영역별 이론들을 실제적 적용 관점에서 탐구한다."
3학년,1학기,1교직,HATT0103,문헌정보학전공,특수교육학개론,2,2,"본 교과는 일반교육 예비교사를 대상으로 특수교육 대상자에 대한 이해, 특수교육과정, 장애영역별 특성 및 교수-학습 방법, 통합교육, 장애인을 위한 제반 서비스 지원과 관련된 사항을 교육함으로써 장애학생 통합 상황에서 교사로써의 역할을 준비하기 위한 과목이다."
3학년,1학기,1교직,HATT0200,문헌정보학전공,교육봉사활동1,1,2,"초중등 학생들의 학습지도 등을 통하여 현장에서 학생들과 상호작용하는 경험을 쌓고, 예비교사로서 인성과 자질을 함양한다."
3학년,1학기,1교직,HATT0206,문헌정보학전공,교육봉사활동2,1,2,"예비교사로서 학생들과 실질적인 교류를 경험하고, 이것을 통해 교직에 관한 마음가짐을 새롭게 한다."
3학년,1학기,1교직,HATT0210,문헌정보학전공,학교폭력예방및학생의이해,2,2,"중등 교육현장에서 생활지도의 주요한 쟁점이 되는 학교폭력을 효과적으로 다룰 수 있는 역량을 갖추기 위하여, 학교폭력의 구조, 유형, 원인, 위험요인 전반에 대한 이론적 이해와 더불어 학교폭력 예방 및 대처를 위한 다양하고 실제적인 접근을 다룬다."
3학년,2학기,1전선,HAAA9227,문헌정보학전공,문헌정보학세미나,3,3,문헌정보학 분야의 주요 이슈들에 대하여 논의하고 연구방법론에 대한 지식 배양을 통하여 개인별 과제에 대한 문제해결능력을 제고한다.
3학년,2학기,1전선,HAAA9229,문헌정보학전공,디지털데이터분석기초,3,3,"본 과목에서는 다양한 형태의 데이터 수집, 분석, 활용을 위한 기본적인 개념을 배운다. 또한 데이터 수집 방법, 데이터 정제 도구, 데이터 분석 방법 및 데이터 시각화 도구 등을 배운다."
3학년,2학기,1전심,HAAH6008,문헌정보학전공,독서지도,3,3,"독서의 개념 형성에 필요한 독서이론을 독서능력과 독서흥미의 발달단계에 따라 배우고, 수준에 맞는 개별 또는 집단별, 주제별, 학교급별 등의 다양한 독서교육 방법과 학교급별에서의 정보이용과 정보활용능력 교육과정을 실제로 구안해 본다."
3학년,2학기,1전선,HAAH9225,문헌정보학전공,데이터시각화(캡스톤디자인),3,3,"이 교과목은 빅데이터 시대의 정보를 보호하기 위하여 관리적, 물리적, 기술적 정보보안을 다룬다."
3학년,2학기,1교직,HATT0056,문헌정보학전공,생활지도및상담,2,2,"청소년들의 전인적 발달과 정신건강을 돕기 위한 생활지도의 다양한 접근을 이해하고, 실제 학교 현장에서 활용할 수 있는 생활지도 방법을 학습한다."
3학년,2학기,1교직,HATT0070,문헌정보학전공,교육방법및교육공학,2,2,"교육공학과 관련한 기초적인 교수-학습이론 및 교수설계이론들을 탐구해 보고, 교사로서 혹은 교수설계자로서 효과적인 교수-학습환경을 설계 및 적용할 수 있는 능력을 배양시키고자 한다. 본 교과에서는 다양한 교수설계모형에 따라 실제 수업을 설계해보고, 학교교육뿐만 아니라 기업교육 등 다양한 맥락에서 교육공학을 활용할 수 있는 역량을 갖추도록 한다."
4학년,1학기,1전심,HAAH0009,문헌정보학전공,메타데이터이해및ICT활용(캡스톤디자인),2,2,"정보를 조직하는 방법의 기본 요소인 메타데이터의 이해를 위해 메타정보의 생성, 관리 및 이용에 대한 기본적인 개념을 이해한다. 또한 최신 개발되고 있는 메타데이터에 대한 동향을 살피고, 메타데이터의 유형과 유형에 따른 인코딩기법과 특징, 개발사례, 구현 방식 등에 대해 실습으로 익힌다. XML, RDF, OWL 등 시맨틱 웹 언어를 통해 직접 메타데이터를 구현한다."
4학년,1학기,1전선,HAFU0020,문헌정보학전공,라키비움의이해,3,3,"기록 관리의 사회·문화적 중요성에 대한 인식을 바탕으로, 기록물의 평가, 입수, 인증, 보존, 접근점 제공 등 기록관리 분야의 이론, 실제, 현안에 대하여 학습하여, 향후 기록관리 전문가로 진출하였을 때 필요한 기본 지식과 태도를 갖출 수 있도록 한다."
4학년,1학기,1교직,HATT0100,문헌정보학전공,학교현장실습,2,2,예비로사로서 수양과 덕목을 쌓는 기회를 만든다.
4학년,2학기,1전선,HAAH0010,문헌정보학전공,기록관리,3,3,"기록 관리의 사회?문화적 중요성에 대한 인식을 바탕으로, 기록물의 평가, 입수, 인증, 보존, 접근점 제공 등 기록관리 분야의 이론, 실제, 현안에 대하여 학습하여, 향후 기록관리 전문가로 진출하였을 때 필요한 기본 지식과 태도를 갖출 수 있도록 한다."
4학년,2학기,1전선,HAAH9001,문헌정보학전공,도서관과저작권,3,3,"저작권의 특징과 내용, 권리 범위 등에 대하여 살펴보고, 특히 디지털 정보환경에서 논란이 되고 있는 디지털 저작권의 권리 범위와 문제점, 개선 방안 등에 대하여 논의한다."
4학년,2학기,1교직,HATT0100,문헌정보학전공,학교현장실습,2,2,예비로사로서 수양과 덕목을 쌓는 기회를 만든다.
4학년,2학기,1교직,HATT0211,문헌정보학전공,교직과미래교사,2,2,"이 과목은 교직과 교사의 개념, 교직의 전문성과 개발, 교사의 역할과 책임, 교사의 양성과 발달 프로그램, 교사의 인간관계와 교직 수행에 미치는 영향 등을 두루 살펴보고, 특히 급변하는 교직환경 속에서 교사로서의 진로 목표를 이해하고 가다듬고자 한다."
3학년,2학기,1전선,HARF0001,인문사회과학대학,취업과창업(인문사회),1,1,"전공과정 3학년 학생을 대상으로 취, 창업 트렌드와 최신 정보 제공, 취업 선배 현직자 및 전문가 특강, 직업 선호도 검사, 자기소개서 작성 지도 및 면접스킬 특강 등을 통해 졸업 후 진로 설정에 도움을 주며, 취·창업 전략을 수립, 설계하고 준비할 수 있도록 한다."
1학년,1학기,1전선,HASP0001,공간환경학부,환경과주택의이해,3,3,자연환경 및 사회환경 등 다양한 환경과 주거의 관계를 파악하고 환경의 관점에서 주거공간계획을 이해하고 사례를 분석한다.
1학년,1학기,1전선,HASP0003,공간환경학부,글로컬시대국토의이해,3,3,"글로컬시대 국토의 이해는 우리나라의 자연?인문 환경을 폭넓게 이해하는 것에 목표를 두고 있으며, 계통적이며, 지역분석적 접근방법을 병용한다."
1학년,1학기,1전선,HASP0012,공간환경학부,환경과공간정보의이해,3,3,"인간 삶의 공간은 자연과 인문을 포괄하는 여러 물리적 환경으로 구성되고, 인간과 환경은 다양한 상호작용으로 연결된다. 본 교과목은 현실 세계 자연환경과 인문환경 개관을 다루며, 인간-환경 간 상호작용의 분석 및 이해를 위한 공간정보 유형 및 특성을 소개한다."
1학년,2학기,1전선,HAFU0027,공간환경학부,신흥시장론,3,3,"개발도상국 중에 급속한 경제발전을 보이는 국가들이 증가했으며, 세계의 많은 국가들이 경쟁이 덜 치열하고 향후 성장 잠재력이 높은 이러한 신흥시장으로 눈을 돌리고 있다. 수출증진에 진력해야하는 우리나라의 미래는 중국, 러시아, 말레이-인도네시아, 베트남, 중남미, 아프리카 등 신흥시장에서 판가름날 것이다. 이 교과목에서는 신흥시장의 특성, 우리나라와의 경제교류현황 등 시장적 관점에서 신흥시장을 상세히 분석해 볼 것이다."
1학년,2학기,1전선,HASP0002,공간환경학부,도시와인문환경,3,3,"본 강좌는 도시 공간이 인간 활동에 어떻게 영향을 미치고 영향을 받는지 조사하면서 도시와 인간 환경 사이의 역동적인 관계를 탐구한다. 도시공간과 사회의 관계를 포함하여 도시와 인문환경에 관련된 주요 개념, 이론 및 실제 적용 사례에 대한 포괄적 이해를 얻는 것을 목적으로 한다."
1학년,2학기,1전선,HASP0005,공간환경학부,인구와공간환경,3,3,"고출산, 저출산ㆍ고령화, 1인 가구의 증가, 이주노동자ㆍ망명자, 인구압ㆍ자원배분문제 등 국내외로 인구에 관련된 문제들이 끊임없이 제기되고 우리 사회에 관련 정책들을 요구한다. 본 강좌는 인구에 관련된 문제들을 지리학적 관점에서 접근해 보고 해결책을 모색하고자 한다. 먼저 세계 인구 동향을 시공간적으로 파악하고 인구의 자연적 변화 요인인 출생과 사망(질병)을 이론적으로 접근한다. 나아가 성과 연령이라는 측면에서 인구의 구조를 파악하고 고출산과 저출산ㆍ고령화 문제를 논의한다. 또한 인구의 사회적 변화 요인인 이주에 관한 이론을 정리한다. 국제이주에서 주요 이슈인 이주노동자와 망명자(탈북자)를 고찰하고 관련 이주정책을 논의하고 국내이주에서 쟁점인 도시화와 교외화에 관해 토론한다. 끝으로 인구를 자원과 관련지어 자원 생산ㆍ소비ㆍ배분에 관한 논하고 자원을 둘러싼 분쟁에 관해 토론한다."
1학년,2학기,1전선,HASP0006,공간환경학부,한국주거공간의역사,3,3,"한국 전통주택의 주거관, 대표적인 한국 주택들의 공간과 구조, 주생활문화 등을 중심으로 한국주거의 물리적, 사회적 변화과정을 이해하고 미래 한국주거의 계획방향을 모색한다."
1학년,2학기,1전선,HAUS0001,공간환경학부,공간정보학개론,3,3,"지구, 국토, 도시에 대한 공간 정보를 효과적으로 입력, 처리, 관리하고 종합하여 의미 있는 정보를 제공하는 공간정보학을 이해하기 위한 교과목이다. 구체적으로 공간정보의 수집과 처리, 지적, GIS, 원격탐사 등 기본적인 공간정보의 처리 및 관리와 관계된 기법과 원리를 습득한다."
1학년,2학기,1전선,HAUS0002,공간환경학부,공간계획입문,3,3,"다양한 용도, 다양한 규모, 다양한 형태의 거주 공간 즉, 주거, 상업, 업무, 단독주택, 도시 단지 등의 공간을 계획하고 설계하기 위해 고려해야 하는 기본원칙, 과정, 디자인 요소, 디자인 원칙, 다양한 설계 개념, 설계 사례 등을 다루어 공간계획의 기초 능력을 습득한다."
2학년,1학기,1전선,HASP0007,공간환경학부,공간환경디자인,3,3,공간환경디자인의 개념을 파악하고 전반적인 디자인과정을 포함한 공간환경디자인의 이론습득과 구체적인 분석 및 디자인을 통해 체계적인 디자인능력을 배양한다.
2학년,1학기,1전선,HASP0008,공간환경학부,GIS이론과 실습,3,3,"다양한 형태의 대규모 공간자료를 효과적으로 입력, 처리, 분석하여 합리적인 공간적 의사결정을 지원하는 공간정보학의 주요 이론을 습득하고, 실습을 통해 공간정보 시스템을 이해하는 교과목이다. 구체적으로 공간정보를 컴퓨터 데이터베이스로 입력하여 공간 데이터베이스를 구축하는 방법과 공간자료 모형, 지도대수기능 등 공간정보의 이론과 실습을 겸비하여 활용하는 능력을 배양한다."
2학년,1학기,1전선,HASP0009,공간환경학부,관광과여가공간의이해,3,3,"관광이라는 '산업,' 관광지라는 '지역,' 관광객을 비롯한 관광매체에 포함된 '인간' 간의 관계를 종합적으로 이해하고, 관광과 밀접한 연관성을 갖는 여가의 특성을 공간적으로 파악하는 것을 목적으로 한다. 구체적으로 관광 유형에 따라 관광 목적지에서 이루어지는 관광행태 및 여가활동의 특성을 사례를 통해 살펴보며, 지역연구의 관점에서 관광의 발달사, 관광지의 형성과 쇠퇴, 지역개발에 있어 관광의 역할 등의 세부 주제도 함께 검토한다."
2학년,1학기,1전선,HASP0011,공간환경학부,공간환경복지,3,3,"인간의 기본 권리로서 주거권을 보장하기위하여 주거복지의 중요성을 이해하고 주거복지의 내용, 발달과정 및 주거복지 실현을 위한 전략 등을 학습한다."
2학년,1학기,1전선,HASP0017,공간환경학부,공간정보와자료분석,3,3,"공간정보와 자료분석은 다양한 공간정보의 획득과 구축 방법에 대해 알아보고, 이를 다양한 질적ㆍ양적인 분석법에 적용해 보는 과목이다."
2학년,1학기,1전선,HASP0022,공간환경학부,도시공간의이해,3,3,"현대문명은 도시문명이라 불릴 만큼 도시는 우리 생활에 중요하다. 본 강좌는 도시에 대해 지리학적으로 접근하여 보다 깊은 이해하려는 것을 목적으로 한다. 이를 위해 한국의 도시를 급속하게 변화하고 있는 하나의 체제로 규정하고 관련 학술논문을 읽고 토론하고자 한다. 구체적인 주제로 도시문화와 그 상품화, 각종 개발을 둘러싼 지역 간의 갈등, 도시경제와 혁신, 세계화에 따른 도시의 재편, 도시 내 권력관계 및 지배구조, 도시 내 사회계층별 차이, 도시 간 격차 등을 다룬다. 끝으로 도시에 대한 권리는 무엇이며 누구에게 주워져야 하는지 논의한다."
2학년,1학기,1전선,HASP0030,공간환경학부,오픈소스GIS활용,3,3,"오픈소스 기반 소프트웨어는 최근 들어 지리정보시스템, 원격탐사, 시각화, 공간통계 등 여러 분야에서 활용되고 있다. 본 과목은 수강생의 QGIS, GRASS GIS, R, Geoda 등 오픈소스 소프트웨어 이해 증진과 활용 능력의 배양을 목표로 한다."
2학년,1학기,1전선,HASP0053,공간환경학부,세계건축역사(문화),3,3,"인류가 구축했던 다양한 건축 공간들 중 고대 이집트부터 현대에 이르는 시기의 대표적인 건축공간들에 대해 살펴본다. 이 과정을 통해 건축 공간에 대한 이해의 폭을 넓히고, 자연, 사회, 문화, 예술, 인문학 뿐아니라  과학, 기술이 건축에 미치는 영향을 이해한다."
2학년,2학기,1전선,HAFU0028,공간환경학부,경제공간의이해,3,3,"경제지리학은 인간의 생계활동에 관한 지리학의 한 분야로서 그러한 활동의 입지패턴을 파악하고 그 형성요인과 과정을 밝히고자 한다. 본 강좌는 경제지리학의 학문적 특성, 연구방법, 연구동향을 알아봄으로써 그 학문적 위상을 살펴본다. 현대 경제 공간의 역동성을 파악하기 위해 불균등 발전, 상품 사슬, 기술과 집적, 환경과 경제에 대해 논한다. 그리고 경제 공간의 주체로서 국가, 다국적 기업, 노동력, 소비의 역할을 각각 살펴본다. 끝으로 경제생활의 사회화와 관련하여 국가와 기업은 경제 문화가 있는가, 젠더는 경제생활을 어떻게 구성하는가, 문화가 경제에 미친 영향은 무엇인가 등의 질문에 답한다. 이로써 본 강좌는 현재 경제에 관련 현안들에 대한 지리학적 이해를 돕고 해결방안을 모색하고자 한다."
2학년,2학기,1전선,HASP0013,공간환경학부,미래주거공간환경,3,3,미래 주택에 영향을 미치는 요소들과 세계의 미래주택 개발사례를 분석하여 미래사회에 요구되는 주택디자인 기획능력을 배양한다.
2학년,2학기,1전선,HASP0014,공간환경학부,지형과측량,3,3,"지형학은 지표의 형태와 그 작용에 대한 자연지리학의 한 분야이며, 측량은 지표의 모양을 측정하기 위한 기법이다. 본 과목은 현 세계의 다양한 지형의 유형과 형성과정을 이해하고, 지표의 모양을 측정하고 지도화하는 측량 기법을 익혀 공간과 지표를 이해하고 활용하는 능력을 배양한다."
2학년,2학기,1전심,HASP0015,공간환경학부,공간디자인법과유지관리,3,3,"공간디자인에 근간이 되는 법과 주거 관리에 관하여 배운다. 공간 계획 및 설계 시 고려해야 할 건축법, 주택법, 국토계획 및 이용에 관한 법의 내용과 쟁점을 이해하고, 관련 국내외 사례를 연구한다. 주택의 물리적 시설의 유지관리, 관리조직의 운영관리, 주민의 생활 관리 등을 중심으로 유지 관리에 대한 이론ㆍ법규ㆍ사례를 이해하고 습득한다."
2학년,2학기,1전선,HASP0018,공간환경학부,공간정보의시각화,3,3,"지리적 시각화는 공간자료에 내재된 지리적 분포 및 관계에 대한 정보를 전달하는데 매우 중요하다. 본 교과목은 다양한 공간자료의 시각화를 위해 요구되는 기본 개념 뿐 아니라 전문 소프트웨어 활용을 통한 디지털 지도제작 기법을 제시하고, 오픈 소스에 기반한 공간자료의 시각화를 소개한다."
2학년,2학기,1전선,HASP0041,공간환경학부,세계도시연구,3,3,"본 교과목은 대륙별ㆍ문화권별 주요 도시들을 중심으로 도시의 역사적 발달 과정, 도시 문제, 도시 정책 등을 살펴보고, 지속가능한 도시가 갖추어야 할 사회적, 경제적, 공간적 조건과 특성들을 이해하는 것을 목적으로 한다. 특히 선진국과 개발도상국 도시들이 직면한 주거, 환경, 인프라, 기후변화 등의 문제들을 비교ㆍ고찰하고 시사점을 도출하는 데 초점을 두며, 국제 협력의 중요성도 학습한다."
2학년,2학기,1전선,HASP0047,공간환경학부,원서로읽는공간환경탐구,3,3,"원서로 읽는 공간환경 탐구는 영미권에서 널리 읽혀지고 있는 지리학 인문서를 탐독함으로써 지리학의 용어, 정의, 개념 등을 폭넓게 이해하는데 목표가 있다."
2학년,2학기,1전선,HASP0052,공간환경학부,공간디자인과문화,3,3,"공간형성의 문화적 과정을 이해하고, 디자인과 문화를 논한다."
3학년,1학기,1전선,HASP0019,공간환경학부,공간빅데이터분석과인공지능,3,3,공간빅데이터를 처리하고 분석하는 방법을 심층적으로 이해하고 다양한 공간 통계 및 분석 기능을 이론과 실습을 통해 익힌다. 또한 인공지능을 이용한 공간정보의 분석 과정을 학습한다.
3학년,1학기,1전선,HASP0020,공간환경학부,공간디자인CAD소프트웨어,3,3,이 수업은 컴퓨터를 이용하여 건축분야에 적용 가능한 모델링에 대한 기초를 배우는 수업이다. 현재 실무에서 활용도가 높은 Autodesk AutoCAD와 Adobe Photoshop를 이용하여 실무 프로젝트 도면을 만들어 본다. 또 실제 건설된 건물의 도면을 이용해 건물을 리모델링 할 수 있는 도면을 만들어 본다.
3학년,1학기,1전심,HASP0023,공간환경학부,특수공간환경계획,3,3,"고령자, 신체장애자, 아동 등과 같이 대상자의 특수성을 반영하는 공간계획의 필요성을 이해하고 해당 거주자들의 신체적, 정신적 특성을 파악하고, 이들의 요구를 충족시키고 편리하며 안전한 공간환경을 계획하는 방법을 습득한다."
3학년,1학기,1전심,HASP0024,공간환경학부,원격탐사소프트웨어활용,3,3,"본 교과목은 대기보정, 기하보정, 영상강조, 영상분류, 변화탐지, 라이다와 레이다 자료처리 등 영상처리 방법론의 개념을 소개한다. 특히 본 과목은 여러 분석 주제에 대한 오픈소스 소프트웨어 활용 실습을 통해 수강생의 실무 능력 함양을 목표로 한다."
3학년,1학기,1전심,HASP0027,공간환경학부,문화와공간환경,3,3,"문화, 장소, 공간의 관계를 이해하기 위해 문화와 지리적 공간을 다룬 연구 패러다임의 변천과정을 알아보고, 최근의 비판적 공간연구이론에 의해 사례를 분석한 연구들을 살펴본다. 사례 분석 이후에는 경관, 장소, 자연과 문화, 사회적 구성물 등의 연구주제를 적용하여 실제 장소를 분석해 본다."
3학년,1학기,1전심,HASP0036,공간환경학부,건강과공간환경,3,3,"본 수업은 의료를 둘러싼 다양한 이슈를 관점으로 읽는 것에 목표를 두고 있다. 구체적으로 치유의 공간, 돌봄 의 지리, 정신건강과 지역의료 등 최근 건강지리학에서 활발히 논의되고 있는 내용을 폭넓게 다룬다."
3학년,1학기,1전선,HASP0049,공간환경학부,공간과장소,3,3,"인간이 행하는 모든 활동과 사고는 공간을 무대로 그리고 활용하여 이루어지며 특정 공간을 창출한다. 역으로 공간은 특정 활동과 사고를 하도록 유도하거나 강제하기도 하며 양자는 상호작용한다. 누적된 상호작용은 해당 공간을 독특한 특성을 갖는 장소가 된다. 본 강좌는 지리학에 기대여 공간과 장소를 논한다. 우선과 공간과 장소을 정의한다. 공간과 시간의 관계 맺음을 살펴보고 경관을 통해 장소 읽는 방법을 배운다. 우리가 일상생활이나 언론을 통해 접하는 다양한 공간을 살펴본다. 즉 상업공간(상점가), 소멸공간(빈집,폐촌), 신생공간(신도시), 주거공간(아파트), 예외공간(경제특구), 이동공간(터미널,버스), 접경공간(접경지역) 등을 탐구한다. 이와 더불어 이들 공간들의 장소로서의 의미를 점검한다."
3학년,2학기,1전심,HASP0004,공간환경학부,기후와환경,3,3,"대기환경의 물리적 및 화학적 변화는 날씨와 다양한 기상 패턴을 결정뿐만 아니라 현 기후 시스템과 지표환경의 변화를 초래한다. 본 교과목은 대기 및 기후와 관련한 기본 개념, 원리, 역동적 패턴 등을 탐구한다."
3학년,2학기,1전심,HASP0025,공간환경학부,공간환경심리,3,3,"인위적 환경과 인간의 심리적, 행동적 측면과의 관련성에 대한 이론을 습득하고 실제 공간환경에서 발생되는 현상을 파악하여 공간환경 창조에 이용할 수 있는 능력을 배양한다."
3학년,2학기,1전심,HASP0026,공간환경학부,,3,3,"주택/단지단지 디자인은 입지, 지형, 주변 환경, 나무나 경관 뿐 아니라 개인과 가족의 일상생활, 접근성, 쾌적성, 건강성 등까지 함께 고려하는 종합 디자인이다. 또한 주택/단지 디자인은 공간을 설계하는 사람이 할 수 있는 가장 중요하고 멋진 일이다."
3학년,2학기,1전선,HASP0028,공간환경학부,유통과공간,3,3,"경제지리학의 세부 분야인 물류와 공간은 생산된 제품을 분배하는 상업활동의 지리적 분포패턴을 파악하고 그 입지요인과 과정을 밝히고자 한다. 본 강좌는 유통지리학의 정의하는 것으로 시작하여 상품을 분류하고 그 특성을 파악하며 심리학에 참조하여 소비자의 구매행태를 살펴본다. 상업활동을 도소매업, 창고업, 그리고 운수업으로 나누고 그 입지패턴을 분석하며 지역구조와 상호작용을 살펴본다. 나아가 현재 급증하고 있는 국제무역에 대해서 살펴보며 현시점 즉시 판매와 같은 유통기술과 정보통신기술의 발달이 유통업과 지역공간에 미치는 영향도 살펴본다."
3학년,2학기,1전심,HASP0043,공간환경학부,도시재생과지역개발,3,3,"본 교과는 저출산과 고령화, 그리고 산업구조재편으로 오늘날 주요하게 떠오르고 있는 도시재생과 지역개발에 대한 주요 이론 및 영국, 일본 등 우리나라보다 먼저 도시재생과 지역개발을 경험한 국가의 사례에 대해 학습하는 것을 목적으로 한다."
3학년,2학기,1전심,HASP0048,공간환경학부,공간정보서비스프로그래밍,3,3,"정보통신 기술을 이용하여 공간정보를 서비스하기 위한 UI, DB, 웹, 모바일 환경에서의 프로그래밍 능력을 함양한다."
3학년,2학기,1전선,HASP0050,공간환경학부,인간행태와공간디자인,3,3,거주자의 행태를 수용하지 않는 공간은 무의미하다. 거주자가 사용하기 불편한 공간을 대상으로 거주자의 행태를 관찰하여 문제점을 조사 및 분석하고 원인을 파악하여 해결방안을 모색함으로써 거주자 행태에 근거한 공간을 계획하는 방법을 습득하는 과목이다. 인간의 행태에 대한 이해의 바탕위에 문제해결 능력과 현실 적용가능한 공간디자인 능력을 함양하고자 한다.
3학년,2학기,1전심,HASP0051,공간환경학부,지속가능한도시만들기,3,3,"본 강좌는 도시와 환경적 책임, 그리고 사회적 평등의 역동적인 교차점을 탐구한다. 글로벌 도시 성장 시대에 실행가능할 뿐만 아니라 지속가능하고 탄력적인 도시 개발을 구상하고 계획하는 데 필요한 지식을 갖추는 것을 목표로 한다."
4학년,1학기,1전선,HASP0031,공간환경학부,지역사회의이해(캡스톤디자인),3,3,커뮤니티의 개념과 커뮤니티를 설명하는 이론을 습득하고 도시에서 커뮤니티의 전개 과정과 커뮤니티 활성화 사례를 분석하여 지역사회 커뮤니티 활성화에 효율적으로 응용할 수 있는 능력을 배양한다.
4학년,1학기,1전선,HASP0032,공간환경학부,토지정보시스템(캡스톤디자인),3,3,"본 교과목에서는 지적과 토지에 대한 이해를 바탕으로 공간정보학의 원리를 이용하여 토지정보를 관리하고, 실무에서 활용할 수 있도록 주요 이론과 실습을 학습한다. 특히 실무에서 지적 업무의 파악과 토지 관리 직무를 익힐 수 있도록 현장 자료와 사례를 중심으로 토지정보와 관리의 문제를 다룬다."
4학년,1학기,1전심,HASP0033,공간환경학부,단지디자인매뉴얼,3,3,누구나 쉽게 접할 수 있는 공동주택 단지를 중심으로 단지디자인의 의미/이론/디자인 요소 등을 학습한다. 또한 우수 공동주택 단지디자인 사례를 통하여 디자인 매뉴얼처럼 설계 과정의 안내와 아이디어 도출에 도움이 되는 기초적인 내용을 학습한다.
4학년,1학기,1전심,HASP0034,공간환경학부,공간과사회,3,3,"사람들의 사회적 관계는 여러 가지 활동을 통해 공간에 표출되고 이를 통해 형성된 공간 구조는 역으로 사회적 관계에 영향을 미친다. 본 강좌는 최근 화두가 되고 있는 복리 증진을 위해 학생들의 사회와 공간의 관계와 상호작용에 대한 이해를 돕고자 한다. 사회지리학적 연구 주제는 인간 활동, 사회집단, 사회복리 관련 이슈별로 정리하여 다룬다. 인간 활동별 주제로 노동, 여가, 공동체, 주거, 급양, 교육, 교통 등 존재기본활동을 다룬다. 또한 특정 집단에 주목한 주제로 인종ㆍ민족, 젠더, 연령ㆍ세대, 장애우 등 소수 소외 집단들의 공간적 활동과 제약에 대해 논의한다. 끝으로 사회적 이슈별 주제인 범죄와 빈곤에 대해 지리적 접근을 통해 해결방안을 모색한다."
4학년,1학기,1전심,HASP0035,공간환경학부,공간환경조사론,3,3,이 과목은 공간환경과 관련한 연구를 위한 정보와 자료를 수집하는 방법을 습득하는 것을 목표로 한다. 공간계획 시에 필요한 거주자의 요구 및 의견을 조사하고 환경의 실태를 조사하는 것들을 포함한다.
4학년,1학기,1전선,HASP0042,공간환경학부,관광공간의스토리텔링과콘텐츠,3,3,"본 교과목에서는 관광공간, 관광자원, 관광객을 연결시켜 주는 것이 관광공간의 스토리라는 점에서 관광공간과 관광객의 상호작용을 위한 스토리텔링의 방식과 관광자원의 가공ㆍ활용을 위한 콘텐츠 개발에 관해 학습한다. 이를 통해 스토리텔링을 통한 관광공간의 이미지 개발, 긍정적인 관광담론의 구성, 관광공간의 탐방 코스 개발 등을 위한 역량을 기른다."
4학년,2학기,1전선,HASP0038,공간환경학부,주택상품개발및기획(캡스톤디자인),3,3,"그 시대의 사회적, 경제적, 문화적 특성에 따라 변화하는 주거요구를 충족시키기 위한 새로운 주택상품을 기획할 수 있는 실무능력을 배양한다. 주택상품 개발의 각 단계를 이해하고 다양해진 주택상품의 기획사례 및 변천과정을 검토하고 상품 기획의 의도, 추진과정과 문제점 등을 구체적으로 분석하고 사회, 경제, 주거 트렌드를 조사 분석하며 잠재적 거주자의 주거요구를 파악하는 능력을 습득한다."
4학년,2학기,1전선,HASP0039,공간환경학부,지역개발종합설계(캡스톤디자인),3,3,"지역개발 종합설계는 폭넓은 지리학적 지식을 통해 지역개발에 관한 실질적인 아이디어를 고안하고, 설계하며, 적용해 보는 것을 목표로 한다."
3학년,2학기,1전선,HARF0001,인문사회과학대학,취업과창업(인문사회),1,1,"전공과정 3학년 학생을 대상으로 취, 창업 트렌드와 최신 정보 제공, 취업 선배 현직자 및 전문가 특강, 직업 선호도 검사, 자기소개서 작성 지도 및 면접스킬 특강 등을 통해 졸업 후 진로 설정에 도움을 주며, 취·창업 전략을 수립, 설계하고 준비할 수 있도록 한다."
1학년,1학기,1전선,HAAT0003,행정학부,행정학개론,3,3,"행정학의 기초이론을 습득하는 과목으로서, 공공문제를 해결하기 위한 결정을 행하고 사람과 물자를 관리하는 행정현상을 이해하도록 한다. 행정학개론은 앞으로 행정학 전공과목을 연구하는데 길잡이가 되는 행정의 본질, 조직관리, 인사행정, 재무행정, 행정과 환경 등의 기초적인 이론을 다루게 된다."
1학년,1학기,1전선,HAUS0020,행정학부,정부와제도,3,3,"기존 행정학의 이론 중에서 주요 논쟁테마들을 선정하여 집중 연구, 분석, 토론함으로써 행정학 연구의 총정리를 시도함과 동시에 그동안 각론부분으로 강의가 이루어지지 못했던 행정학 관련분야들을 종합정리함으로써 한국행정의 현주소와 행정학의 미래를 조망해보는데 기본 목표가 있다."
1학년,2학기,1전선,HAAT0006,행정학부,역량강화실습론,3,3,"역량은 조직 내에서 성과가 높은 인력에게 나타는 특징으로서, 공사부문에서 공통적으로 점차 역량을 중심으로 하는 인력관리가 강화되고 있다. 본 과목은 대부분의 조직에서 중요하게 간주되는 역량들을 강화시킬 수 있도록 역량의 개념과 요소들을 학습하고, 실습을 통하여 필요역량을 갖출 수 있도록 하는데 목적이 있다."
1학년,2학기,1전선,HAAT0007,행정학부,정책학원론,3,3,"정책학은 사회문제를 해결하기 위해 수립 및 집행되는 정부의 정책을 연구할 뿐만 아니라, 사회를 보다 바람직한 상태로 이끌어 가기 위한 내용과 방법, 그리고 방향성 등을 제시하는 학문이다. 또한, 정부의 활동은 정책의 수립과 집행 등을 통해 구체화된다는 점에서 정책학에 대한 관심이 증가하고 있다. 따라서 정책학은"
1학년,2학기,1전선,HAAT0054,행정학부,PSAT(1):언어논리,2,2,"언어표현을 통한 논리구조 파악능력 함양을 목적으로 한다. 즉, 언어의 내용과 구조에 대한 논리적 분석을 통하여 각 주장에 대한 총체적인 이해능력을 함양하고, 해당 이해를 바탕으로 자신의 주장을 합리적이며 설득력 있게 전달할 수 있는 능력을 배양한다."
2학년,1학기,1전선,HAAT0004,행정학부,국가와기본권,3,3,"헌법분야 중 기본권의 구체적 내용과 국가의 통치구조의 이해를 목적으로 하며, 정치적·청구권적·사회적 기본권의 구체적 내용과 통치구조의 구성원리, 통치구조의 형태, 통치권의 내용, 그리고 헌법기관인 국회, 대통령, 법원, 헌법재판소의 조직과 권한 등을 살펴본다."
2학년,1학기,1전선,HAAT0011,행정학부,행정통계학,3,3,"행정학 연구에 필요한 통계적 기법에 관한 지식을 습득한다. 기술통계학(중앙경향, 빈도분석 등)과 추리통계학(구간추정, 점추정, 가설검증)에 대하여 연구하며, 컴퓨터를 이용한 통계처리방법을 공부한다."
2학년,1학기,1전선,HAAT0012,행정학부,도시및지방행정론,3,3,"도시의 발달과정과 기능을 이해하고, 도시화의 과정과 도시화에 따른 제반 문제를 분석한다. 나아가 자치단체로서의 도시정부의 역할 및 광역행정정반에 관한 이해를 도모한다. 또한 지방자치제, 지방자치단체의 구성과 운영에 대하여 연구한다. 지방자치제의 의미와 발달과정 및 기본적 요소, 지방자치단체의 관리, 정부간 관계 등에 대한 지식을 습득하고 우리나라에서의 지방자치제를 발달시키고 자치단체를 효율적으로 운영하는 방안을 모색한다."
2학년,1학기,1전선,HAAT0014,행정학부,조직과정보관리,3,3,"조직의 본질, 조직구조, 조직이론의 변천, 조직과 환경, 관료제 등에 관한 내용들을 체계적으로 학습함으로서, 정부와 기업 등에서 조직관리를 할 수 있는 능력을 배양한다."
2학년,1학기,1전선,HAAT0055,행정학부,PSAT(2):자료해석,2,2,"각종 통계자료에서 유용한 정보를 해석하여, 그 결과를 적절하고 정확하게 제시하는 능력을 함양하는 것을 목적으로 한다. 이를 통해 학문과 생활에서 유용한 정보를 해석, 평가, 전달을 학습함으로써 자료를 해석하는 능력을 배양한다."
2학년,2학기,1전선,HAAT0009,행정학부,기본권보호와통치구조,3,3,"헌법분야 중 기본권의 구체적 내용과 국가의 통치구조의 이해를 목적으로 하며, 정치적?청구권적?사회적 기본권의 구체적 내용과 통치구조의 구성원리, 통치구조의 형태, 통치권의 내용, 그리고 헌법기관인 국회, 대통령, 법원, 헌법재판소의 조직과 권한 등을 살펴본다."
2학년,2학기,1전선,HAAT0016,행정학부,인적자원관리론,3,3,"공무원을 비롯한 공공부문의 인적자원을 효율적으로 관리하여 생산성을 높이기 위한, 제도 및 발달과정을 공부한다. 주요 학습대상으로는 인사행정의 제도적 틀, 인력기획, 임용, 능력발전, 공무원 평정, 보수와 연금, 복리후생, 공직윤리 등이 있다."
2학년,2학기,1전선,HAAT0018,행정학부,조사방법과데이터분석,3,3,"사회과학 이론의 과학 철학적 기초를 소개하고 개념형성, 법칙, 이론, 모형 및 설명의 구조와 요건 등에 관한 지식을 습득하게 한 후, 사회현상을 종합적 체계적으로 해석하기 위한 기본논리와 다양한 분석기법을 학습하도록 한다."
2학년,2학기,1전선,HAAT0019,행정학부,조직과변화관리,3,3,"조직의 본질, 조직구조, 조직이론의 변천, 조직과 환경, 관료제 등에 관한 내용들을 체계적으로 학습함으로서, 정부와 기업 등에서 조직관리를 할 수 있는 능력을 배양한다."
2학년,2학기,1전선,HAAT0023,행정학부,공공관리론,3,3,"공공조직의 관리상 특징 및 운영에 대하여 연구한다. 특히, 공공조직의 서비스 제공의 효율성을 높이고, 서비스 수요자인 국민과의 관계를 긴밀히 하고자 하는 지속적 개선 노력을 분석하여, 한국 상황에서의 이론의 적용 가능성을 탐색한다."
2학년,2학기,1전선,HAAT0056,행정학부,PSAT(3):상황판단,2,2,주어진 문제 상황에 대한 정확한 이해를 바탕으로 다양한 문헌과 정보에 대한 분석을 통해 해당 문제를 해결하기 위한 의사결정을 하는데 필요한 능력을 배양한다. 이를 통해 비판적 사고력과 문제해결의 논리적 전개와 관려한 능력을 기를 수 있다.
3학년,1학기,1전선,HAAT0010,행정학부,공공복지와정책,3,3,복지에 대한 학습을 토대로 복지실무에 대한 전문성을 확보하여 공공복지 실천과 복지기관 운영 능력을 도모한다.
3학년,1학기,1전심,HAAT0022,행정학부,갈등관리와협상,3,3,"현대 사회는 다양한 이익이 상존하며, 서로 충돌하고 있다. 이러한 가운데 사회 각 부문에서 집단 간의 갈등은 필연적이므로 이를 잘 관리하여 공동체의 발전에 긍정적으로 기여토록 하여야 한다. 이 과목은 갈등의 원인과 현황 및 그 해결방법에 대하여 연구하기 위한 것이다. 또한 갈등관리의 한 방법인 협상에 대하여 공부하고 적절한 협상 방법을 익히도록 한다."
3학년,1학기,1전선,HAAT0024,행정학부,재무행정론,3,3,"정부 영역에서 물적 자원을 효율적, 민주적, 합리적, 합법적으로 동원하고 배분하는 원리에 대한 이해와
현상에 대한 분석능력을 키운다. 특히, 예산의 원칙, 종류, 편성, 집행, 결산과정에서 작용하는 정치, 
행정, 경제적 요인들을 학습하도록 한다."
3학년,1학기,1전심,HAAT0026,행정학부,조직행태론,3,3,"조직속의 인간행동을 개인적 차원, 집단적 차원, 조직적 차원에서 연구하여 인간행동을 설명하고, 예측하고 통제함으로써 조직목표를 효율적으로 달성하려는 것이다."
3학년,1학기,1전심,HAAT0048,행정학부,관료제와행정이론,3,3,"정부조직내의 관료제와 관료제화에 관한 기존 연구 이론들을 폭넓게 검토하고, 행정과정에 있어 관료들의 역할과 영향, 민주 행정에 대한 요구와의 갈등 등의 문제들을 찬습함으로써 우리나라의 관료제도에 대한 개선방향 및 기본시각을 정립하는데 그 목적이 있다."
3학년,2학기,1전선,HAAT0028,행정학부,공직윤리론,3,3,"공직윤리는 공직을 수행하면서 공무원이 갖춰야 할 윤리적 신념과 행동 등을 설명하는 학문이다. 특히, 최근에 들어오면서 정부의 운영과 공무원의 의식 및 신념 등에 대한 윤리성이 강조됨에 따라서 공직윤리에 대한 관심이 증가하고 있다. 또한, 공직윤리는 공공부문과 민간부문의 목표, 신념, 그리고 행태 등을 구분 짓는 주요한 요인이기 때문에 행정학 분야의 학자와 실무자가 관심을 기울이는 분야이다."
3학년,2학기,1전선,HAAT0031,행정학부,전략기획과혁신,3,3,"복잡하고 역동적인 행정환경에서 미래를 예측하고 미래를 구성하는 내용과 그 과정을 연구하는 과목이다. 어떤 기획을 해야하고 어떻게 기획을 세우는지를 이해함으로써 변화하는 행정수요의 다양화, 전문화에 부응 하는 탄력적인 행정활동을 설계할 수 있는 창의적 기획관리 능력을 기르고, 사회변동에 부응할 수 있는 합리적인 문제해결 능력을 도모한다."
3학년,2학기,1전심,HAAT0032,행정학부,전자정부론,3,3,"본 강의는 전자정부와 정보정책의 주요 개념과 현상을 다룬다. 지식정보화의 개념과 함의, 정보자원관리의 개념과 실제, 전자정부의 주요 이론, 정보정책의 다양한 사례 및 전자민주주의의 핵심 이슈 등을 교육한다. 스마트 기기의 급속한 발달에 따라 정보화기반의 사회구조가 변화되면서 정보보안의 중요성이 높아짐에 따라 개인정보보호 및 정보보안의 의미와 적용등의 주요 정책을 함께 탐구한다."
3학년,2학기,1전선,HAAT0033,행정학부,정책성과분석평가론,3,3,"공공조직의 효율적이로 효과적인 성과관리를 위해 필요한 개념과 이론들을 학습하고, 조직의 성과관리 과정의 틀 속에서 성과분석평가의 개념, 의의, 절차 및 방법 등에 대한 문제를 다룬다"
3학년,2학기,1전선,HAAT0053,행정학부,공공데이터의이해,3,3,"디지털전환 패러다임의 변화에 따라 지능정보기술 및 데이터 기반 관리의  역할과 기능이 새롭게 진화하고 있다.  데이터기반 행정법의 시행과  과학적 증거기반 정책 과정은 기존의 행정의 역할을 확장하여  새로운 접근법이 필요하다.  이에 공공데이터의 이해를 도모하고 기초개념 및 데이터를 활용한 역량강화가 요구된다.  본 교과목에서는 첫째,  사회변화의 흐름을 지능정보 기술 기반을 중심으로 데이터와 연계하여 기초개념을 학습한다.
둘째, 공공데이터의 생성원리, 기능, 활용과 관련한 기본개념 및 과학적관리  이론을 연계하여 학습한다.
셋째,  공공데이터 포털의 다양한 사례를 중심으로 공공서비스 개선 및 정책과정 전반에 관한 학습을 도모한다.
넷째,  데이터기초 이론을 통해 후속 과정과 연계될수 있도록  데이터용어 및 주요 사례를 중심으로 실습을 병행한다.
다섯째, 공공데이터의 공공성과 정책과정을 중심으로 융합적 사고역량을 강화하고자 한다."
4학년,1학기,1전심,HAAT0027,행정학부,행정법1,3,3,"행정이 법에 의해 근거지워지고 집행되어 지며, 행정에 의한 명령을 준수하지 않았을 때 받게되는 벌과 강제 등, 행정이 이루어지는 과정을 법적 관점에서 공부한다."
4학년,1학기,1전선,HAAT0036,행정학부,노사관계와노동법,3,3,"현대사회에서 고용의 직접 당사자인 노동자측(개별 노동자 또는 노동조합)과 사용자측(자본가, 경영자, 또는 그 단체) 그리고 이들간의 제 관계에 사회적 노동정책을 통해 영향을 미치는 정부측(입법, 행정, 사법의 유관기관) 사이에 고용을 중심으로 해서 나타나는 수평적?수직적 제 관계에 대하여 공공부문을 중심으로 연구한다.."
4학년,1학기,1전선,HAAT0037,행정학부,문화정책론(캡스톤디자인),3,3,"정책형성론은 정책의 본질과 성격을 기본적으로 이해하고 정책과정과 정책결정의 기준으로서 공익의 문제를 고찰하며, 아울러 한국정부의 각종 정책을 내용 분석하여 문제점을 탐색하고 생활의 질을 향상시킬 수 있는 대안들을 논의한다."
4학년,1학기,1전심,HAAT0045,행정학부,민관협력과공공가치,3,3,서비스수요자인 국민관점에서 국민의 생각과 경험 등을 토대로 공공서비스를 디자인하는 새로운 공공서비스디자인 방법론을 연구한다. 공공분야를 수요자중심으로 해석하고 개발하는 일련의 국민중심 서비스디자인 과정을 학습하여 국민이 보다 나은 공공서비스를 경험할 수 있도록 서비스디자인 방법과 분야를 탐색한다.
4학년,1학기,1전심,HAAT0052,행정학부,지능정보와공공데이터관리,3,3,"지능정보 신기술 사회 패러다임 전환기에서 사물인터넷, 데이터, 인공지능, 초연결 개념은 이제 우리 생활에 밀접하게 반영되어 변화를 유도하고 있다. 공공부분에서는 데이터를 기반으로 새로운 환경이 구성되고 있다. '디지털 트랜스포메이션(Digital Transformation)'의 중심에 데이터가 자리하고 있으며, 데이터 중심 혁신(Data Driven Innovation)의 중요성이 강조되고 있다. 즉 데이터가 자본인 데이터 캐피탈리즘이 대두되는 새로운 사회 전환기에 있다. '디지털 트랜스포메이션'의 패러다임 전환에 따라 데이터를 활용한 공공서비스의 변화도 함께 개진되고 있다.본 교과에서는 인공지능사회의 도래에 따른 사회 패러다임의 전환과정에서 국가, 정부의 역할 및 방향과 내용을 중심으로 접근한다. 첫째, AI의 기초가 되는 데이터의 의미와 개념, 공공데이터의 활용이 갖는 사회적 함의와 정책의 필요성을 중심으로 접근한다. 둘째, 데이터의 기초 지식, 데이터 거버넌스, 데이터 품질관리 등의 쟁점을 학습하고 이를 공공서비스와 연계하여 적용사례를 중심으로 학습한다. 셋째, 인공지능과 연계되는 공공정보 및 자원관리의 새로운 변화방향 및 주요 함의를 학습한다."
4학년,2학기,1전심,HAAT0034,행정학부,행정법2,3,3,"행정법총론의 기본적 이론을 바탕으로 행정조직과 특별행정작용의 체계적 이해를 목적으로 하며, 국가행정조직, 지방자치행정, 공무원법 등의 행정조직법을 살펴보고 경찰행정, 급부행정, 공용부담, 토지행정, 환경행정, 경제행정, 재무행정 등 특별행정작용을 학습한다."
4학년,2학기,1전심,HAAT0040,행정학부,공공홍보마케팅,3,3,"정부를 비롯한 공공분야의 홍보(PR) 이론과 마케팅(marketing)이론 및 기법 등을 학습하는 과목이다. 학생들에게 정부나 공공기관들이 공중으로 부터 여론을 효과적으로 수렴하는 방법, 주요정책을 다수의 공중들에게 체계적으로 전달하고 지지를 획득하는 과정, 홍보와 마케팅의  PR 시장에서의 효과, 전략적 관리방법을 배우도록 한다"
4학년,2학기,1전선,HAAT0050,행정학부,행정학세미나,3,3,"행정학 및 정책학, 그리고 공법 등의 기초적 지식을 바탕으로 다양한 사례에 대해 분석하고 토론할 수 있는 능력을 제고하기 위한 강의이다. 즉, 본 교과목은 학생들이 행정학 등에 관한 기본개념을 바탕으로 다양한 행정 및 정책사례 등을 발제하고 토론함으로써 공공부문에 대한 이해의 폭을 넓히는데 목적이 있다. 수업은 공공인재학부에서 4년 동안 배운 내용을 최종적으로 정리하고 이를 발표 및 토론하는 기회를 제공하고자 한다. 이를 통해 현대의 사회적, 경제적, 문화적 특성에 따라 새롭게 발생되는 공공부문의 문제를 분석하고 해결함으로써 공공부문에서의 역량을 향상시키는데 초점을 두고자 한다."
4학년,2학기,1전선,HAFU0029,행정학부,사회복지행정론,3,3,사회복지정책과 프로그램 등의 효과적인 집행을 위해 필요한 각종 조직구조와 관리기법 그리고 전달체계 및 역할분담 등에 대한 논의를 진행한다. 이를 통해서 사회복지행정의 필요성에 대한 이해를 제고할 뿐만 아니라 사회복지와 관련된 행정관리역량의 향상 방안 및 패러다임 변화 등에 대해서 학습한다.
3학년,2학기,1전선,HARF0001,인문사회과학대학,취업과창업(인문사회),1,1,"전공과정 3학년 학생을 대상으로 취, 창업 트렌드와 최신 정보 제공, 취업 선배 현직자 및 전문가 특강, 직업 선호도 검사, 자기소개서 작성 지도 및 면접스킬 특강 등을 통해 졸업 후 진로 설정에 도움을 주며, 취·창업 전략을 수립, 설계하고 준비할 수 있도록 한다."
1학년,1학기,1전선,HAAL5001,가족복지학과,사회복지학개론,3,3,"사회복지학에 입문하기 위한 학생들에게 사회복지의 전반적인 이해를 높이기 위해서 기초개념, 사회복지의 실천방법, 사회복지 분야 등을 숙지시키기 위한 내용으로 구성한다. 우선 사회복지의 개념, 발달과정, 가치와 이념 등에 관해 살펴볼 수 있는 내용을 다룬다. 사회복지 실천방법에 대해서는 일반적인 사회복지실천 과정, 미시적 방법론, 거시적 방법론 등으로 구분하여 학습하도록 한다. 사회복지분야론은 산업사회의 소외집단에 대한 사회복지서비스의 내용과 특정세팅에서 제공되는 전문사회사업실천 등으로 구성된다. 마지막으로 한국 사회변동에 따른 사회복지 전문직의 전망과 사회복지의 과제에 관한 논의를 실시한다."
1학년,1학기,1전선,HAAL9214,가족복지학과,가족과문화,3,3,"가족복지학과에서 가장 기초가 되는 핵심교과목으로 가족에 대한 기본적인 개념과 관점을 습득하여 가족복지학에 대한 이론적 기초를 형성한다. 또한, 가족에 대한 거시적인 관점으로 문화로서의 가족에 대한 이해를 통해 한 사회의 핵심적인 기반으로서 가족과 관련된 다양한 사회현상을 학습한다."
1학년,1학기,1전선,HAAL9224,가족복지학과,영유아발달,3,3,"영유아기 발달의 주요 이론 및 과학적 연구방법을 소개하며, 영유아기의 신체, 인지, 언어, 사회성 및 정서 등 각 발달영역에서의 특징을 이해하며 영유아기 발달에 영향을 미치는 주변 환경의 생태학적 환경에 대해 알아본다. 이를 기초로 보육현장에서 영유아의 전인적인 발달을 지원하는 방법을 알아본다."
1학년,2학기,1전선,HAAL0030,가족복지학과,사회복지실천론,3,3,"사회복지 실천대상 가운데 개인, 집단, 가족에게 초점을 맞추고, 이들의 사회기능을 향상시키기 위한 사회복지 실천에 관해 살펴본다. 구체적으로, 사회복지 실천의 주요 개념, 가치, 시각, 사회복지 대상자와 관계형성, 사회사업 면접, 개입과정에 따른 사회복지사의 역할 및 개입 기술과 기법, 개입과정에 대한 기록과 평가 등을 검토한다."
1학년,2학기,1전선,HAAL2011,가족복지학과,보육학개론,3,3,"보육에 대한 폭넓고 다각적인 이해를 도모할 수 있도록 우리나라와 동서양 보육사업의 변천사, 보육유형, 보육프로그램, 보육 방법 및 평가, 보육환경구성, 보육교사, 보육시설 운영관리, 보육의 효과를 극대화 할 수 있는 가족지원 프로그램에 대한 전반적인 내용을 학습한다."
1학년,2학기,1전선,HAAL9216,가족복지학과,인간행동과사회환경,3,3,"사회복지실천의 기초인 인간행동이론과 사회 환경에 대해 학습한다. 여기에 포함되는 주제로는 ‘환경속의 인간’에 초점을 둔 인간발달, 사회와 생태체계, 생애주기별 발달, 스트레스, 대처, 적응, 그리고 문화와 성 등이 된다."
2학년,1학기,1전선,HAAL0004,가족복지학과,보육과정,3,3,"영유아교육 전문가를 위한 과목으로 보육에 적용되는 현대 교육과정의 여러 경향을 비교연구한다. 이를 바탕으로 보육기관의 수준별, 연령별 교육 과정 모형을 분석해 본다. 궁극적으로 자기 철학에 따른 보육과정을 조직해 본다."
2학년,1학기,1전선,HAAL0007,가족복지학과,상담이론,3,3,"인간의 주요 적응문제를 해결하는 데 기초가 되는 심리 상담과 치료의 여러 이론적 관점을 학습하고, 이를 실제 상담면접에 적용하는 데 필요한 기초적인 지식을 습득한다."
2학년,1학기,1전선,HAAL0018,가족복지학과,사회복지실천기술론,3,3,"사회복지실천 대상(개인, 집단, 가족)의 사회기능을 향상시키기 위한 다양한 실천모델과 기술 및 기법에 대해 살펴본다. 특히 사례연구와 역할연습을 통해 다양한 실천모델과 기술, 기법을 적용하여 실제에 개입하고 평가하는 연습을 강조한다."
2학년,1학기,1전선,HAAL0020,가족복지학과,노인복지론,3,3,"노인복지 활동에 필요한 개괄적인 지식을 제공하기 위한 것으로서 노화에 따른 개인의 신체적, 심리적 및 사회적 요인의 변화와 노인문제를 이해하고 이에 근거한 노인복지정책 프로그램과 실천기술을 개괄적으로 연구한다."
2학년,1학기,1전선,HAFU0009,가족복지학과,아동과학지도,3,3,"아동의 과학적 개념 발달과 과학교육의 이론을 살펴보고, 이를 바탕으로 과학교육을 수준별로 계획, 실행, 및 평가할 수 있는 방안을 탐색한다. 또한 다양한 교육적 매체를 활용한 아동 과학 교육의 교수방법, 교구의 선택 및 제작방법에 대해 학습하고 현장관찰 및 실습을 통해 이를 적용해 본다."
2학년,2학기,1전선,HAAL0003,가족복지학과,가족관계,3,3,"개인과 가족의 역동적인 상호작용을 이해하기 위해 가족관계의 틀, 과정, 결과를 다룬다. 특히 가족생활주기에 따른 가족과정의 변화내용과 결혼생활의 실제인 부부관계, 형제관계 및 손자녀관계 등 가족 내 인간관계에 대한 전반적인 내용을 다룬다."
2학년,2학기,1전선,HAAL0006,가족복지학과,심리검사,3,3,상담에서 기초적 자료가 되는 심리검사에 관한 전반적인 지식을 습득한다. 개별적인 심리검사들의 특성과 원리를 이해하고 실제 적용을 시도해 본다.
2학년,2학기,1전선,HAAL9223,가족복지학과,아동관찰및행동연구,3,3,"영유아관찰의 특성 및 다양한 관찰유형, 행동연구방법에 대해 이해하고 관찰을 통한 자료수집 및 분석의 실제 적용방법에 대해 알아본다."
2학년,2학기,1전심,HAAL9228,가족복지학과,아동상담,3,3,"아동상담은 아동의 발달적, 정서적, 행동적 문제의 원인을 파악하고 상담 및 치료적 개입을 할 수 있는 기반지식을 배우는 과목이다. 아동상담의 특성, 아동상담 이론과 사례개념화, 아동심리검사, 아동의 문제별 개입방법 등에 대하여 배우게 된다."
2학년,2학기,1전선,HAAL9229,가족복지학과,사례관리론,3,3,"본 강의에서 사례관리의 개념, 다양한 관점과 접근법, 실천모형, 실천기법, 윤리적·법적 딜레마 등 사례관리에 대한 이론적 특성을 학습하고, 다양한 실천영역의 사례관리 예시들을 논의하고 평가함으로써 현장의 실무능력을 강화한다."
3학년,1학기,1전심,HAAL0021,가족복지학과,가족생활교육론(ICT융복합),3,3,가족생활교육의 본질과 역사적 고찰을 통해 가족생활교육 프로그램에서 다루어야 하는 중요한 개념들을 살펴본다. 또한 가족생활교육 프로그램을 개발하는 데 필요한 다양한 기술과 내용을 다룬다.
3학년,1학기,1전심,HAAL6002,가족복지학과,가족상담및치료,3,3,"가족치료의 기본개념과 발달과정 등을 파악하고, 가족상담 및 치료분야에서 제시되는 주요한 접근모델의 개념, 이론적 관점과 치료기법 등을 다룬다. 또한 다양한 유형의 가족문제 사례에 주요 이론적 모델의 적용을 시도해 보고, 가족치료의 실제적인 과정을 전반적으로 살펴본다."
3학년,1학기,1전심,HAAL6004,가족복지학과,아동복지론,3,3,"아동의 심리적 면과 이들이 속해있는 사회조건과의 관계 속에서 아동문제와 복지정책의 실태를 통해 아동복지의 필요성 및 쟁점을 이해한다. 또한 아동복지를 현장에서 실천할 수 있도록 아동복지 내용, 발달과정과 아동복지 모델에 대해 고찰한다."
3학년,1학기,1전선,HAAL6006,가족복지학과,영유아교수방법론,3,3,"영유아기의 수준에 따라 각 과목(언어, 수학, 과학, 사회, 음악 등)을 통합하여 연간, 월간, 주간, 일일 교육과정을 계획하고 지도하는 방안을 모색한다. 반일제와 종일제 유아교육과정도 인간화 측면에서 고찰하고, 모의수업을 통해 통합적 방법을 익힌다."
3학년,1학기,1전선,HAAL9230,가족복지학과,프로그램개발과평가,3,3,"본 과목은 사회복지현장 실무에서 활용할 수 있도록 프로그램 개발과 평가에 대한 기본지식과 기술을 습득하고, 학생들이 프로그램을 직접 계획하고, 실천현장의 사업결과를 평가해 봄으로써 창의력과 현장 실무능력을 강화한다."
3학년,1학기,1전심,HAAL9231,가족복지학과,사회복지법제와실천,3,3,"사회복지법의 개념, 생존권,사회복지의 가치와 목적 및 일반 원리를 고찰하고 사회복지법제의 생성과정과 범위 및 구조를 파악한 후 우리 나라 사회복지법의 분야별 내용들을 학습하여 사회복지사업들이 어떠한 법제 아래서 수행되고 있는가를 이해함으로써 사회복지실천에 있어 법 내용을 응용하는 능력을 향상시킨다."
3학년,2학기,1전심,HAAL0011,가족복지학과,사회복지조사론,3,3,"과학성 탐구를 위한 연구의 전반적인 과정을 다루는 과목이다. 연구문제를 선정하여 보고서를 작성하기까지의 일반적인 과정과 연구 방법을 구체적으로 다루며, 실제의 자료를 이용하여 통계적 분석을 통해 전반적 연구방법의 기술을 습득하여 복지분야에서 실제적으로 응용할 수 있는 능력을 기른다."
3학년,2학기,1전선,HAAL0026,가족복지학과,건강가정현장실습,3,3,"건강가정사와 가족생활교육사로서의 능력을 기르기 위하여 건강가정지원센터 및 관련현장에서 실습한다. 또한 가족생활교육의 프로그램을 직접 참관하고, 개발하고, 그 효과를 평가해 봄으로써 건강가정사와 가족생활교육사로서의 지식과 능력을 기른다."
3학년,2학기,1전심,HAAL0034,가족복지학과,가족복지론,3,3,"현대가족의 성격과 문제 등을 전반적으로 살펴보고 가족복지 정책차원의 측면에서 현대가족이 안고 있는 문제점들을 어떻게 풀어 나가야 할 것인가를 이론적 배경과 사례별로 분석 연구하여, 학생들 스스로가 가족문제의 여러 영역에 대한 실천적, 정책적 대안을 제시할 수 있는 능력을 배양한다."
3학년,2학기,1전심,HAAL9213,가족복지학과,보육교사론,3,3,"영유아를 보호하고 양육하는 역할, 영유아의 발달 특성에 적합한 교육자의 역할, 가정과 지역사회에 복지서비스를 제공하는 보육교사의 역할을 고찰한다."
3학년,2학기,1전심,HAAL9218,가족복지학과,사회복지정책론,3,3,"사회복지 정책의 발전과 관련된 철학 및 이념, 복지국가의 발전 유형 및 정책의 결과 등을 심도 깊게 살펴보고, 이러한 철학이나 분석틀을 기초로 다양한 분야의 정책들을 각 주제별로 나누어 분석해본다."
4학년,1학기,1전선,HAAL0033,가족복지학과,지역사회복지론(캡스톤디자인),3,3,"지역사회를 대상으로 접근하는 간접적 사회복지실천방법으로서 지역사회 원조기술의 이론과 방법을 습득하고, 나아가 지역사회복지의 다양한 실천분야를 이해함으로써 지역사회복지 실천을 위한 전문 사회복지사로서의 능력을 배양하고 향상시킨다."
4학년,1학기,1전선,HAAL6005,가족복지학과,보육실습,3,3,보육교사 자격 인정 관계 과목에서 익힌 이론을 실제 보육시설에서 아동들을 대상으로 적용해 봄으로써 현장에 대한 이해를 넓히고 실무 및 실기를 습득한다.
4학년,1학기,1전선,HAAL9002,가족복지학과,집단상담,3,3,전문적으로 훈련된 상담자의 지도와 동료들과의 역동적인 상호교류를 통해 상담적 효과를 달성하는 집단상담의 이론과 실제를 다룬다. 집단상담의 기본개념과 역동을 이해하고 이론적 접근을 다룸으로써 집단상담과 관련된 주요한 이론적 지식을 습득한다. 또한 집단상담의 과정을 살펴보며 응용과 사례연구를 통하여 집단상담의 실제를 경험한다.
4학년,2학기,1전선,HAAL0019,가족복지학과,사회복지현장실습,3,3,사회복지사 2급 자격과 관련된 기관에서 4주 간 현장실습을 한다. 학생들의 관심영역에 따라 사회복지사의 자격취득을 원하는 학생은 사회복지기관에서 4주 간의 현장실습을 실시한다.
4학년,2학기,1전심,HAAL9003,가족복지학과,언어지도,3,3,영유아기 언어의 기능과 특성을 파악함으로써 유아가 언어를 통해 자신을 표현하고 타인과의 상호작용하는 능력을 향상시킬 수 있는 지도방법을 모색한다.
4학년,2학기,1전선,HAFU0029,가족복지학과,사회복지행정론,3,3,사회복지정책과 프로그램 등의 효과적인 집행을 위해 필요한 각종 조직구조와 관리기법 그리고 전달체계 및 역할분담 등에 대한 논의를 진행한다. 이를 통해서 사회복지행정의 필요성에 대한 이해를 제고할 뿐만 아니라 사회복지와 관련된 행정관리역량의 향상 방안 및 패러다임 변화 등에 대해서 학습한다.
3학년,2학기,1전선,HARF0001,인문사회과학대학,취업과창업(인문사회),1,1,"전공과정 3학년 학생을 대상으로 취, 창업 트렌드와 최신 정보 제공, 취업 선배 현직자 및 전문가 특강, 직업 선호도 검사, 자기소개서 작성 지도 및 면접스킬 특강 등을 통해 졸업 후 진로 설정에 도움을 주며, 취·창업 전략을 수립, 설계하고 준비할 수 있도록 한다."
1학년,1학기,1전선,HAHA0005,국가안보학과,특성화교육1,1,1,"국가안보학과 학생으로서 지녀야 할 지식과 소양,
 체력을 기르는 것에 목적을 둔다."
1학년,1학기,1전선,HAHA0006,국가안보학과,국가안전보장론,3,3,"국가 안보에 대한 일반적 개념과 국가의 정치외교?경제?사회문화?과학기술?군사력 등이 국가 안보에 미치는영향, 안보정책과 국방정책, 군사전략의 관계, 안보환경과 안보정책결정과정, 자주국방 및 평화통일 방안 등에 대한 연구로 국가안보의 중요성을 인식시키고 건전한 국가관을 확립하도록 지도하는 과정이다."
1학년,1학기,1전선,HAHA0019,국가안보학과,무기체계이해,2,2,"현대전의 승패의 관건인 군사과학기술을 연구하는 학문으로 군사 과학 기술의 발달과 무기체계의 발달과정을 이해하고 총포의 구조와 기능, 탄도학의 이해, 폭발물과 화학작용제의 특성, 기동 및 대기동에 대한 원리를 이해한 후, 전쟁억제를 위한 자주국방과 동맹관계에서 적정수준의 무기획득에 대한 정책적 대안을 구상하는 과정이다."
1학년,1학기,1전선,HAHA0048,국가안보학과,한국사,3,3,"우리 민족의 고대사로부터 현대사에 이르기까지 올바른 역사의식을 주입시켜 주변국가의 역사왜곡에 대응할 수 있는 분석 판단 능력을 구비케 하고, 조선시대사의 발전상과 그 문화유산을 살펴봄으로써, 한국사가 발전해 가는 과정을 이해하는데 중점을 두며 한민족의 수난 역사의 전쟁 교훈을 도출하여 상무정신과 국가관을 확립한다."
1학년,1학기,1전선,HAHC0002,국가안보학과,군대윤리,3,3,"군 조직을 구성하고 운영하는 군사문화(군인복무규율, 계급체계, 군인정신 등)를 이해하고, 군 임무수행과 관련하여 군인이 지녀야 할 태도?행동 규범체계에 대한 이해와 실천능력을 함양하기 위하여 군대윤리의 개념, 군 직업윤리, 장교윤리규범 및 바람직한 장교 상 등을 연구하여 군 조직을 견인할 수 있는 건전한 리더로 육성하는 과정
이다."
1학년,2학기,1전선,HAHA0003,국가안보학과,한국전쟁사,3,3,"해당 과목의 목표는 군사관련 한국 고전사 및 6.25 전쟁을 개관하여 주요 전례분석을 통해 지휘통솔 및 작전적 안목을 증대시키며, 이를 통해 미래의 전쟁에 대비하는 전략전술적 사고의 기초를 제공하는 데 있다."
1학년,2학기,1전선,HAHA0004,국가안보학과,병영체험1,1,1,"사단급 신병교육대 기본 교육과정을 통해서 군병영의 신병양성훈련을 체험시켜, 추후 신병관리 및 부대활동에 적응능력을 부여한다. 그리고 병영생활을 통하여 군사문화를 체험하는 과정이다."
1학년,2학기,1전선,HAHA0029,국가안보학과,한반도평화와통일,3,3,국방에서의 정책에 대한 개념을 이해하고 변천과정을 통하여 올바른 역사관을 확립한다. 국방정책에 활용하는 주요 이론을 통하여 정책이 수립되는 절차와 목적을 알아본다. 다양한 국방정책 사례를 통하여 실무능력을 축적하고 올바른 정책을 수립할 수 있는 방향을 이해한다.
1학년,2학기,1전선,HAHA0049,국가안보학과,그림으로이해하는세계전쟁사,3,3,전쟁은 국가의 존망과 개인의 생사를 결정하는 매우 중요한 현상이다. 전쟁의 역사의 흐름속에서 전쟁이란 무엇이고 전쟁이 왜 일어나고 전쟁은 어떻게 발전되어 왔으며 전쟁의 승패요인 및 전쟁수행에 필요한 기본 원칙을 학습하여 이러한 전쟁을 예방할수 있는 방법을 강구한다.
1학년,2학기,1전선,HAHB0007,국가안보학과,군리더십이해,3,3,"군사전문가 및 군의 장교로서 갖추어야 할 지휘통솔에 관한 교육이다. 따라서 초급장교가 야전에 배치되는 순간부터 직면하는 임무수행, 부대관리 과정에서 발생하는 위기관리, 갈등관리, 스트레스 관리 등에서 솔선수범하는 자세와 신상필벌방법, 참여의식 고취방법 등에 대하여 교육(실습병행)을 통해 지휘능력을 구비시키는 과정이다."
2학년,1학기,1전선,HAHA0013,국가안보학과,영화로이해하는국제분쟁,3,3,국제분쟁은 국제볍상의 법률관계 또는 국제정치상의 이해관계에 관한 국가간의 의견충돌을 말한다. 본 과정에서는 국제분쟁의 총괄적인 이해와 해결방법 등이 다루어진다.
2학년,1학기,1전선,HAHA0023,국가안보학과,사이버전이해,2,2,"사이버전 개념에 대한 올바른 이해와 다양한 사이버 공격 형태, 특징과 양상을 알아보고, 이에 따른 보안 기술들을 예방, 탐지, 조사 및 분석 측면에서 학습한다. 사이버 공간에서 발생할 수 있는 다양한 사이버 공격 형태들을 포괄적으로 이해하여 군 장교로서 현재 및 미래 사이버 공격의 예방 및 보안 기술과 방법에 대해 학습한다."
2학년,1학기,1전선,HAHA0037,국가안보학과,잠재역량개발1,1,1,"국가안보학과 학생으로서 지녀야 할 지식과 소양,
체력을 기르는 것에 목적을 둔다."
2학년,1학기,1전선,HAHB0004,국가안보학과,리델하트의전략론,3,3,"전쟁과 군사에 관한 정신적 기조와 전쟁관, 전쟁지도 및 수행, 전략 및 전술 등 군사이론의 개념을 제공하는 동서양 주요 군사사상을 고찰한다. 국가전략의 주요 부분전략으로써 군사전략의 본질과 개념을 이해하고, 국가목표 달성을 위한 군사력의 건설과 역할 및 운용에 관해 탐구한다."
2학년,1학기,1전선,HAHC0005,국가안보학과,전쟁과군법,2,2,"군과 연계된 법철학과 헌법으로부터 시행령에 이르기까지 법체계를 이해하고, 군사관련 법규의 체계와 군사법의 운영을 위한 제도 및 체계와 군사법의 운영을 위한 제도 및 조직을 고찰하고 군사법 적용능력을 구비한다."
2학년,1학기,1전선,HAHC0012,국가안보학과,군인적자원관리,3,3,"인적자원은 조직의 성공 여부를 결정짓는 핵심자원으로서 전략적 중요성이 있다. 본 과정에서는 사람에 대한 다양한 관점과 인적자원관리의 역사를 학습하고, 장교들이 조직의 성공을 위해 자신의 노력을 발휘할 수 있도록 하는 방법을 탐구해 보고자 한다. 본 과복에서는 군에서 인력의 채용, 평가, 보상, 승진, 개발 등이 다루어진다."
2학년,2학기,1전선,HAHA0010,국가안보학과,병영체험2,1,1,"부사관 양성의 기본 교육과정 체험을 통해서 부사관 교육체계를 체험하고, 향후 교관 임무수행 능력에 잠재능력
을 배양하며 부대관리 간에 부사관을 이해하는 계기를 부여한다."
2학년,2학기,1전선,HAHA0026,국가안보학과,국방경영및관리,3,3,"국방경영 및 관리의 최종 목적은 국방목표를 설계하고 설계된 국방목표를 달성할 수 있도록 최선의 방법을 선택하여 보다 합리적으로 자원을 배분?운영함으로써 국방의 기능을 극대화시키는 데에 있으며, 해당 과목을 통해 기획으로부터 계획, 예산, 집행에 이르기까지 국방 관리기능을 유기적으로 연결짓는 방법과 국방요원의 다각적인 노력을 체계적으로 결집시킨 종합적인 자원관리체계에 대해 탐구한다."
2학년,2학기,1전선,HAHA0052,국가안보학과,전술과작전술,2,2,"국가안보학과 학생은 장차 전술적 수준의 부대(소대~야전군)로부터 작전적 수준의 부대(합동참모본부, 한미연합사령부)에서 전투지휘자 및 참모로서의 역할을 수행하게 된다. 본 과목은 학생들에게 전투지휘의 기반지식이 되는 ‘전술’과 ‘작전술’을 이해하고 이를 창조적으로 적용할 수 있는 능력을 배양하는 데 목적을 둔다."
3학년,1학기,1전심,HAHA0030,국가안보학과,정전체제와안보,3,3,"과학기술과 사회의 변화 및 발전 추세를 고려한 미래의 전쟁 양상, 신무기, 전략전술의 변화 등을 군사혁신, 비전 등과 연계하여 연구 및 학습한다."
3학년,1학기,1전선,HAHA0039,국가안보학과,비전설계1,1,1,"국가안보학과 학생으로서 지녀야 할 지식과 소양,
 체력을 기르는 것에 목적을 둔다."
3학년,1학기,1전심,HAHA0044,국가안보학과,군사학이해,3,3,군대사회현상은 자신이 의미하고 있는 바를 스스로 말하지 않기 때문에 이를 해결해야 하는 장교는 이를 요약?정리해서 말을 시키고 이것이 의미하는 것을 파악하는 능력을 구비해야 한다. 해당 과목에서는 그 능력을 성장시키는 것에 초점을 맞춘다.
3학년,1학기,1전선,HAHC0007,국가안보학과,민군협력과방위산업의이해,3,3,"현대전쟁에서는 민군관계의 정립이 무엇보다 중요하다. 민군관계의 개념을 이해하고, 군대와 사회와의 관계, 군대와 정치와의 관계를 탐구하여 유사시 유기적인 관계가 정립될 수 있도록 민군관계의 바람직한 모델과 발전과제를 모색하는 과정이다."
3학년,2학기,1전선,HAHA0007,국가안보학과,북한체제및군사연구,2,2,"우리와 대적하고 있는 북한군의 창군과 확장 및 북한군사체제, 군사정책과 업무체계를 알아보고, 북한군의 지휘체계와 군사력의 실체를 살펴본다. 군 초급장교로서 반드시 인식해야할 북한의 실체를 규명하고 대비할 수 있는 지
혜를 학습한다."
3학년,2학기,1전심,HAHA0022,국가안보학과,손자와간접접근전략,3,3,"클라우제비츠의 “전쟁론”, 손자의 “손자병법”, 세조의 “병장설” 등 동?서양의 군사고전들 중 중요한 텍스트를 강독?분석함으로써 작전술과 지휘술, 군대의 편성과 유지 등에 관한 중요 개념 및 이론을 탐구한다."
3학년,2학기,1전심,HAHA0027,국가안보학과,전략적국방분석(캡스톤디자인),3,3,"국가와 사회, 개인 안보에 대한 개념을 정립하고 국내외 주요 안보정책과 실제사례 연구 및 토의를 통하여 미래 안보역군으로서의 직무 역량을 배양한다."
3학년,2학기,1전심,HAHA0046,국가안보학과,글로벌안보와국가위기관리,3,3,"오늘날 국제질서가 미?중의 G2체제로 재편되고 있는 가운데 동북아 지역은 북한 핵?미사일, 역사왜곡, 영토분쟁 등으로 갈등이 심화되는 한편, 대내적으로 북한 무력도발 및 각종 재난과 같은 위협의 상존으로 이에 대한 국가차원의 위기관리능력이 요구되고 있는데 이에 대해 군인으로서 지녀야 하는 소양에 대해 탐구한다."
3학년,2학기,1전심,HAHA0051,국가안보학과,동아시아와유라시아지역연구,2,2,"국가안보학과 학생으로서 갖춰야할 동아시아와 유라시아 지역에 대한 지식과 국가전략, 소양을 가르치는 것에 목적을 둔다."
3학년,2학기,1전선,HAHA0054,국가안보학과,군사영어,2,2,각종 군사작전에 필요한 기본 군사영어 어휘력 및 브리핑 실력을 배양하여 초급지휘자로서 연합 및 합동작전에 필요한 기본적인 지식을 습득하도록 한다.
4학년,1학기,1전선,HAHA0041,국가안보학과,지휘통솔1,1,1,"국가안보학과 학생으로서 지녀야 할 지식과 소양,
 체력을 기르는 것에 목적을 둔다."
4학년,1학기,1전심,HAHA0050,국가안보학과,국방정책의이해,2,2,"국가와 사회, 개인 안보에 대한 개념을 정립하고 국내외 주요 안보정책과 실제사례 연구 및 토의를 통하여 미래 안보역군으로서의 직무 역량을 배양한다."
4학년,1학기,1전심,HAHA0053,국가안보학과,군상담심리학,2,2,"상담심리학은 인격적인 만남을 통해서 사람들의 바람직한 변화를 돕는 과정이다. 인간의 변화와 상담, 상담관계, 상담과 의사소통, 문화와 상담, 상담연구방법, 상담의 종류, 형태 및 적용 분야에 대한 고찰을 통해 상담과 상담학에 대한 이해와 리더로서 조직과 조직구성원을 관리하는 능력을 구비시킨다."
4학년,1학기,1전심,HAHC0010,국가안보학과,국제관계와국방협력,3,3,"국가중심주의의 세계관에 입각한 다양한 이론을 소개하고 국제관계학이 국가 간, 정부 간, 집단 간의 관계양상을 연구하되 정치?경제?사회?군사 외교역사?문화심리?인류정보환경 등의 여러 학문을 끌어들여 연구하고, 여기에 통합 학문적 성격을 체계화 하여, 개인?국가?국제기구?전 국가기구가 각각 가지는 관계의 기능성과 관계를 이해하는 과정이다."
4학년,2학기,1전선,HAHA0045,국가안보학과,미래국방혁신,3,3,"조직행동에 대한 학습을 통하여 조직 속에서 인간의 행위를 파악해 봄으로써 인적 자원에 대한 중요성을 인식한다. 개인에게는 직무만족과 자아실현 및 자기개발에 의한 능력개발을 지향하는 것이다. 그리고 조직에게는 인간존중을 통한 개인목적의 달성과 함께 조직목적으로서의 조직유효성을 제고시키는데 있는 것이다. 조직행동에 대한 
이해와 안목을 형성하여 조직 내에서 함께 어울려 살아가고 성과를 내는 지식과 소양, 역량을 함양하는데 목표가있다."
전체학년,하계 특별학기(A),1전선,HATB0045,국가안보학과,국가안보와테러리즘(특별),3,3,
3학년,2학기,1전선,HARF0002,사범대학,취업과창업(사범),1,1,"전공과정 3학년 학생을 대상으로 취, 창업 트렌드와 최신 정보 제공, 취업 선배 현직자 및 전문가 특강, 직업 선호도 검사, 자기소개서 작성 지도 및 면접스킬 특강 등을 통해 졸업 후 진로 설정에 도움을 주며, 취·창업 전략을 수립, 설계하고 준비할 수 있도록 한다."
1학년,1학기,1전선,HABA1011,국어교육과,국어학개론,3,3,"한국어 음성, 음운, 통사, 의미, 화용 구조와 체계를 살펴보고, 한국어 교육 현장에서 활용할 수 있는 지식을 구축하는 데 목표를 둔다. 이를 위하여, 실제 언어생활 속에서 나타나는 다양한 언어 자료를 분석하고, 그 과정에서 한국어의 현상과 규칙을 탐구하는 방법과 절차를 교수-학습한다."
1학년,1학기,1전선,HABA1021,국어교육과,학교현장과현대문학,3,3,"문학과 문학연구에 관한 기본적인 문제점들을 강의하고, 우리 시대 한국 문학의 대표작들을 강독함으로써 한국 현대문학에 대한 이해와 감상 ?비평능력을 기르고자 하는 취지에서 개설한 국어교육과 입문 과목의 하나이다."
1학년,1학기,1전선,HABA1032,국어교육과,국어교사와국어교육의탐구,3,3,"국문학의 개념과 범위를 살피고, 각각의 갈래별 주요 특성과 발생 및 전개 양상을 살핀다. 특히 국문학의 제반 문제와 주요 쟁점을 중심으로, 국문학에 대한 거시적 이해와 더불어 개별 작품의 감상이 이루어질 수 있도록 한다."
1학년,1학기,1교직,HATT0001,국어교육과,미래교사와인성,1,1,"교직과 인성 강좌는 1학년 지도 학생들과 담당 교수님이 만나, 학교 수업을 벗어난 특별 활동을 함께 함으로써 학생들의 인성 함양에 도움을 주는 것을 목적으로 한다. 주말이나 공휴일에 봉사 일정을 잡아서 학생들과 함께 봉사 활동에 참여하거나, 야외로 나가 문화 탐방이나 자연 학습 등의 활동을 하면서 지도교수가 학생들에게 심어주고 싶은 인생관, 가치관 등에 대해 자연스럽게 대화를 나눌 수 있는 기회를 갖는다. 그 과정에서 학생들이 교수님에게 친숙하게 마음을 열고 자신의 여러 문제를 의논하며 사회에 공헌하고 개인의 발전을 이루어 갈 의미 있는 대학생활을 하겠다는 생각을 갖도록 한다."
1학년,1학기,1교직,HATT0011,국어교육과,미래교사와의사소통,1,1,"중등교사로서 갖추어야 할 인성과 자질을 함양하고, 효과적인 수업을 위한 지식과 교수 방법을 탐색한다."
1학년,2학기,1전선,HABA5002,국어교육과,화법교육론,3,3,"국어 표현expression 영역에 해당하는 말하기speaking의 원리와 방법, 그리고 그 교육이론을 이해하고 이를 바탕으로 중등학교 교육현장에 적용할 수 있는 국어표현교육의 내용과 방법을 모색한다."
1학년,2학기,1교직,HATT0001,국어교육과,미래교사와인성,1,1,"교직과 인성 강좌는 1학년 지도 학생들과 담당 교수님이 만나, 학교 수업을 벗어난 특별 활동을 함께 함으로써 학생들의 인성 함양에 도움을 주는 것을 목적으로 한다. 주말이나 공휴일에 봉사 일정을 잡아서 학생들과 함께 봉사 활동에 참여하거나, 야외로 나가 문화 탐방이나 자연 학습 등의 활동을 하면서 지도교수가 학생들에게 심어주고 싶은 인생관, 가치관 등에 대해 자연스럽게 대화를 나눌 수 있는 기회를 갖는다. 그 과정에서 학생들이 교수님에게 친숙하게 마음을 열고 자신의 여러 문제를 의논하며 사회에 공헌하고 개인의 발전을 이루어 갈 의미 있는 대학생활을 하겠다는 생각을 갖도록 한다."
1학년,2학기,1교직,HATT0010,국어교육과,교육학개론,2,2,교육의 제 원리와 그 실제에 대한 학문적 이해를 통해 앞으로의 교직과목 이수에 요구되는 교육학적 지식의 기초를 마련한다. 현대 교육학의 기본 개념과 이론적 구상들을 통해 교육의 목적과 의미를 개관한다.
1학년,2학기,1전선,HATT0061,국어교육과,국어교과교육론,3,3,"국어교육의 이론적 관점에 대하여 개괄적으로 이해하는 것을 목표로 한다. 제도교육으로서의 국어교육을 구성하고 있는 다양한 체계들, 예를 들면 국어과 교육과정, 국어과 교재, 국어과 교수학습, 국어과 평가, 국어교육사 등에 대한 이해뿐만 아니라 국어교육의 하위 영역들 즉, 듣기, 말하기, 읽기, 쓰기, 문법 문학 교육에 대해서도 개괄적으로 이해하도록 한다."
2학년,1학기,1전선,HABA1112,국어교육과,현대문법교육론,3,3,"국어교육 현장에서 활용할 수 있는 현대 한국어 문법과 규범에 대한 정보를 구축하고, 이를 토대로 국어 문법 교수-학습 방법을 이해하는 데 목표를 둔다. 이를 위하여, 학문 문법과 학교 문법의 공통점과 차이점을 구체적으로 논의하고, 나아가 중등 국어교육 현장에서 활용하고 있는 다양한 교재에 실려 있는 문법 정보를 검토하고 분석한다."
2학년,1학기,1전선,HABA2141,국어교육과,현대시교육론,3,3,"시의 본질을 형식, 기능, 존재면에서 정확히 이해하게 하고, 시어의 특징과 이미지imagery, 상징symbol의 시적 기능을 깊이 있게 연구하여 한국 현대시modern Korean poetry의 흐름과 그 특징을 안다. 나아가서는 이러한 지식을 바탕으로 교육현장에서 한국 현대시를 효과적으로 지도할 수 있는 방안을 모색한다."
2학년,1학기,1전선,HABA3272,국어교육과,고전소설교육론,3,3,한국 고전소설의 일반적 특성과 중요 작가 및 작품을 검토하여 고전소설에 대한 이해를 심화하고 고전소설교육의 제반 사항을 검토함으로써 중등학교에서 고전소설을 지도할 때 필요한 지식과 방법을 체계적으로 습득한다.
2학년,1학기,1전선,HABA9001,국어교육과,국어교과논리및논술,3,3,"논증적 글쓰기(logical writing)의 특성과 원리에 대한 이론적 지식을 습득하고, 중등학교 논술 교육의 내용과 방법론을 탐구한다. 또한 국어 표현expression 영역에 해당하는 쓰기writing의 원리와 방법, 그리고 그 교육이론을 이해하고 이를 바탕으로 중등학교 교육현장에 적용할 수 있는 국어표현교육의 내용과 방법을 모색한다."
2학년,1학기,1전선,HABA9003,국어교육과,국어교육론,3,3,"국어교육의 목표, 내용, 방법, 평가 등 국어교육학의 학문적 체계를 이해하는 것을 목적으로 한다. 구체적으로는 총론적 측면에서 국어교육을 바라보는 관점과 철학, 교육과정, 교과서와 평가 등의 문제를 다루며, 각론적인 측면에서 말하기speaking, 듣기listening, 읽기reading, 쓰기writing, 문법grammar, 문학literature의 각 영역별 목표와 교수teaching, 학습learning 내용과 방법, 평가 등에 대해서 이해하고 실제 교수 방법에 적용할 수 있는 능력을 기르게 한다."
2학년,1학기,1교직,HATT0004,국어교육과,미래교사와학교현장,1,1,"전공 4학년 학생들을 대상으로 교수와의 직접적인 대화 및 토론, 견학 등을 통해, 학생들이 취업에 대한 의식을 함양하고 향후 취업을 위한 준비 계획 수립 및 진로 결정"
2학년,1학기,1교직,HATT0020,국어교육과,교육심리,2,2,"가르치고 배우는 과정과 관련된 인간의 심리를 체계적으로 이해하고, 교육현장에서 만나는 학생들의 심리적 특성을 탐구한다."
2학년,1학기,1교직,HATT0030,국어교육과,교육철학및교육사,2,2,교육이론의 기저를 형성하는 상이한 인간이해 및 주요한 철학적 관점을 소개하면서 교육의 본질과 목적 그리고 교육적 가치의 역사?문화적 요인들을 논의한다. 다양한 교육사상가와 교육철학을 비교?평가함으로써 교육의 기본적인 문제점들과 그에 대한 해결방안을 모색하며 그에 따른 교육의 이론과 철학의 동향을 연구한다.
2학년,2학기,1전선,HABA2131,국어교육과,국문학사,3,3,한국 고전문학의 역사적 전개를 장르 체계 및 문학 담당층과 관련지어 체계적이고 구체적으로 이해한다. 이를 통해 한국 고전문학에 대한 종합적이고 통시적인 안목을 기르고 국어교사에게 필요한 기본적인 지식을 습득한다.
2학년,2학기,1전선,HABA2151,국어교육과,고문법교육론,3,3,"중세국어(medieval Korean)의 문법적 특징을 이해하고, 중세국어 시기 문헌을 정확히 해독할 수 있는 능력을 기르도록 한다. 또한 이러한 지식을 바탕으로 고등학교의 국어사(Korean language history) 교육에 적용할 수 있는 방법을 탐구한다."
2학년,2학기,1전선,HABA2172,국어교육과,소설교육론,3,3,"한국 현대 문학에서 가장 중요한 시기에 해당하는 식민지 시대의 대표적인 단편소설들을 읽고 토론하는 한편 이와 관련된 소설 이론 강의를 수강함으로써, 한국근대소설사의 전체 윤곽을 파악하고 소설에 대한 올바른 감상과 과학적인 분석을 가능하게 한다. 나아가서는 이러한 지식을 바탕으로 교육현장에서 한국현대소설을 효과적으로 지도할 수 있는 교수-학습 방안을 모색한다."
2학년,2학기,1전선,HABA2192,국어교육과,중세시가교육론,3,3,"고대가요, 향가, 고려가요(속요, 경기체가)의 장르별 특성과 역사적 변모를 살핌으로써 시가에 대한 이해를 심화한다. 주요 장르에 대한 이해를 바탕으로 개별 작품을 감상하고, 이를 통해 고전시가 교육의 실제 내용 및 방법에 대해 탐구한다."
2학년,2학기,1전선,HABA5001,국어교육과,독서교육론,3,3,"국어 이해 영역에 해당하는 읽기와 듣기의 원리와 방법, 그리고 그 교육에 대한 이론적 지식을 습득하고, 중등학교 교육현장에서 국어이해교육의 내용과 방법을 탐구한다. 이를 바탕으로 사회통합을 위한 이해교육론의 이론을 학습하고 실제로 적용해본다."
2학년,2학기,1전선,HABA9217,국어교육과,학교문법과교재연구,3,3,학교문법에 대한 제반 이론을 검토하여 학교문법 교육에 활용할 수 있는 적절하고 유용한 자료를 연구한다.
2학년,2학기,1교직,HATT0003,국어교육과,교육평가,2,2,"교육평가에 관련된 검사문항 제작법, 검사의 양호도를 의미하는 타당도, 신뢰도, 객관도, 실용도, 문항의 난이도, 변별도 등에 관련된 이론을 살펴보고 이들 교육평가 분야에서의 최근 연구 동향을 파악하여 교육현장에서 효율적으로 활용할 수 있도록 한다."
2학년,2학기,1교직,HATT0004,국어교육과,미래교사와학교현장,1,1,"본 교과목은 교육학과 학생이 진로선택 및 취업과정의 모든 문제들을 스스로 생각하고 고민하여 결정하게 함에 그 목적이 있다. 다양한 질문을 통하여 교육 참가자 스스로 주차별 주제에 대해 생각할 기회를 제공하고, 자신의 입장을 발표할 수 있도록 유도한다. 또한, 주차별 주제에 맞는 자료를 제공하여 습득하게 하고, 학생 스스로 진로 선택 및 준비에 대해 결론을 맺을 수 있게 한다."
2학년,2학기,1교직,HATT0040,국어교육과,교육사회,2,2,"교육사회학은 교육이란 활동을 사회라는 거대한 조직과 연결하여 교육현장에서 활용할 수 있는 사회학적 지식을 체계화 한 것이란 관점에서, 교육의 사회적 기능 및 사회?문화간의 관계를 기존의 이론적 틀 속에서 규명하여 새로운 교육의 미래를 진단한다."
2학년,2학기,1교직,HATT0103,국어교육과,특수교육학개론,2,2,"본 교과는 일반교육 예비교사를 대상으로 특수교육 대상자에 대한 이해, 특수교육과정, 장애영역별 특성 및 교수-학습 방법, 통합교육, 장애인을 위한 제반 서비스 지원과 관련된 사항을 교육함으로써 장애학생 통합 상황에서 교사로써의 역할을 준비하기 위한 과목이다."
2학년,2학기,1교직,HATT0200,국어교육과,교육봉사활동1,1,2,"초중등 학생들의 학습지도 등을 통하여 현장에서 학생들과 상호작용하는 경험을 쌓고, 예비교사로서 인성과 자질을 함양한다."
2학년,2학기,1교직,HATT0206,국어교육과,교육봉사활동2,1,2,"예비교사로서 학생들과 실질적인 교류를 경험하고, 이것을 통해 교직에 관한 마음가짐을 새롭게 한다."
3학년,1학기,1전심,HABA3231,국어교육과,현대문학사,3,3,"한국문학사 중 근현대 문학의 흐름을 집중적으로 연구, 검토함으로써 한국 문학 전반의 흐름을 체계화, 의미화할 수 있는 능력을 기른다. 나아가서는 현장에서 체계화된 문학 수업을 할 수 있는 교사의 자질을 기른다."
3학년,1학기,1전선,HABA3241,국어교육과,미디어리터러시와교육연극론,3,3,"2015년 개정 교육과정에서 연극이 일반 선택과목으로 포함되면서 중고등학교 현장에서 희곡교육의 중요성이 도래했다. 또한 TV등 다양한 영상예술 장르가 확산되면서 다양한 매체리터러시에 대한 이해가 필요한 시점에 와 있다. 희곡은 문학의 3대 갈래 중 하나로 연극적 형상화를 전제로 하는 문학장르이다. 따라서 극이 가진 문학성과 연극성을 동시에 교육해야 하므로 일반적인 문학교육과는 다른 방식으로 교육이 진행되어야 한다. 또한 다양한 매체를 읽는 미디어 리터러시에 대한 교육도 병행되어야한다. 미디어리터러시와 교육연극론은 교육현장에서 희곡의 문학성과 극성을 동시에 지도하고 희곡과 다양한 영상예술장르에 대한 이해를 높이며, 그것을 바탕으로 창의융합형 인재를 육성할 수 있도록 돕는다."
3학년,1학기,1전선,HABA3292,국어교육과,국어사자료강독,3,3,"중세국어와 근대국어의 모습을 가장 잘 보여주는 문헌을 선별하여 읽고 정확히 해석하도록 한다. 이러한 과정을 통해 중세국어와 근대국어의 표기법과 음운, 형태, 통사, 어휘적 특징과 변화 과정을 이해할 수 있다."
3학년,1학기,1전심,HABA9211,국어교육과,고전문학과문화콘텐츠(캡스톤디자인),3,3,"고전문학을 제재로 교육 현장이 요구하는 교육용 교재 등을 개발하는 것을 목표로 한다. 이를 위해 교재 제작의 기획, 설계, 수행, 평가에 이르는 전 과정을 직접 수행한다."
3학년,1학기,1교직,HATT0002,국어교육과,교육과정,2,2,"교육과정의 개념, 이론, 유형, 변천사, 그리고 최근의 교육과정 쟁점 등을 탐구하고, 교육과정 문해력을 함양하며, 교육과정을 편성, 재구성 및 개발하고 운영할 수 있는 능력을 배양한다."
3학년,1학기,1교직,HATT0056,국어교육과,생활지도및상담,2,2,"청소년들의 전인적 발달과 정신건강을 돕기 위한 생활지도의 다양한 접근을 이해하고, 실제 학교 현장에서 활용할 수 있는 생활지도 방법을 학습한다."
3학년,1학기,1교직,HATT0070,국어교육과,교육방법및교육공학,2,2,"교육공학과 관련한 기초적인 교수-학습이론 및 교수설계이론들을 탐구해 보고, 교사로서 혹은 교수설계자로서 효과적인 교수-학습환경을 설계 및 적용할 수 있는 능력을 배양시키고자 한다. 본 교과에서는 다양한 교수설계모형에 따라 실제 수업을 설계해보고, 학교교육뿐만 아니라 기업교육 등 다양한 맥락에서 교육공학을 활용할 수 있는 역량을 갖추도록 한다."
3학년,1학기,1전선,HATT0081,국어교육과,국어교과교재연구및지도법,3,3,국어교육에 관한 제반 이론들을 연구 검토하여 국어교육 현장에서 실제로 활용할 수 있는 적절하고 유용한 교재를 개발한다.
3학년,1학기,1교직,HATT0104,국어교육과,교직실무,2,2,교직에 대한 이해를 높이고 교사의 실질적 업무를 개괄함으로써 바람직한 교사가 되기 위한 소양을 기른다. 1. 교사의 삶과 교직에 대한 자신의 견해를 확인하며 왜 교사가 되고자 하는지를 숙고한다. 2. 교사의 다양한 업무에 대해 실질적으로 이해한다.
3학년,1학기,1교직,HATT0200,국어교육과,교육봉사활동1,1,2,"초중등 학생들의 학습지도 등을 통하여 현장에서 학생들과 상호작용하는 경험을 쌓고, 예비교사로서 인성과 자질을 함양한다."
3학년,1학기,1교직,HATT0206,국어교육과,교육봉사활동2,1,2,"예비교사로서 학생들과 실질적인 교류를 경험하고, 이것을 통해 교직에 관한 마음가짐을 새롭게 한다."
3학년,2학기,1전심,HABA2202,국어교육과,근세시가교육론,3,3,"시조, 가사, 악장, 잡가 등 조선시대에 향유되었던 시가들을 대상으로, 형태적 특성, 향유 계층, 미의식, 역사적 변모 등을 구체적 작품을 통해 살펴봄으로써 시가에 대한 이해를 심화한다. 주요 장르 및 작품, 작가에 대한 이해를 바탕으로 교육 내용 및 방법을 모색한다."
3학년,2학기,1전선,HABA3211,국어교육과,국어사,3,3,"고대국어(ancient Korean)로부터 현대국어(contemporary Korean)에 이르기까지 국어의 역사적 변천을 이해하도록 한다. 각 시대별 표기, 음운, 형태, 통사, 어휘의 특징을 살펴보고, 그 변천 과정을 이해한다."
3학년,2학기,1전심,HABA3261,국어교육과,형태·통사론,3,3,"형태론의 기본 단위인 형태소의 개념, 단어와 구, 새로운 단어를 생성하는 합성법과 파생법, 단어의 어형이 변화하는 활용 등을 이해하고, 형태론과 음운론 및 통사론의 관계도 살펴본다. 또한 단어의 결합으로 이루어진 절과 문장의 기능 및 구조를 분석하고, 현대국어의 문법 현상과 규칙을 이해하는 데 목표를 둔다."
3학년,2학기,1전선,HABA5004,국어교육과,학습자맞춤형수업설계(캡스톤디자인),3,3,"이 강의에서는 이해중심교육과정 이론을 바탕으로 교육과정을 해석하여, 학습 목표, 평가, 수업을 연계하는 백워드 설계를 한다. 이와 더불어 학습자 데이터를 분석하여 맞춤형 수업 설계를 적용한다."
3학년,2학기,1전심,HABA9002,국어교육과,현대소설사,3,3,"한국문학사 중 현대소설편을 집중?연구?검토함으로써 한국소설 문학 전반의 흐름을 체계화, 의미화 할 수 있는 능력을 기른다. 나아가서는 현장에서 체계화된 문학수업을 할 수 있는 교사의 자질을 기른다."
3학년,2학기,1교직,HATT0090,국어교육과,교육행정및교육경영,2,2,"교육행정 전반에 걸친 주요개념 및 이론들을 탐색하고 각 개념 및 이론들이 어떻게 교육현장에서 구현되고 있는지 이해한다. 교육조직, 직무동기, 교육리더십, 의사소통 및 의사결정, 인사행정, 재정, 장학, 학교 및 학급경영 등 교육행정 주요영역별 이론들을 실제적 적용 관점에서 탐구한다."
3학년,2학기,1교직,HATT0210,국어교육과,학교폭력예방및학생의이해,2,2,"중등 교육현장에서 생활지도의 주요한 쟁점이 되는 학교폭력을 효과적으로 다룰 수 있는 역량을 갖추기 위하여, 학교폭력의 구조, 유형, 원인, 위험요인 전반에 대한 이론적 이해와 더불어 학교폭력 예방 및 대처를 위한 다양하고 실제적인 접근을 다룬다."
3학년,2학기,1교직,HATT0212,국어교육과,디지털교육,1,1,"본 강의는 시대에 부합하는 인재 양성 및 교육의 효과성 제고를 위해 예비교사의 AI?디지털 교육에 대한 이해 및 실천 역량을 키우는 것을 목적으로 한다. 본 강의는 AI?디지털에 대한 개념과 원리를 다루고, AI?디지털 기술의 올바른 사용과 윤리적 실천에 대한 비판적 관점과 논의를 진행한다. 학습자들은 예비교사로서 AI?디지털 융합 및 활용 교육의 개념을 이해하고 관련 사례를 접함으로써 교육 현장에서의 AI?디지털 기술을 효과적으로 활용할 수 있는 기초 소양을 기른다."
4학년,1학기,1전선,HABA3302,국어교육과,문예비평론,3,3,"한국근대문예비평사를 개관하고 비평사상 대표적인 평론들을 강독함으로써 문예비평의 개념, 의의, 방법론 등을 자연스럽게 터득할 수 있도록 한다."
4학년,1학기,1전심,HABA9214,국어교육과,국어규범교육론,3,3,"이 강좌는 국어 어문규범을 정확히 이해하고, 이를 효과적으로 교육할 수 있는 방법을 모색하는 것을 목적으로 한다. 한글맞춤법, 표준어, 표준발음법 등 표기, 어휘, 음운 차원의 규범과 문법에 맞는 올바른 문장 표현 등 국어교육에 필수적인 언어 규범 지식을 학습한다. 또한 이러한 지식을 효과적으로 전달하는 교수학습 방법에 대해서도 탐색한다."
4학년,1학기,1전심,HABA9215,국어교육과,국어교육과정과평가,3,3,"이 교과목의 목표는 국어과 교육과정과 교육평가의 이론을 이해하고 관련 역량을 신장하는 것이다. 학습자는 국어과 교육과정을 심도 있게 이해하고, 교육과정 원리를 바탕으로 교육과정을 재구성하는 역량을 기른다. 또한 교육평가 원리를 바탕으로 국어과 평가 도구를 개발하여 시행하는 역량을 기른다."
4학년,1학기,1교직,HATT0100,국어교육과,학교현장실습,2,2,예비로사로서 수양과 덕목을 쌓는 기회를 만든다.
4학년,2학기,1전선,HABA4342,국어교육과,문학교육론,3,3,"중, 고등학교 문학교육literary education의 내용과 체계를 검토하여 효과적인 교수 방법론teaching methods을 체득하는 데 목표를 둔다. 자료는 중, 고등학교 교과서 수록 작품 및 문학 교과서Literature textbooks에서부터 확장시킨다."
4학년,2학기,1전선,HATP0001,국어교육과,교과교실수업연구,3,3,"본 교과는 실제 학교현장에서 교사의 수업을 관찰하고, 현직교사 및 교수와 이론과 실제의 문제점을 파악하여 본인의 수업에 적용하고 수업 및 학생과의 소통능력등 예비교사 역량 제고에 목적을 둔다."
4학년,2학기,1교직,HATT0100,국어교육과,학교현장실습,2,2,예비로사로서 수양과 덕목을 쌓는 기회를 만든다.
4학년,2학기,1교직,HATT0101,국어교육과,학교현장실습(학기제),2,2,예비로사로서 수양과 덕목을 쌓는 기회를 만든다.
4학년,2학기,1교직,HATT0211,국어교육과,교직과미래교사,2,2,"이 과목은 교직과 교사의 개념, 교직의 전문성과 개발, 교사의 역할과 책임, 교사의 양성과 발달 프로그램, 교사의 인간관계와 교직 수행에 미치는 영향 등을 두루 살펴보고, 특히 급변하는 교직환경 속에서 교사로서의 진로 목표를 이해하고 가다듬고자 한다."
3학년,2학기,1전선,HARF0002,사범대학,취업과창업(사범),1,1,"전공과정 3학년 학생을 대상으로 취, 창업 트렌드와 최신 정보 제공, 취업 선배 현직자 및 전문가 특강, 직업 선호도 검사, 자기소개서 작성 지도 및 면접스킬 특강 등을 통해 졸업 후 진로 설정에 도움을 주며, 취·창업 전략을 수립, 설계하고 준비할 수 있도록 한다."
1학년,1학기,1전선,HABB1011,영어교육과,영어작문,3,3,기본적인 영어문장 작성을 연습하며 올바르고 정확한 작문체계를 가르치는 능력을 개발한다.
1학년,1학기,1전선,HABB1032,영어교육과,영어독해,3,3,다양한 장르의 영어 읽기를 통해 영어 읽기 능력과 읽기 지도 능력을 함양한다.
1학년,1학기,1전선,HABB1121,영어교육과,영어문법지도법,3,3,영어의 문장구조와 어법을 학교문법의 견지에서 고찰하며 중등학교에서의 지도능력을 기른다.
1학년,1학기,1교직,HATT0001,영어교육과,미래교사와인성,1,1,"교직과 인성 강좌는 1학년 지도 학생들과 담당 교수님이 만나, 학교 수업을 벗어난 특별 활동을 함께 함으로써 학생들의 인성 함양에 도움을 주는 것을 목적으로 한다. 주말이나 공휴일에 봉사 일정을 잡아서 학생들과 함께 봉사 활동에 참여하거나, 야외로 나가 문화 탐방이나 자연 학습 등의 활동을 하면서 지도교수가 학생들에게 심어주고 싶은 인생관, 가치관 등에 대해 자연스럽게 대화를 나눌 수 있는 기회를 갖는다. 그 과정에서 학생들이 교수님에게 친숙하게 마음을 열고 자신의 여러 문제를 의논하며 사회에 공헌하고 개인의 발전을 이루어 갈 의미 있는 대학생활을 하겠다는 생각을 갖도록 한다."
1학년,1학기,1교직,HATT0011,영어교육과,미래교사와의사소통,1,1,"중등교사로서 갖추어야 할 인성과 자질을 함양하고, 효과적인 수업을 위한 지식과 교수 방법을 탐색한다."
1학년,2학기,1전선,HABB1132,영어교육과,중급영어작문,3,3,영어작문에서의 학습을 바탕으로 심화된 내용을 다룬다.
1학년,2학기,1전선,HABB2171,영어교육과,영문학개론,3,3,"영미문학의 장르별 특징, 시대사상, 각 시대를 대표하는 작가들의 주제와 작품의 특징을 파악하여 영미문학작품을 이해하기 위한 기초를 닦는다."
1학년,2학기,1전선,HABB6001,영어교육과,영어회화,2,2,비교적 간단하고 쉬운 원어민의 영어를 듣고 이해하며 쉬운 영어로 자신의 생각이나 의견을 전달하면서 의사소통을 할 수 있도록 지도한다.
1학년,2학기,1전선,HABB6003,영어교육과,언어습득의이해,3,3,언어 습득에 대한 이해를 돕고 학문적 영어 읽기 능력을 함양한다.
1학년,2학기,1교직,HATT0001,영어교육과,미래교사와인성,1,1,"교직과 인성 강좌는 1학년 지도 학생들과 담당 교수님이 만나, 학교 수업을 벗어난 특별 활동을 함께 함으로써 학생들의 인성 함양에 도움을 주는 것을 목적으로 한다. 주말이나 공휴일에 봉사 일정을 잡아서 학생들과 함께 봉사 활동에 참여하거나, 야외로 나가 문화 탐방이나 자연 학습 등의 활동을 하면서 지도교수가 학생들에게 심어주고 싶은 인생관, 가치관 등에 대해 자연스럽게 대화를 나눌 수 있는 기회를 갖는다. 그 과정에서 학생들이 교수님에게 친숙하게 마음을 열고 자신의 여러 문제를 의논하며 사회에 공헌하고 개인의 발전을 이루어 갈 의미 있는 대학생활을 하겠다는 생각을 갖도록 한다."
1학년,2학기,1교직,HATT0010,영어교육과,교육학개론,2,2,교육의 제 원리와 그 실제에 대한 학문적 이해를 통해 앞으로의 교직과목 이수에 요구되는 교육학적 지식의 기초를 마련한다. 현대 교육학의 기본 개념과 이론적 구상들을 통해 교육의 목적과 의미를 개관한다.
2학년,1학기,1전선,HABB2141,영어교육과,영미문화,3,3,"의사소통으로서의 영어 이외에 영어를 사용하는 국민들의 언어 행위, 가치관, 관습 등 다양한 문화를 이해하여 이를 한국문화와 비교하면서 중등교육에 적용할 수 있는 방안을 연구한다."
2학년,1학기,1전선,HABB3251,영어교육과,영어학개론,3,3,"본 교과목은 영어의 음구조, 어형, 문장구조, 의미구조와 심리적, 사회적, 역사적 관점에서 영어의 본질에 대한 분석 이론과 기술방법을 개관하며 두뇌와 영어, 컴퓨터와 영어 등 영어의 본질과 사용면을 두루 고찰한다."
2학년,1학기,1전선,HABB6002,영어교육과,중급영어회화,2,2,영어회화에서의 학습을 바탕으로 심화된 내용을 다루는 과정으로서 일반적 내용에 관한 영어 원어민의 정상 속도의 말을 이해하고 다양한 구문과 어휘를 사용하여 비교적 정확하게 의사를 표현할 수 있는 능력을 기른다.
2학년,1학기,1교직,HATT0004,영어교육과,미래교사와학교현장,1,1,"전공 4학년 학생들을 대상으로 교수와의 직접적인 대화 및 토론, 견학 등을 통해, 학생들이 취업에 대한 의식을 함양하고 향후 취업을 위한 준비 계획 수립 및 진로 결정"
2학년,1학기,1교직,HATT0020,영어교육과,교육심리,2,2,"가르치고 배우는 과정과 관련된 인간의 심리를 체계적으로 이해하고, 교육현장에서 만나는 학생들의 심리적 특성을 탐구한다."
2학년,1학기,1교직,HATT0030,영어교육과,교육철학및교육사,2,2,교육이론의 기저를 형성하는 상이한 인간이해 및 주요한 철학적 관점을 소개하면서 교육의 본질과 목적 그리고 교육적 가치의 역사?문화적 요인들을 논의한다. 다양한 교육사상가와 교육철학을 비교?평가함으로써 교육의 기본적인 문제점들과 그에 대한 해결방안을 모색하며 그에 따른 교육의 이론과 철학의 동향을 연구한다.
2학년,1학기,1전선,HATT0097,영어교육과,제2언어교수법(TESOL),3,3,"제2언어습득과 교수이론의 전반에 거친 개괄적인 지식을 갖추고, 원론을 이해하는 것에 기반을 두고 있다. 또한 개인의 언어발달의 원리와 교수의 기초가 다르지 않으며, 이러한 흐름 속에서 교수자의 수업이 진행되어야 한다는 영어교수의 원리를 이해하고 적용할 수 있게 된다."
2학년,2학기,1전선,HABB2212,영어교육과,영어음성음운론,3,3,"영어의 음성과 음운 조직을 연구함에 있어서 영어음의 조음기관과 발음방법, 그리고 영어 음운의 자질구조, 음절구조, 강세구조 등을 공부하며 중등학교에서의 발음지도방안을 모색한다."
2학년,2학기,1전선,HABB3292,영어교육과,영어통사론,3,3,영어구문을 변형생성문법과 현대언어학 이론의 입장에서 분석한다.
2학년,2학기,1전선,HABB3312,영어교육과,영어읽기지도,3,3,"본 교과는 임용고사를 대비하기 위한 것으로, 고급영어 및 영어교육 전반에 관한 내용을 다룬다."
2학년,2학기,1전선,HABB9213,영어교육과,학습자맞춤형영어연습,2,2,"본 과목은 영어 청취 및 회화 능력의 향상을 목적으로 하며, 구술영어능력 교과목 중 가장 높은 난이도의 수업 및 학습이 이루어진다. 의사소통능력 중심 학습으로 실제 언어사용 환경에서 활용할 수 있는 구술영어 능력의 함양을 목적으로 한다."
2학년,2학기,1교직,HATT0003,영어교육과,교육평가,2,2,"교육평가에 관련된 검사문항 제작법, 검사의 양호도를 의미하는 타당도, 신뢰도, 객관도, 실용도, 문항의 난이도, 변별도 등에 관련된 이론을 살펴보고 이들 교육평가 분야에서의 최근 연구 동향을 파악하여 교육현장에서 효율적으로 활용할 수 있도록 한다."
2학년,2학기,1교직,HATT0004,영어교육과,미래교사와학교현장,1,1,"본 교과목은 교육학과 학생이 진로선택 및 취업과정의 모든 문제들을 스스로 생각하고 고민하여 결정하게 함에 그 목적이 있다. 다양한 질문을 통하여 교육 참가자 스스로 주차별 주제에 대해 생각할 기회를 제공하고, 자신의 입장을 발표할 수 있도록 유도한다. 또한, 주차별 주제에 맞는 자료를 제공하여 습득하게 하고, 학생 스스로 진로 선택 및 준비에 대해 결론을 맺을 수 있게 한다."
2학년,2학기,1교직,HATT0040,영어교육과,교육사회,2,2,"교육사회학은 교육이란 활동을 사회라는 거대한 조직과 연결하여 교육현장에서 활용할 수 있는 사회학적 지식을 체계화 한 것이란 관점에서, 교육의 사회적 기능 및 사회?문화간의 관계를 기존의 이론적 틀 속에서 규명하여 새로운 교육의 미래를 진단한다."
2학년,2학기,1교직,HATT0103,영어교육과,특수교육학개론,2,2,"본 교과는 일반교육 예비교사를 대상으로 특수교육 대상자에 대한 이해, 특수교육과정, 장애영역별 특성 및 교수-학습 방법, 통합교육, 장애인을 위한 제반 서비스 지원과 관련된 사항을 교육함으로써 장애학생 통합 상황에서 교사로써의 역할을 준비하기 위한 과목이다."
2학년,2학기,1교직,HATT0200,영어교육과,교육봉사활동1,1,2,"초중등 학생들의 학습지도 등을 통하여 현장에서 학생들과 상호작용하는 경험을 쌓고, 예비교사로서 인성과 자질을 함양한다."
2학년,2학기,1교직,HATT0206,영어교육과,교육봉사활동2,1,2,"예비교사로서 학생들과 실질적인 교류를 경험하고, 이것을 통해 교직에 관한 마음가짐을 새롭게 한다."
3학년,1학기,1전선,HABB0001,영어교육과,영어문장분석과지도,3,3,본 교과목은 영어구문을 변형생성문법과 현대언어학 이론의 입장에서 분석한다.
3학년,1학기,1전심,HABB1111,영어교육과,커뮤니케이션스킬,2,2,고급영어 실력을 구사하는 학생들에게 특정목적(ESP)의 영어 의사소통 능력(실무영어 사용능력 및 프리젠테이션/토론에 관련된 business communication) 에 관한 내용 전반을 중심으로 한다.
3학년,1학기,1전선,HABB2151,영어교육과,영어쓰기지도,3,3,"본 과정은 다문단으로 구성된 에세이쓰기를 주로 다룬다. 에세이는 서론, 본론, 결론의 구조를 갖춘 학문적 글쓰기를 중심으로 하며, 과정적 글쓰기를 통해 계획, 초안, 수정 등의 글쓰기를 연습하다. 수업 작문으로서의 글쓰기 교육과 더불어 문법 및 표현과 관련된 영어표현에 대한 내용을 다룬다. 수업활동은 발표 및 과제, 기타 수업활동을 통해 말하기와 듣기의 능력도 통합적으로 개발될 수 있도록 설계되어 있다."
3학년,1학기,1전심,HABB3231,영어교육과,영어교과논리및논술,3,3,"본 교과는 2008년 12월부터 개편 시행되는 교사임용고사의 2차 전공시험에서 영어논술 작성을 요구함에 따라, 이에 대한 준비로 반응적 글쓰기 (Responsive writing)을 체계적으로 교육하고자 이 과목을 개설한다. 내용은 논술 논리, 문법 및 그 외의 영어논술에 필요한 부분들을 지도한다."
3학년,1학기,1전선,HABB3271,영어교육과,영문학강독1,3,3,"문학의 본질, 구성, 언어, 유형, 형태 등 문학의 개념과 용어를 익혀 영미 문학 작품을 읽을 때 충분히 활용할 수 있도록 한다. 또한 교사가 되어 영미 문학과 관련된 내용을 다룰 때 이 시간에 익힌 지식을 충분히 활용할 수 있도록 한다. 더불어 난이도가 높은 영어 문장의 정확한 독해 능력도 키운다."
3학년,1학기,1교직,HATT0002,영어교육과,교육과정,2,2,"교육과정의 개념, 이론, 유형, 변천사, 그리고 최근의 교육과정 쟁점 등을 탐구하고, 교육과정 문해력을 함양하며, 교육과정을 편성, 재구성 및 개발하고 운영할 수 있는 능력을 배양한다."
3학년,1학기,1교직,HATT0056,영어교육과,생활지도및상담,2,2,"청소년들의 전인적 발달과 정신건강을 돕기 위한 생활지도의 다양한 접근을 이해하고, 실제 학교 현장에서 활용할 수 있는 생활지도 방법을 학습한다."
3학년,1학기,1전심,HATT0062,영어교육과,영어교과교육론,3,3,"제 2언어교육 분야의 전반을 시대적 배경과 함께 통시적으로 개괄하여 소개한다. 또한 이러한 개괄을 통하여 어떻게 외국어 교육이 성장해 왔으며 교육심리와 언어학이 영어교육에 기여해 왔는가를 함께 살펴봄으로서, 영어교육론 전반에 걸친 폭넓은 이해를 바탕으로 영어교사로서 익혀야할 이론과 실제에 관한 지식의 기초를 넓히는데 중점을 둔다."
3학년,1학기,1교직,HATT0070,영어교육과,교육방법및교육공학,2,2,"교육공학과 관련한 기초적인 교수-학습이론 및 교수설계이론들을 탐구해 보고, 교사로서 혹은 교수설계자로서 효과적인 교수-학습환경을 설계 및 적용할 수 있는 능력을 배양시키고자 한다. 본 교과에서는 다양한 교수설계모형에 따라 실제 수업을 설계해보고, 학교교육뿐만 아니라 기업교육 등 다양한 맥락에서 교육공학을 활용할 수 있는 역량을 갖추도록 한다."
3학년,1학기,1교직,HATT0104,영어교육과,교직실무,2,2,교직에 대한 이해를 높이고 교사의 실질적 업무를 개괄함으로써 바람직한 교사가 되기 위한 소양을 기른다. 1. 교사의 삶과 교직에 대한 자신의 견해를 확인하며 왜 교사가 되고자 하는지를 숙고한다. 2. 교사의 다양한 업무에 대해 실질적으로 이해한다.
3학년,1학기,1교직,HATT0200,영어교육과,교육봉사활동1,1,2,"초중등 학생들의 학습지도 등을 통하여 현장에서 학생들과 상호작용하는 경험을 쌓고, 예비교사로서 인성과 자질을 함양한다."
3학년,1학기,1교직,HATT0206,영어교육과,교육봉사활동2,1,2,"예비교사로서 학생들과 실질적인 교류를 경험하고, 이것을 통해 교직에 관한 마음가짐을 새롭게 한다."
3학년,2학기,1전선,HABB3261,영어교육과,영문학강독2,3,3,본 수업에서는 영문학의 대표적인 작품들을 심도 깊게 강독함으로서 영문학의 전개를 이해하고 문학교수/연구의 기본 개념틀과 방법을 익히도록 한다.
3학년,2학기,1전심,HABB5001,영어교육과,고급영문법,3,3,"실용영어 향상에서 영문법의 중요성을 인식하고, 현대영문법의 다양한 어법, 구문, 구문과 관련된 의미체계를 체계적으로 학습한다."
3학년,2학기,1전선,HABB9211,영어교육과,지능정보기반영어교육(캡스톤디자인),3,3,"정보통신 기술을 활용한 영어교수법에 대한 개념, 수업모형 소개 및 활용 테크놀로지에 대한 개괄적 소개를 다룬다. 더불어, ICT를 적용한 교수법 실습을 통해 이론과 실천을 익힌다."
3학년,2학기,1전심,HATT0082,영어교육과,영어교과교재연구및지도법,3,3,"본 교과목은 중등학교 영어지도 계획과 방법을 소개하고, 이를 응용하여 학생들은 실제 수업시연을 한다. 따라서 학생들은 실제 교사로서 원어교수의 경험을 체득하게 되며, 이는 결국 중등임용시험을 준비하게 되는 효과도 갖게 되는 것에 본 교과의 목적을 둔다."
3학년,2학기,1교직,HATT0090,영어교육과,교육행정및교육경영,2,2,"교육행정 전반에 걸친 주요개념 및 이론들을 탐색하고 각 개념 및 이론들이 어떻게 교육현장에서 구현되고 있는지 이해한다. 교육조직, 직무동기, 교육리더십, 의사소통 및 의사결정, 인사행정, 재정, 장학, 학교 및 학급경영 등 교육행정 주요영역별 이론들을 실제적 적용 관점에서 탐구한다."
3학년,2학기,1교직,HATT0210,영어교육과,학교폭력예방및학생의이해,2,2,"중등 교육현장에서 생활지도의 주요한 쟁점이 되는 학교폭력을 효과적으로 다룰 수 있는 역량을 갖추기 위하여, 학교폭력의 구조, 유형, 원인, 위험요인 전반에 대한 이론적 이해와 더불어 학교폭력 예방 및 대처를 위한 다양하고 실제적인 접근을 다룬다."
3학년,2학기,1교직,HATT0212,영어교육과,디지털교육,1,1,"본 강의는 시대에 부합하는 인재 양성 및 교육의 효과성 제고를 위해 예비교사의 AI?디지털 교육에 대한 이해 및 실천 역량을 키우는 것을 목적으로 한다. 본 강의는 AI?디지털에 대한 개념과 원리를 다루고, AI?디지털 기술의 올바른 사용과 윤리적 실천에 대한 비판적 관점과 논의를 진행한다. 학습자들은 예비교사로서 AI?디지털 융합 및 활용 교육의 개념을 이해하고 관련 사례를 접함으로써 교육 현장에서의 AI?디지털 기술을 효과적으로 활용할 수 있는 기초 소양을 기른다."
4학년,1학기,1전심,HABB0002,영어교육과,영어평가의이론과실제,3,3,영어 평가의 이론 지식과 실천 기술을 통합적으로 활용하여 영어 평가 도구의 개발 및 분석 능력을 함양하는 것을 학습 목표로 한다.
4학년,1학기,1전선,HABB0003,영어교육과,화용론과교실담화,3,3,화용론이라는 학문의 개괄적인 지식과 더불어 담화의 구조 및 함축된 의미 분석을 연구하는 것에 목적을 둔다. 또한 이를 교실 담화에 적용하여 학생과 교사 학생과 학생의 담화 구조 분석을 통하여 교실담화의 상호작용을 살펴본다.
4학년,1학기,1전심,HABB4241,영어교육과,영문학과영어교육,3,3,영미문학 작품을 분석하고 창작하며 비평할 수 있는 능력을 개발하고 이를 중등학교 교육에 활용할 수 있는 안목을 길러 독창적 교육방법론을 개발하도록 유도한다.
4학년,1학기,1교직,HATT0100,영어교육과,학교현장실습,2,2,예비로사로서 수양과 덕목을 쌓는 기회를 만든다.
4학년,2학기,1전선,HABB0004,영어교육과,영어듣기말하기지도,2,2,본 교과목은 영어 구술 의사소통 능력의 심화와 듣기말하기 수업 지도방법을 연구한다.
4학년,2학기,1전선,HABB4251,영어교육과,영어학과영어교육,3,3,영어학의 연구결과를 영어교육에 활용하기 위한 방안을 탐구한다.
4학년,2학기,1전심,HABB4362,영어교육과,교실영어,2,2,영어로 수업하기 위한 준비과정으로서 수업시간에 교사가 사용하게 될 영어를 탐구하여 연습함으로써 유창하게 효과적으로 수업할 수 있는 능력을 개발한다.
4학년,2학기,1전선,HABB9001,영어교육과,프로그램개발및운영(캡스톤디자인),2,2,"영어교육 관련 지식을 통합적으로 활용하여, 영어교육 관련 프로그램을 개발하고 운영하는 것을 실습하는 캡스톤 디자인 과목이다."
4학년,2학기,1전선,HATP0001,영어교육과,교과교실수업연구,3,3,"본 교과는 실제 학교현장에서 교사의 수업을 관찰하고, 현직교사 및 교수와 이론과 실제의 문제점을 파악하여 본인의 수업에 적용하고 수업 및 학생과의 소통능력등 예비교사 역량 제고에 목적을 둔다."
4학년,2학기,1교직,HATT0100,영어교육과,학교현장실습,2,2,예비로사로서 수양과 덕목을 쌓는 기회를 만든다.
4학년,2학기,1교직,HATT0101,영어교육과,학교현장실습(학기제),2,2,예비로사로서 수양과 덕목을 쌓는 기회를 만든다.
4학년,2학기,1교직,HATT0211,영어교육과,교직과미래교사,2,2,"이 과목은 교직과 교사의 개념, 교직의 전문성과 개발, 교사의 역할과 책임, 교사의 양성과 발달 프로그램, 교사의 인간관계와 교직 수행에 미치는 영향 등을 두루 살펴보고, 특히 급변하는 교직환경 속에서 교사로서의 진로 목표를 이해하고 가다듬고자 한다."
전체학년,1학기,일선,HAZS0009,영어교육과,자기설계1,3,3,"학생이 스스로 설계한 프로그램을 수행하는 과정을 통해 창의성함양, 학습역량과 문제해결력강화, 비전탐색 및  진로개발 등을 위해 학생들이 자기주도적 활동을 할 수 있는 학기(학점)임."
3학년,2학기,1전선,HARF0002,사범대학,취업과창업(사범),1,1,"전공과정 3학년 학생을 대상으로 취, 창업 트렌드와 최신 정보 제공, 취업 선배 현직자 및 전문가 특강, 직업 선호도 검사, 자기소개서 작성 지도 및 면접스킬 특강 등을 통해 졸업 후 진로 설정에 도움을 주며, 취·창업 전략을 수립, 설계하고 준비할 수 있도록 한다."
1학년,1학기,1전선,HABE0001,교육학과,교육학개론,3,3,교육의 제 원리와 그 실제에 대한 학문적 이해를 통해 앞으로의 교직과목 이수에 요구되는 교육학적 지식의 기초를 마련한다. 현대 교육학의 기본 개념과 이론적 구상들을 통해 교육의 목적과 의미를 개관한다.
1학년,1학기,1전선,HABE1122,교육학과,인간발달과교육,3,3,"인간을 발달단계에 따라 이해하고 각 발달단계별 특징과 발달경향을 파악하여, 교육 및 상담의 주체이자 대상이 되는 인간이해에 폭넓게 적용한다."
1학년,1학기,1전선,HABE4221,교육학과,교육과법,3,3,"교육법의 개념과 기본원리, 주요내용을 학습하는 강좌이다. 학생?교사?학부모?국가의 교육권과 교사의 법적지위(권리 및 의무)를 이론, 실정법, 판례를 중심으로 살펴보고 교원의 신분보장 및 권리구제 절차를 파악한다. 아울러 교원인사정책, 교육시설 및 정보자원관리, 학사 및 교육평가 영역에서 발생하는 법적문제를 규명한다."
1학년,1학기,1전선,HABE9237,교육학과,인간관계와교육,3,3,"인간에 대한 심층적 이해와 인간 삶의 중요한 과제인 인간관계의 특징을 살핌으로써, 교육 전문가로서 건강한 자기이해와 성숙한 인간관계를 맺을 수 있도록 돕는다."
1학년,1학기,1교직,HATT0001,교육학과,미래교사와인성,1,1,"교직과 인성 강좌는 1학년 지도 학생들과 담당 교수님이 만나, 학교 수업을 벗어난 특별 활동을 함께 함으로써 학생들의 인성 함양에 도움을 주는 것을 목적으로 한다. 주말이나 공휴일에 봉사 일정을 잡아서 학생들과 함께 봉사 활동에 참여하거나, 야외로 나가 문화 탐방이나 자연 학습 등의 활동을 하면서 지도교수가 학생들에게 심어주고 싶은 인생관, 가치관 등에 대해 자연스럽게 대화를 나눌 수 있는 기회를 갖는다. 그 과정에서 학생들이 교수님에게 친숙하게 마음을 열고 자신의 여러 문제를 의논하며 사회에 공헌하고 개인의 발전을 이루어 갈 의미 있는 대학생활을 하겠다는 생각을 갖도록 한다."
1학년,1학기,1교직,HATT0011,교육학과,미래교사와의사소통,1,1,"중등교사로서 갖추어야 할 인성과 자질을 함양하고, 효과적인 수업을 위한 지식과 교수 방법을 탐색한다."
1학년,2학기,1전선,HABE1111,교육학과,교육철학과교육사,3,3,"교육이론의 기저를 형성하는 상이한 인간이해 및 주요한
철학적 관점을 소개하면서 교육의 본질과 목적 그리고 교
육적 가치의 역사?문화적 요인들을 논의한다. 다양한 교
육사상가와 교육철학을 비교?평가함으로써 교육의 기본
적인 문제점들과 그에 대한 해결방안을 모색하며 그에 따
른 교육의 이론과 철학의 동향을 연구한다."
1학년,2학기,1전선,HABE2141,교육학과,교육심리,3,3,"가르치고 배우는 과정과 관련된 인간의 심리를 체계적으로 이해하고, 교육현장에서 만나는 학생들의 심리적 특성을 탐구한다."
1학년,2학기,1전선,HABE2151,교육학과,교육사회학,3,3,"교육사회학은 교육이란 활동을 사회라는 거대한 조직과 연결하여 교육현장에서 활용할 수 있는 사회학적 지식을 체계화 한 것이란 관점에서, 교육의 사회적 기능 및 사회?문화 간의 관계를 기존의 이론적 틀 속에서 규명하여 새로운 교육의 미래를 진단한다."
1학년,2학기,1전선,HABE9214,교육학과,청소년문화,3,3,"청소년문화에 대한 다양한 관점과 청소년문화의 변화양상을 이해함으로써, 청소년의 생활세계에 대한 이해의 폭을 넓히고, 청소년전문지도사로서의 문화적 잠재역량을 향상시킬 수 있는 소양과 자질을 갖추게 한다."
1학년,2학기,1교직,HATT0001,교육학과,미래교사와인성,1,1,"교직과 인성 강좌는 1학년 지도 학생들과 담당 교수님이 만나, 학교 수업을 벗어난 특별 활동을 함께 함으로써 학생들의 인성 함양에 도움을 주는 것을 목적으로 한다. 주말이나 공휴일에 봉사 일정을 잡아서 학생들과 함께 봉사 활동에 참여하거나, 야외로 나가 문화 탐방이나 자연 학습 등의 활동을 하면서 지도교수가 학생들에게 심어주고 싶은 인생관, 가치관 등에 대해 자연스럽게 대화를 나눌 수 있는 기회를 갖는다. 그 과정에서 학생들이 교수님에게 친숙하게 마음을 열고 자신의 여러 문제를 의논하며 사회에 공헌하고 개인의 발전을 이루어 갈 의미 있는 대학생활을 하겠다는 생각을 갖도록 한다."
2학년,1학기,1전선,HABE2172,교육학과,교육과정,3,3,"교육과정의 개념, 이론, 유형, 변천사, 그리고 최근의 교육과정 쟁점 등을 탐구하고, 교육과정 문해력을 함양하며, 교육과정을 편성, 재구성 및 개발하고 운영할 수 있는 능력을 배양한다."
2학년,1학기,1전선,HABE3161,교육학과,교육평가,3,3,"교육평가에 관련된 검사문항 제작법, 검사의 양호도를 의미하는 타당도, 신뢰도, 객관도, 실용도, 문항의 난이도, 변별도 등에 관련된 이론을 살펴보고 이들 교육평가 분야에서의 최근 연구 동향을 파악하여 교육현장에서 효율적으로 활용할 수 있도록 한다."
2학년,1학기,1전선,HABE3272,교육학과,교육행정,3,3,"교육행정 전반에 걸친 주요개념 및 이론들을 탐색하고 각 개념 및 이론들이 어떻게 교육현장에서 구현되고 있는지 이해한다. 교육조직, 직무동기, 교육리더십, 의사소통 및 의사결정, 인사행정, 재정, 장학, 학교 및 학급경영 등 교육행정 주요영역별 이론들을 실제적 적용 관점에서 탐구한다."
2학년,1학기,1전선,HABE3282,교육학과,평생교육론,3,3,"본 과정은 전 생애에 걸친 개인의 성장, 발달을 위한 평생교육의 필요성, 기본이념, 전략 등을 소개한다. 현대 사회의 특성, 전통적인 학교교육의 한계 인식을 통한 평생학습 기회를 이해하고 성인교육 및 노인교육의 문제를 함께 다룬다."
2학년,1학기,1전선,HABE9232,교육학과,인적자원개발론,3,3,"인적자원개발(HRD)의 조직의 구조와 환경을 탐색하고 이를 바탕으로 조직 내 인적자원의 성장을 이룰 수 있는 조직개발, 경력개발, 개인개발에 관한 이론과 전략에 대해서 그 원리를 탐구한다."
2학년,1학기,1교직,HATT0004,교육학과,미래교사와학교현장,1,1,"전공 4학년 학생들을 대상으로 교수와의 직접적인 대화 및 토론, 견학 등을 통해, 학생들이 취업에 대한 의식을 함양하고 향후 취업을 위한 준비 계획 수립 및 진로 결정"
2학년,1학기,1교직,HATT0103,교육학과,특수교육학개론,2,2,"본 교과는 일반교육 예비교사를 대상으로 특수교육 대상자에 대한 이해, 특수교육과정, 장애영역별 특성 및 교수-학습 방법, 통합교육, 장애인을 위한 제반 서비스 지원과 관련된 사항을 교육함으로써 장애학생 통합 상황에서 교사로써의 역할을 준비하기 위한 과목이다."
2학년,2학기,1전선,HABE0007,교육학과,교육통계,3,3,사회과학 양적 연구의 기반이 되는 통계의 기본 개념과 기초적인 통계 분석 기법을 이해하고 SPSS의 활용 방법을 숙지함으로써 연구에 필요한 자료의 처리 및 분석 능력을 기른다.
2학년,2학기,1전선,HABE4231,교육학과,교육공학,3,3,"교육공학과 관련한 기초적인 교수-학습이론 및 교수설계이론들을 탐구해보고, 교사로서 혹은 교수설계자로서 효과적인 교수-학습 환경을 설계 및 적용할 수 있는 능력을 배양시키고자 한다. 본 교과에서는 다양한 교수설계모형에 따라 실제 수업을 설계해보고, 학교교육뿐만 아니라 기업교육 등 다양한 맥락에서 교육공학을 활용할 수 있는 역량을 갖추도록 한다."
2학년,2학기,1전선,HABE9007,교육학과,교육복지론,3,3,"교육복지의 개념, 이론적 근거, 전달체계를 종합적으로 살펴봄으로써 교육 양극화의 대처방안으로서 교육복지의 가능성을 탐구한다. 또한 학교현장에서 교육복지를 구현하기 위한 모델에는 무엇이 있는지 살펴보고 교육복지를 실천하기 위한 사례관리 기법을 습득한다."
2학년,2학기,1교직,HATT0004,교육학과,미래교사와학교현장,1,1,"본 교과목은 교육학과 학생이 진로선택 및 취업과정의 모든 문제들을 스스로 생각하고 고민하여 결정하게 함에 그 목적이 있다. 다양한 질문을 통하여 교육 참가자 스스로 주차별 주제에 대해 생각할 기회를 제공하고, 자신의 입장을 발표할 수 있도록 유도한다. 또한, 주차별 주제에 맞는 자료를 제공하여 습득하게 하고, 학생 스스로 진로 선택 및 준비에 대해 결론을 맺을 수 있게 한다."
2학년,2학기,1전선,HATT0065,교육학과,교육학교과교육론,3,3,"교과로서 교육학의 위상 및 학문적 성격을 이해한다. 그리고 교육학을 가르치는데 필요한 고등학교 교육학 교과의 성격, 목표, 내용, 교수학습방법, 평가에 관한 지식을 탐구한다."
2학년,2학기,1교직,HATT0200,교육학과,교육봉사활동1,1,2,"초중등 학생들의 학습지도 등을 통하여 현장에서 학생들과 상호작용하는 경험을 쌓고, 예비교사로서 인성과 자질을 함양한다."
2학년,2학기,1교직,HATT0206,교육학과,교육봉사활동2,1,2,"예비교사로서 학생들과 실질적인 교류를 경험하고, 이것을 통해 교직에 관한 마음가짐을 새롭게 한다."
2학년,2학기,1교직,HATT0212,교육학과,디지털교육,1,1,"본 강의는 시대에 부합하는 인재 양성 및 교육의 효과성 제고를 위해 예비교사의 AI?디지털 교육에 대한 이해 및 실천 역량을 키우는 것을 목적으로 한다. 본 강의는 AI?디지털에 대한 개념과 원리를 다루고, AI?디지털 기술의 올바른 사용과 윤리적 실천에 대한 비판적 관점과 논의를 진행한다. 학습자들은 예비교사로서 AI?디지털 융합 및 활용 교육의 개념을 이해하고 관련 사례를 접함으로써 교육 현장에서의 AI?디지털 기술을 효과적으로 활용할 수 있는 기초 소양을 기른다."
3학년,1학기,1전선,HABE0005,교육학과,평생교육방법론,3,3,평생 또는 성인교육은 광범위해서 그 방법들을 일일이 열거하기란 불가능하다. 따라서 이 과목은 보다 일반적인 방법들을 동원해서 평생교육의 특정한 목적이나 상황에 맞추어서 적용할 수 있는 능력과 기술을 함양코자 하는 것이다.
3학년,1학기,1전선,HABE3302,교육학과,교육학연구방법,3,3,"본 과목은 최근의 교육 분야 연구 방법인 질적, 양적, 혼합적 연구의 철학적 가정 및 주요 개념, 구체적인 방법 등을 살펴보고 연구문제 설정, 연구 설계, 자료 수집, 자료 분석 등 실제 연구 과정의 주요 요소를 검토함으로써, 교육 분야 연구에 대한 학생들의 이론적, 실제적 이해를 높이도록 한다."
3학년,1학기,1전선,HABE9216,교육학과,청소년프로그램개발과평가(캡스톤디자인),3,3,"청소년 프로그램에 대한 교육적·사회적 요구분석, 이해당사자들의 의견 수렴, 청소년의 추구 가치의 수용 방법, 다양한 평가이론의 고찰 및 기법의 숙지를 통해 청소년 프로그램을 개발하고 평가한다."
3학년,1학기,1전심,HABE9224,교육학과,교육과정개발과컨설팅,3,3,"교육과정 목표 및 내용 선정, 교육과정 내용 조직, 교육과정 평가 및 환류 등 교육과정 개발에 대한 이론과 원리 이해하고, 학습자, 사회, 교과의 요구 분석을 토대로 교육과정을 편성하고 개발하며 컨설팅 할 수 있는 능력을 배양한다."
3학년,1학기,1전심,HABE9233,교육학과,디지털학습콘텐츠설계및개발(캡스톤디자인),3,3,"미래교육의 변화와 테크놀로지의 발전을 탐색하고, 최신 테크놀로지를 활용하여 교육목적과 미디어의 특성을 고려하여 교육적 아이디어를 학습콘텐츠로 설계하고 개발한다."
3학년,1학기,1전심,HABE9234,교육학과,이러닝콘텐츠기획및설계(캡스톤디자인),3,3,"e-Learning에 대한 이론을 탐구하고, e-Learning 콘텐츠를 기획하고 설계하는 절차와 이론을 연구한다. 실제 e-Learning 콘텐츠 개발을 위한 제안 프로젝트 수행을 통해 e-Learning 콘텐츠를 창의적으로 기획하고 설계한다."
3학년,1학기,1전선,HABE9236,교육학과,평생교육경영론,3,3,"평생교육을 위한 다양한 맥락에서의 지역과 조직차원에서 어떻게 교육이 구조화되고 기획, 운영, 홍보되는가에 대한 일련의 과정을 탐색한다."
3학년,1학기,1전선,HATT0085,교육학과,교육학교과교재연구및지도법,3,3,"고등학교 교육학 교과 교재를 연구하고, 이를 기반으로 실제 상황에 적합한 수업계획안을 설계하고 수업을 수행할 수 있는 교과 수업 실행 능력을 배양한다."
3학년,1학기,1교직,HATT0200,교육학과,교육봉사활동1,1,2,"초중등 학생들의 학습지도 등을 통하여 현장에서 학생들과 상호작용하는 경험을 쌓고, 예비교사로서 인성과 자질을 함양한다."
3학년,1학기,1교직,HATT0206,교육학과,교육봉사활동2,1,2,"예비교사로서 학생들과 실질적인 교류를 경험하고, 이것을 통해 교직에 관한 마음가짐을 새롭게 한다."
3학년,1학기,1교직,HATT0210,교육학과,학교폭력예방및학생의이해,2,2,"중등 교육현장에서 생활지도의 주요한 쟁점이 되는 학교폭력을 효과적으로 다룰 수 있는 역량을 갖추기 위하여, 학교폭력의 구조, 유형, 원인, 위험요인 전반에 대한 이론적 이해와 더불어 학교폭력 예방 및 대처를 위한 다양하고 실제적인 접근을 다룬다."
3학년,2학기,1전심,HABE4241,교육학과,교육정책,3,3,"교육제도의 생성과 변화과정을 이론적 및 역사적 관점에서 평가 및 재해석하고 교육정책의 개념과 교육정책의 형성, 집행, 평가, 분석 등에 관한 주요이론들을 살펴본다. 현대 공교육의 위기극복을 위해 제시되고 있는 교육제도 변화노력을 현실 교육정책과의 관련 속에서 규명한다."
3학년,2학기,1전심,HABE5004,교육학과,다문화교육론,3,3,"다문화교육의 필요성, 개념, 목적 및 내용, 이론들을 탐구하고, 다문화교육 관련 쟁점들에 대해 비판적으로 사고하며, 교육현장의 다문화에 대한 이해를 바탕으로 실제 다문화교육을 수행할 수 있는 역량을 함양한다."
3학년,2학기,1전선,HABE9001,교육학과,교육학교과교육과정,3,3,고등학교 교육학 교과의 교육과정을 분석하고 재구성과 개발을 할 수 있는 능력을 배양한다.
3학년,2학기,1전심,HABE9003,교육학과,평생교육프로그램개발론(캡스톤디자인),3,3,평생교육에 관한 제 이론을 기초로 다양한 프로그램의 기법을 이해하고 활용할 수 있도록 습득하여 실제 성인들을 대상으로 평생교육프로그램을 적용해보고 학생들 자신이 프로그램을 개발할 수 있는 능력을 기르고자 한다.
3학년,2학기,1전심,HABE9004,교육학과,기업교육론(캡스톤디자인),3,3,기업교육의 이론적 기초를 탐구하고 교수설계 및 교수체제 개발의 원리를 기업환경에 적용하여 기업의 성과향상을 위한 효과적인 기업교육 프로그램을 설계?개발해 봄으로써 기업교육 담당자로서의 역량을 갖추도록 한다.
3학년,2학기,1전심,HABE9219,교육학과,상담심리학,3,3,"상담심리학 영역의 다양한 이론적 접근을 소개하고 상담의 과정과 상담기법을 학습하여, 상담자로서 갖추어야 하는 전문적 역량을 기르는데 초점을 둔다."
3학년,2학기,1전선,HABE9222,교육학과,평생교육실습,3,3,평생교육 관련 이론을 적용하고 실현할 수 있도록 다양한 평생교육기관에서 실무경험의 기회를 제공한다. 이를 통해 미래의 평생교육사로서 갖추어야 할 실천 전문성을 함양한다.
3학년,2학기,1전선,HABE9228,교육학과,교육학교과평가방법론,3,3,본 교과는 중등교육 현장에서 학생들의 고등정신능력 배양을 위한 교사의 평가 역량 함양을 목표로 고등정신능력 평가를 위한 대안적인 평가 방법의 이론적 기반과 실제적 방안을 다룬다.
3학년,2학기,1교직,HATT0056,교육학과,생활지도및상담,2,2,"청소년들의 전인적 발달과 정신건강을 돕기 위한 생활지도의 다양한 접근을 이해하고, 실제 학교 현장에서 활용할 수 있는 생활지도 방법을 학습한다."
3학년,2학기,1교직,HATT0104,교육학과,교직실무,2,2,교직에 대한 이해를 높이고 교사의 실질적 업무를 개괄함으로써 바람직한 교사가 되기 위한 소양을 기른다. 1. 교사의 삶과 교직에 대한 자신의 견해를 확인하며 왜 교사가 되고자 하는지를 숙고한다. 2. 교사의 다양한 업무에 대해 실질적으로 이해한다.
4학년,1학기,1전선,HABE9215,교육학과,청소년문제와보호,3,3,"청소년활동의 이론적 기초와 실천영역별 지도기법 및 전략을 이해, 숙지하는 동시에 이를 청소년지도현장에서 실제로 활용할 수 있도록 청소년과의 소통, 배려 공동체 의식 등의 자질을 함양한다."
4학년,1학기,1전선,HABE9217,교육학과,청소년심리및상담,3,3,"청소년상담 전반에 적용하기 위하여 청소년기 심리적 특성을 이해하고, 청소년들의 적응을 조력하기 위한 다양한 상담적 접근을 학습한다."
4학년,1학기,1전심,HABE9235,교육학과,교수설계이론과실제,3,3,"학습자중심 교육에 관한 학습의 이론과 원리를 탐구하고, 실제 교육 현장에서 교수-학습 과정을 효과적으로 수행할 수 있는 역량을 습득한다."
4학년,1학기,1교직,HATT0100,교육학과,학교현장실습,2,2,예비로사로서 수양과 덕목을 쌓는 기회를 만든다.
4학년,2학기,1전선,HABE9218,교육학과,청소년육성제도론,3,3,"청소년육성에 관한 이론적 토대와 여러 법제를 이해하고, 청소년 정책을 시행하는 행정적 체계 및 정책의 실제를 익힌다."
4학년,2학기,1전심,HABE9223,교육학과,교육프로그램평가,3,3,프로그램 평가의 주요 이론과 프로그램 평가 과정을 살펴봄으로써 교육 분야의 프로그램 평가에 대한 전반적인 이해와 함께 교육 프로그램을 평가할 수 있는 역량을 함양한다.
4학년,2학기,1전심,HABE9230,교육학과,AI기반학습분석학(캡스톤디자인),3,3,"이 과목에서는 교육분야의 데이터마이닝과 빅데이터를 통해 학습자에게 적절한 처방을 내릴 수 있는 학습분석학에 관한 개념적 학습과 인공지능을 활용하여 학습자의 학습을 촉진할 수 있는 AI 융합 프로젝트를 선정하고, 제안서 작성, 과제 수행, 보고까지 프로젝트의 전 과정을 수행해 볼 수 있도록 한다."
4학년,2학기,1전선,HABE9231,교육학과,미래교육론,3,3,교육의 미래를 준비하기 위한 논의들과 학교 현장 및 정책의 동향을 살펴본다. 이를 통해 미래 교육이 던지는 도전과제들을 확인하고 준비의 과정 속에서 부족한 점과 보완할 점을 찾고자 한다.
4학년,2학기,1전심,HABE9238,교육학과,집단상담,3,3,"집단상담의 이론과 기법을 학습하고 집단상담의 실제를 경험함으로써, 상담현장에서 집단상담을 효과적으로 운영할 수 있는 전문적 자질의 기초를 마련하는데 초점을 둔다."
4학년,2학기,1전선,HABE9245,교육학과,성인학습및상담,3,3,본 수업은 평생교육사 대상 필수 교과로 성인학습의 다양한 이론과 성인학습자에 대한 이해를 통해서 어떻게 성인학습자들의 학습과 삶을 조력할것인가를 탐구한다.
4학년,2학기,1전선,HATP0001,교육학과,교과교실수업연구,3,3,"본 교과는 실제 학교현장에서 교사의 수업을 관찰하고, 현직교사 및 교수와 이론과 실제의 문제점을 파악하여 본인의 수업에 적용하고 수업 및 학생과의 소통능력등 예비교사 역량 제고에 목적을 둔다."
4학년,2학기,1교직,HATT0100,교육학과,학교현장실습,2,2,예비로사로서 수양과 덕목을 쌓는 기회를 만든다.
4학년,2학기,1교직,HATT0101,교육학과,학교현장실습(학기제),2,2,예비로사로서 수양과 덕목을 쌓는 기회를 만든다.
4학년,2학기,1교직,HATT0211,교육학과,교직과미래교사,2,2,"이 과목은 교직과 교사의 개념, 교직의 전문성과 개발, 교사의 역할과 책임, 교사의 양성과 발달 프로그램, 교사의 인간관계와 교직 수행에 미치는 영향 등을 두루 살펴보고, 특히 급변하는 교직환경 속에서 교사로서의 진로 목표를 이해하고 가다듬고자 한다."
3학년,2학기,1전선,HARF0002,사범대학,취업과창업(사범),1,1,"전공과정 3학년 학생을 대상으로 취, 창업 트렌드와 최신 정보 제공, 취업 선배 현직자 및 전문가 특강, 직업 선호도 검사, 자기소개서 작성 지도 및 면접스킬 특강 등을 통해 졸업 후 진로 설정에 도움을 주며, 취·창업 전략을 수립, 설계하고 준비할 수 있도록 한다."
1학년,1학기,1전선,HABF1011,수학교육과,미적분학교육1,3,3,"미적분학은 미분적분의 기초 개념을 확립하고 문제 해결력을 향상시키는 과목이다. 이 강좌는 극한과 연속함수, 도함수의 응용, 정적분의 응용 등을 학습한다. 따라서 미적분학교육Ⅰ은 수학 전공과목을 이해하는 데 기초가 되며 타 교과의 학습에도 기본이 된다."
1학년,1학기,1전선,HABF2141,수학교육과,선형대수학1,3,3,"연립방정식의 해를 찾는 문제가 행렬의 개념과 어떻게 연계되는지 이해하고 또한 행렬과 벡터 공간의 상호 연관성을 파악함으로써 문제 해결을 용이하게 할 수 있다는 사실을 알아본다. 특히 행렬과 벡터 공간의 분해 과정을 이해함으로써 다른 수학적 대상, 나아가 다른 학문적 대상의 분석에 응용함을 목적으로 한다. 또한, 직교 벡터의 성질과 Gram-Schmidt 직교화 과정을 이해함으로써 많은 수학적 문제 상황이 훨씬 간결하게 설정됨과 아울러 해결될 수 있다는 사실을 알아본다. 또한, 행렬의 계수가 행렬의 많은 것을 설명해 줄 수 있다는 사실과 함께 그것이 벡터 공간에 미치는 영향을 알아본다."
1학년,1학기,1전선,HABF4272,수학교육과,수학사교육,3,3,"수학교육에서 핵심은 어떻게 수학을 잘 가르치냐라는 물음을 해결하는 것이다. 
그에 따라 20세기 중반 이후부터 현재까지의 수학교육과정의 변천과정을 주요한 주제를 중심으로 연구하고, 발생, 발달과정을 수학교육에 적용하여 교과교재연구, 수업능력을 향상시킨다."
1학년,1학기,1교직,HATT0001,수학교육과,미래교사와인성,1,1,"교직과 인성 강좌는 1학년 지도 학생들과 담당 교수님이 만나, 학교 수업을 벗어난 특별 활동을 함께 함으로써 학생들의 인성 함양에 도움을 주는 것을 목적으로 한다. 주말이나 공휴일에 봉사 일정을 잡아서 학생들과 함께 봉사 활동에 참여하거나, 야외로 나가 문화 탐방이나 자연 학습 등의 활동을 하면서 지도교수가 학생들에게 심어주고 싶은 인생관, 가치관 등에 대해 자연스럽게 대화를 나눌 수 있는 기회를 갖는다. 그 과정에서 학생들이 교수님에게 친숙하게 마음을 열고 자신의 여러 문제를 의논하며 사회에 공헌하고 개인의 발전을 이루어 갈 의미 있는 대학생활을 하겠다는 생각을 갖도록 한다."
1학년,1학기,1교직,HATT0011,수학교육과,미래교사와의사소통,1,1,"중등교사로서 갖추어야 할 인성과 자질을 함양하고, 효과적인 수업을 위한 지식과 교수 방법을 탐색한다."
1학년,2학기,1전선,HABF1122,수학교육과,미적분학교육2,3,3,"미적분학교육1의 연속 강좌로서 벡터에 관한 대수, 편도함수, 벡터 함수의 도함수, 평면과 입체영역에서의 정적분, 중적분, 선적분, 그린 정리, 발산 정리와 스토크 정리 등의 이론과 성질을 다룬다."
1학년,2학기,1전선,HABF2182,수학교육과,선형대수학2,3,3,"행렬식에 의한 연립방정식의 풀이법을 알아보고 그것이 어떻게 다른 문제들과 연관되어 있는지를 살펴본다. 아울러 행렬식이 어떻게 그 행렬의 구조에 영향을 미치는지 알아본다. 또한 행렬식을 여러 각도에서 정의할 수 있다는 사실에 유의한다. 고유치의 개념과 성질을 알아보고 그것의 미분방정식에의 응용을 살펴본다. 선형 변환과 행렬의 관계를 알아보고 어떻게 문제 상황이 다르게 표현될 수 있는지 알아보고 행렬식간의 유사관계를 판별할 수 있는 척도를 찾아낸다. 아울러 행렬의 대각화, 복소공간, Jordan 표준형 등의 개념을 살펴본다."
1학년,2학기,1전선,HABF9211,수학교육과,실용수학,3,3,실생활에서 일어나는 여러 가지 문제를 수학적으로 사고하고 탐구하여 합리적으로 해결하는 능력을 기르게 한다.
1학년,2학기,1교직,HATT0001,수학교육과,미래교사와인성,1,1,"교직과 인성 강좌는 1학년 지도 학생들과 담당 교수님이 만나, 학교 수업을 벗어난 특별 활동을 함께 함으로써 학생들의 인성 함양에 도움을 주는 것을 목적으로 한다. 주말이나 공휴일에 봉사 일정을 잡아서 학생들과 함께 봉사 활동에 참여하거나, 야외로 나가 문화 탐방이나 자연 학습 등의 활동을 하면서 지도교수가 학생들에게 심어주고 싶은 인생관, 가치관 등에 대해 자연스럽게 대화를 나눌 수 있는 기회를 갖는다. 그 과정에서 학생들이 교수님에게 친숙하게 마음을 열고 자신의 여러 문제를 의논하며 사회에 공헌하고 개인의 발전을 이루어 갈 의미 있는 대학생활을 하겠다는 생각을 갖도록 한다."
1학년,2학기,1교직,HATT0010,수학교육과,교육학개론,2,2,교육의 제 원리와 그 실제에 대한 학문적 이해를 통해 앞으로의 교직과목 이수에 요구되는 교육학적 지식의 기초를 마련한다. 현대 교육학의 기본 개념과 이론적 구상들을 통해 교육의 목적과 의미를 개관한다.
2학년,1학기,1전선,HABF0003,수학교육과,융복합수학,3,3,"전공 과목을 이수하는데 필요한 미적분학의 기초지식을 심화시키고 다양한 문제를 해결하는 능력을 기른다. 다변수 함수의 미분과 적분, 벡터 해석, Fourier 급수, Fourier 급수의 적분, 이상적분, 기타 특수함수의 성질 등을 다룬다. 본 교수자는, 보다 광범위한 청중을 자극하기 위해 수학, 공학, 물리학, 생물학 및 경제학이 적용된 다양한 문제에 대한 벡터 미적분의 광범위한 적용을 프레젠테이션에 포함시킬 것이다."
2학년,1학기,1전선,HABF1032,수학교육과,정수론,3,3,"정수의 체계 및 구조를 살펴보고 1차 합동, Fermat 정리, 원시근과 지주 등을 이해함으로써 수에 대한 흥미를 더하도록 한다. 아울러 이 개념들을 수가 아닌 다른 수학적 대상에도 응용하여 보다 체계적인 문제접근 방법을 알아본다."
2학년,1학기,1전선,HABF3231,수학교육과,위상수학1,3,3,"연속적인 변화에 상관없이 존재하는 도형의 성질을 연구하는 위상수학은 현대수학의 본질적인 배경을 이루고 있다. 이 강좌에서는 위상공간의 정확한 개념과 위상에 대한 기저, 두 위상공간의 연속함수, 위상동형 및 위상공간에서의 특수한 공간, 즉 거리공간, 노름공간, 힐버트 공간 등 여러 공간들 사이의 기초적인 관계를 파악하게 한다."
2학년,1학기,1전선,HABF9002,수학교육과,조합및그래프이론,3,3,"이산적 양을 다루는 조합론적 방법에 대하여 학습하고 이들 방법을 이용하여 파스칼 삼각형이나 경우의 수, 피보나치 수 등을 연구하고 이를 실생활과 연결한다. 집합에서의 특수한 관계로 정의되는 그래프를 이해하고 여러 가지 그래프 이론을 살펴보고 행렬이론과 그래프 이론을 연결하는 방법에 대해 알아본다."
2학년,1학기,1전선,HABF9213,수학교육과,인공지능과수학,3,3,"이 과목에서는 인공지능에서 사용하는 기본적인 수학 개념 및 이론을 학습하고, 선형회귀, 자연어 처리, 패턴인식 등에 활용되는 인공지능 알고리즘의 기본원리 및 기법을 학습한다."
2학년,1학기,1교직,HATT0004,수학교육과,미래교사와학교현장,1,1,"전공 4학년 학생들을 대상으로 교수와의 직접적인 대화 및 토론, 견학 등을 통해, 학생들이 취업에 대한 의식을 함양하고 향후 취업을 위한 준비 계획 수립 및 진로 결정"
2학년,1학기,1교직,HATT0040,수학교육과,교육사회,2,2,"교육사회학은 교육이란 활동을 사회라는 거대한 조직과 연결하여 교육현장에서 활용할 수 있는 사회학적 지식을 체계화 한 것이란 관점에서, 교육의 사회적 기능 및 사회?문화간의 관계를 기존의 이론적 틀 속에서 규명하여 새로운 교육의 미래를 진단한다."
2학년,1학기,1교직,HATT0212,수학교육과,디지털교육,1,1,"본 강의는 시대에 부합하는 인재 양성 및 교육의 효과성 제고를 위해 예비교사의 AI?디지털 교육에 대한 이해 및 실천 역량을 키우는 것을 목적으로 한다. 본 강의는 AI?디지털에 대한 개념과 원리를 다루고, AI?디지털 기술의 올바른 사용과 윤리적 실천에 대한 비판적 관점과 논의를 진행한다. 학습자들은 예비교사로서 AI?디지털 융합 및 활용 교육의 개념을 이해하고 관련 사례를 접함으로써 교육 현장에서의 AI?디지털 기술을 효과적으로 활용할 수 있는 기초 소양을 기른다."
2학년,2학기,1전선,HABF0001,수학교육과,컴퓨터와수학교육,3,3,"수학계산, 그래프, 과학기술 계산에 필요한 수치적인 계산을 컴퓨터를 이용하여 실행해 보고 특히 공식으로 풀 수 없거나 복잡한 계산 때문에 컴퓨터의 도움을 필요로 하는 여러 방면의 수학 문제를 해결해 본다."
2학년,2학기,1전선,HABF1021,수학교육과,집합론교육,3,3,"집합론은 수라는 구체적 대상 뿐 아니라 추상적인 수학적 대상들도 아울러 연구하는 학문이다. 어떤 조직의 구조를 보다 잘 이해하기 위해서는 여러 가지 관점에서 분석하는 것이 필요함을 강조한다. 먼저 집합의 여러 개념을 이해하고 다음으로 다른 집합과의 관계에서 어떤 성질을 유도해내기 위한 함수의 개념을 도입하면 보다 효율적인 수학적 대상의 분석이 가능함을 교육한다. 또한 모든 개념들을 일선 중고 교과과정과 연관시켜 응용할 수 있도록 교육한다. 가산, 비가산 집합을 비교하고 자연수가 해결할 수 없는 측면을 보충하기 위하여 기수와 서수의 개념을 정의하고 우리가 논리적으로 가정하지 않을 수 없는 선택 함수의 개념과 동등한 여러 개념을 살펴본다. 이외에 수학적으로 해결되지 않고 있는 집합의 여러 문제들을 제시한다."
2학년,2학기,1전선,HABF2171,수학교육과,해석학1,3,3,"미적분학을 공부한 뒤 그 기본을 다루고 해석학의 기초 이론을 체계화하여 고급 해석학을 공부하는 기반을 확립한다. 집합론, 실수계의 연속성, 완비성, 콤펙트성, 수열과 급수의 성질, 함수의 극한과 연속, 미분 등의 이론과 성질을 다룬다."
2학년,2학기,1전심,HABF3272,수학교육과,위상수학2,3,3,"연속적인 변화에 상관없이 존재하는 도형의 성질을 연구하는 위상수학은 현대수학의 본질적인 배경을 이루고 있다. 이 강좌에서는 위상공간의 정확한 개념과 위상에 대한 기저, 두 위상공간의 연속함수, 위상동형 및 위상공간에서의 특수한 공간, 즉 거리공간, 노름공간, 힐버트 공간 등 여러 공간들 사이의 기초적인 관계를 파악하게 한다."
2학년,2학기,1교직,HATT0002,수학교육과,교육과정,2,2,"교육과정의 개념, 이론, 유형, 변천사, 그리고 최근의 교육과정 쟁점 등을 탐구하고, 교육과정 문해력을 함양하며, 교육과정을 편성, 재구성 및 개발하고 운영할 수 있는 능력을 배양한다."
2학년,2학기,1교직,HATT0004,수학교육과,미래교사와학교현장,1,1,"본 교과목은 교육학과 학생이 진로선택 및 취업과정의 모든 문제들을 스스로 생각하고 고민하여 결정하게 함에 그 목적이 있다. 다양한 질문을 통하여 교육 참가자 스스로 주차별 주제에 대해 생각할 기회를 제공하고, 자신의 입장을 발표할 수 있도록 유도한다. 또한, 주차별 주제에 맞는 자료를 제공하여 습득하게 하고, 학생 스스로 진로 선택 및 준비에 대해 결론을 맺을 수 있게 한다."
2학년,2학기,1교직,HATT0020,수학교육과,교육심리,2,2,"가르치고 배우는 과정과 관련된 인간의 심리를 체계적으로 이해하고, 교육현장에서 만나는 학생들의 심리적 특성을 탐구한다."
2학년,2학기,1교직,HATT0030,수학교육과,교육철학및교육사,2,2,교육이론의 기저를 형성하는 상이한 인간이해 및 주요한 철학적 관점을 소개하면서 교육의 본질과 목적 그리고 교육적 가치의 역사?문화적 요인들을 논의한다. 다양한 교육사상가와 교육철학을 비교?평가함으로써 교육의 기본적인 문제점들과 그에 대한 해결방안을 모색하며 그에 따른 교육의 이론과 철학의 동향을 연구한다.
2학년,2학기,1전선,HATT0066,수학교육과,수학교과교육론,3,3,"수학 및 수학교육의 본질을 다루고 수학의 지도에 관련된 여러 학습이론들을 소개하며 그 이론이 실제 수학교육현장에서 어떠한지를 분석, 연구한다."
2학년,2학기,1교직,HATT0104,수학교육과,교직실무,2,2,교직에 대한 이해를 높이고 교사의 실질적 업무를 개괄함으로써 바람직한 교사가 되기 위한 소양을 기른다. 1. 교사의 삶과 교직에 대한 자신의 견해를 확인하며 왜 교사가 되고자 하는지를 숙고한다. 2. 교사의 다양한 업무에 대해 실질적으로 이해한다.
2학년,2학기,1교직,HATT0200,수학교육과,교육봉사활동1,1,2,"초중등 학생들의 학습지도 등을 통하여 현장에서 학생들과 상호작용하는 경험을 쌓고, 예비교사로서 인성과 자질을 함양한다."
2학년,2학기,1교직,HATT0206,수학교육과,교육봉사활동2,1,2,"예비교사로서 학생들과 실질적인 교류를 경험하고, 이것을 통해 교직에 관한 마음가짐을 새롭게 한다."
3학년,1학기,1전심,HABF2202,수학교육과,해석학2,3,3,"해석학1의 연속 강좌로서 미분의 성질, Taylor 정리, Riemann 적분, 함수열, 평등수렴과 점열수렴, 초등함수열, 무한급수, 수렴판정법, 함수 급수 등의 이론과 성질을 다룬다."
3학년,1학기,1전선,HABF2212,수학교육과,기하학일반,3,3,"중등학교에서 취급하는 기하학 분야 전반에 걸쳐서 교재 연구를 하며, 대학에서 이미 배운 기하학의 이론들과 미적분학을 응용하여 기하학적인 성질을 연구한다. 이는 수학교사로서 기하학 이론을 체계적으로 익히는 데 도움을 주며, 중등 수학 교재와의 연계성을 한층 높이는 데 기여할 것이다."
3학년,1학기,1전선,HABF3241,수학교육과,확률및통계1,3,3,"수리통계의 이론을 통해서 통계적 사고 방법을 배우며 실제의 확률적, 통계적 문제를 풀 수 있고 응용할 수 있도록 하며 다루는 내용은 확률변수의 분포, 조건부확률과 확률적 독립, 이항분포, 다항분포, 포아송분포, 감마분포, 카이자승분포, 정규분포, 표본추출론, 이산형변수의 변환, 연속형변수의 변환, T와 F 분포, 순서 통계량의 분포 등이다."
3학년,1학기,1전선,HABF3251,수학교육과,현대대수학1,3,3,"정수 집합이 모델인 군의 뜻을 이해함으로써 어떻게 다항식의 해 구하는 문제가 군의 개념으로 표현될 수 있는가를 살펴보고 다양한 군의 예를 열거함으로써 군에 대한 이해를 넓힌다. 아울러 일상생활에서 그 예를 찾을 수 있는지 알아본다. 내부적으로 부분군, 정규부분을 정의하고, 외부적으로 준동형, 동형 함수를 그리고 이들을 결합한 상군 등을 정의함으로써 군의 구조파악에 노력한다. 또한 Sylow정리를 이해함으로써 유한군의 구조를 최대한 파악함을 목적으로 한다. 이것이 또한 우리 일상생활에서 어떻게 반영될 수 있는지를 생각해 본다."
3학년,1학기,1교직,HATT0003,수학교육과,교육평가,2,2,"교육평가에 관련된 검사문항 제작법, 검사의 양호도를 의미하는 타당도, 신뢰도, 객관도, 실용도, 문항의 난이도, 변별도 등에 관련된 이론을 살펴보고 이들 교육평가 분야에서의 최근 연구 동향을 파악하여 교육현장에서 효율적으로 활용할 수 있도록 한다."
3학년,1학기,1전심,HATT0086,수학교육과,수학교과교재연구및지도법,3,3,"수학에 관한 초,중등 및 대학 교재들을 통하여 교재가 어떻게 구성되었고 어떤 방향으로 지도할 것인지와 함께 수학교재 개선 방향에 대해 연구한다."
3학년,1학기,1교직,HATT0090,수학교육과,교육행정및교육경영,2,2,"교육행정 전반에 걸친 주요개념 및 이론들을 탐색하고 각 개념 및 이론들이 어떻게 교육현장에서 구현되고 있는지 이해한다. 교육조직, 직무동기, 교육리더십, 의사소통 및 의사결정, 인사행정, 재정, 장학, 학교 및 학급경영 등 교육행정 주요영역별 이론들을 실제적 적용 관점에서 탐구한다."
3학년,1학기,1교직,HATT0103,수학교육과,특수교육학개론,2,2,"본 교과는 일반교육 예비교사를 대상으로 특수교육 대상자에 대한 이해, 특수교육과정, 장애영역별 특성 및 교수-학습 방법, 통합교육, 장애인을 위한 제반 서비스 지원과 관련된 사항을 교육함으로써 장애학생 통합 상황에서 교사로써의 역할을 준비하기 위한 과목이다."
3학년,1학기,1교직,HATT0200,수학교육과,교육봉사활동1,1,2,"초중등 학생들의 학습지도 등을 통하여 현장에서 학생들과 상호작용하는 경험을 쌓고, 예비교사로서 인성과 자질을 함양한다."
3학년,1학기,1교직,HATT0206,수학교육과,교육봉사활동2,1,2,"예비교사로서 학생들과 실질적인 교류를 경험하고, 이것을 통해 교직에 관한 마음가짐을 새롭게 한다."
3학년,1학기,1교직,HATT0210,수학교육과,학교폭력예방및학생의이해,2,2,"중등 교육현장에서 생활지도의 주요한 쟁점이 되는 학교폭력을 효과적으로 다룰 수 있는 역량을 갖추기 위하여, 학교폭력의 구조, 유형, 원인, 위험요인 전반에 대한 이론적 이해와 더불어 학교폭력 예방 및 대처를 위한 다양하고 실제적인 접근을 다룬다."
3학년,2학기,1전선,HABF2161,수학교육과,미분기하학,3,3,"평행선 공리의 의미와 중요성을 여러 각도에서 분석하고 이를 가정하여 증명되는 Euclid 기하학의 정리들과 이를 부정했을 때의 비Euclid 기하학을 비교함으로써 논리적 사고력을 배양함은 물론 수학에의 이해와 시야를 넓힐 수 있음을 목적으로 한다. 아울러 평행선 공리와는 또다른 공리를 가정한 사영기하학과 곡선, 곡면 등의 수학적 대상을 미분적인 측면에서 고찰한 미분기하학을 다룬다."
3학년,2학기,1전선,HABF3262,수학교육과,복소함수론,3,3,"복소함수를 이해하고 해석함수를 통하여 복소적분의 개념을 확립하고 복소해석학의 기초를 다지고, 고교과정의 복소수와 벡터과정에 대한 이해를 심화시킨다. 복소함수, 해석함수, 초등함수에 관한 이론과 그 성질을 다루고, 복소적분, 급수, 유수의 성질, 등각사상, 초등함수의 사상, 조화함수와 그 응용 등을 다룬다."
3학년,2학기,1전심,HABF3282,수학교육과,확률및통계2,3,3,"이 강좌는 다양한 분야에서 관찰할 수 있는 통계적 문제들을 해결하기 위한 기초 통계적 추론 기법을 다루며, 구체적으로 표본분포, 추정, 검정, 회귀분석, 분산분석, 적합도 검정 등을 배운다."
3학년,2학기,1전심,HABF3292,수학교육과,현대대수학2,3,3,"중요한 수학적 대상의 하나인 환의 구조를 연구함을 목적으로 한다. 여러 종류의 환을 예시하고 그 중 여러 분야에서 중요하게 취급되는 다항식 환의 구조와 성질을 집중적으로 살펴본다. 정수론적으로 증명되었던 Euler와 Fermat 정리를 환의 개념과 연관지어 재조명한다. 군에서와 마찬가지로 새로운 환을 제공해 주는 이데알, 소이데알, 극대이데알 등에 대하여 알아보고 또한 환준동형함수, 환동형함수의 개념을 이해한다. 마지막으로 정역 중에서 특히 많이 취급되는 유일분해정역, 주이데알정역 그리고 유클리드정역 등을 소개한다."
3학년,2학기,1전심,HABF9001,수학교육과,수학교과논리및논술,3,3,"중등수학교육과정에서의 문제해결과 수학적 의사소통을 강조한다. 이 강의에서는 논리적 사고와 논리적 글쓰기를 통해 중등수학교사에게 필수적인 수학논리와 논술을 실천적 관점에서 다룬다. 문제를 만들고, 문제를 해결하고, 나아가 이를 논리적으로 서술하는 수학 논술 경험을 제공하여 원활한 수학적 의사소통 능력 함양을 목표로 한다."
3학년,2학기,1교직,HATT0056,수학교육과,생활지도및상담,2,2,"청소년들의 전인적 발달과 정신건강을 돕기 위한 생활지도의 다양한 접근을 이해하고, 실제 학교 현장에서 활용할 수 있는 생활지도 방법을 학습한다."
3학년,2학기,1교직,HATT0070,수학교육과,교육방법및교육공학,2,2,"교육공학과 관련한 기초적인 교수-학습이론 및 교수설계이론들을 탐구해 보고, 교사로서 혹은 교수설계자로서 효과적인 교수-학습환경을 설계 및 적용할 수 있는 능력을 배양시키고자 한다. 본 교과에서는 다양한 교수설계모형에 따라 실제 수업을 설계해보고, 학교교육뿐만 아니라 기업교육 등 다양한 맥락에서 교육공학을 활용할 수 있는 역량을 갖추도록 한다."
4학년,1학기,1전심,HABF4201,수학교육과,실함수론,3,3,"실함수론은 해석학을 공부한 뒤 축도론과 적분론 및 그의 응용을 중심으로 기초 개념을 심도있게 학습한다. 실함수론은 근세에 급속히 발전한 학문으로 함수 해석학의 기초를 이룰 뿐 아니라 자연과학, 공학, 사회과학 등에 널리 응용되고 있다. 실수 및 복소수계, 급수, 연속, 미분, 정적분, 함수열, 다변수함수, Lebesgue 적분 등을 다룬다."
4학년,1학기,1전선,HABF4221,수학교육과,인공지능과확률통계교육,3,3,"본 과목은 딥러닝의 기초가 되는 신경망의 원리, 딥러닝의 학습 원리, 그리고 딥러닝을 위한 다양한 모델들을 학습한다. 이를 위하여 NN, CNN, RNN 모델의 학습 원리와 이러한 딥러닝 모델의 수학교육을 포함한 다양한 응용분야에 대하여 학습한다."
4학년,1학기,1전심,HABF4231,수학교육과,수학교육종합설계,3,3,"수학교육에 대해 이미 배운 내용들을 종합 설계하는 과목으로 수학 교재, 수학교육용 컴퓨터 프로그램, 수학교육 관련 동영상 제작 등을 교육실습과 연계하여 제작하는 실습 과목이다."
4학년,1학기,1교직,HATT0100,수학교육과,학교현장실습,2,2,예비로사로서 수양과 덕목을 쌓는 기회를 만든다.
4학년,2학기,1전선,HABF4262,수학교육과,대수학교수법,3,3,"중등학교 교재 내용 중 대수학과 관련된 정수 집합과 유리수 집합의 관계와 정수집합과 실수 또는 복소수 집합의 관계의 유사점과 차이점을 알아봄으로써 수집합의 체계적인 이해를 도모하고, 이를 대수학의 근본 목표인 다항식의 근을 찾는 데 활용할 수 있게 하며, 또한 위의 개념을 중등학교 교사들이 응용하여 보다 다양한 대수학습이 이루어질 수 있게 교수법을 연구해 본다."
4학년,2학기,1전선,HATP0001,수학교육과,교과교실수업연구,3,3,"본 교과는 실제 학교현장에서 교사의 수업을 관찰하고, 현직교사 및 교수와 이론과 실제의 문제점을 파악하여 본인의 수업에 적용하고 수업 및 학생과의 소통능력등 예비교사 역량 제고에 목적을 둔다."
4학년,2학기,1전선,HATT0096,수학교육과,학습자중심수학교육,3,3,수학교육과 전학년을 통하여 습득한 수학의 각 분야별 내용을 중등학생을 가르친다는 입장에서 정리해 보고 교직과목에서 배웠던 교육학 내용을 수학교육 측면에서 수학내용학과 연계해서 실습해 본다.
4학년,2학기,1교직,HATT0100,수학교육과,학교현장실습,2,2,예비로사로서 수양과 덕목을 쌓는 기회를 만든다.
4학년,2학기,1교직,HATT0101,수학교육과,학교현장실습(학기제),2,2,예비로사로서 수양과 덕목을 쌓는 기회를 만든다.
4학년,2학기,1교직,HATT0211,수학교육과,교직과미래교사,2,2,"이 과목은 교직과 교사의 개념, 교직의 전문성과 개발, 교사의 역할과 책임, 교사의 양성과 발달 프로그램, 교사의 인간관계와 교직 수행에 미치는 영향 등을 두루 살펴보고, 특히 급변하는 교직환경 속에서 교사로서의 진로 목표를 이해하고 가다듬고자 한다."
전체학년,하계 특별학기(A),1전선,HATB0041,수학교육과,편미분방정식(특별),3,3,
3학년,2학기,1전선,HARF0003,경영경제대학,취업과창업(경영경제),1,1,"전공과정 3학년 학생을 대상으로 취, 창업 트렌드와 최신 정보 제공, 취업 선배 현직자 및 전문가 특강, 직업 선호도 검사, 자기소개서 작성 지도 및 면접스킬 특강 등을 통해 졸업 후 진로 설정에 도움을 주며, 취·창업 전략을 수립, 설계하고 준비할 수 있도록 한다."
1학년,1학기,1전선,HAAC9235,경제금융학부,소비자심리의이해,3,3,"현대 사회에서 소비는 산업을 이끄는 동력일 뿐만 아니라, 개인의 정체성을 표현하는 중요한 주단이 되고 있다. 현대인은 단지 필요에 의해서만 소비하는 것이 아니라 매우 다양하고 복잡한 심리적 의사결정과정을 통해 소비를 한다. 본 교과목은 소비의 본질에 한 걸음 다가서고자 하는 소비자학의 기초로서 소비의 제 국면에 개입하는 다양한 심리적 현상을 소비생활의 실제에 초점을 맞추어 탐구한다. 또한 소비자 구매의사결정과 정보처리과정을 사회심리적 모델을 중심으로 분석하고 이에 영향을 미치는 심리적,사회적,문화적 요인들을 검토한다."
1학년,1학기,1전선,HAAC9250,경제금융학부,금융경제와데이터,3,3,"통계적 방법을 금융·경제 데이터에 응용하여 금융경제 데이터들의 통계적 특성, 통계적 기법을 통한 금융경제 데이터의 활용 등에 대한 학습"
1학년,1학기,1전선,HAUS0009,경제금융학부,경제학입문,3,3,"이 과목은 경제학 전반의 개요를 강의한다. 경제 및 경제학이 어떻게 발전해 왔는가, 그리고 경제학이 분석하고자 하는 대상이 무엇이며 어떠한 방법에 의하여 어떠한 내용을 연구하는 것이 경제학인가 등을 개괄한다. 특히, 수요와 공급의 기본 개념과 더불어 가격이 어떻게 결정되는지, 경제주체들은 왜 특정한 선택을 해야 하는지, 정부는 어떠한 이유로 경제정책을 수립하며 또 그 정책의 효과가 경제주체들에게 미치는 영향은 무엇인지 등을 살펴본다. 외부성과 공공재, 독과점 등 경제학의 중요 개념을 숙지하고, 이러한 경제현상의 현대 산업사회에의 함의에 관해 논한다. 주로 경제학의 미시경제 영역을 중심으로 강의를 진행한다."
1학년,2학기,1전선,HAAC2182,경제금융학부,경제통계입문,3,3,"경제학을 이론과 실증분석의 두 부문으로 성립된 학문으로 정의할 때, 본 강의에서 학생들은 경제자료로 표현되는 현실의 실증분석을 통하여 경제이론과 자료 분석 방법을 배우게 된다. 통계학의 기초적인 이론 습득과 아울러 경제 경영 관련 예제를 통해 실제 자료를 활용한 분석 능력을 배양하도록 한다. 특히 오픈 프로그램인 파이썬(Python)을 활용한 실습을 병행하여 학생들로 하여금 실제 자료(Data)를 이용한 실무적 분석 능력을 배양할 수 있도록 한다."
1학년,2학기,1전선,HAAC9259,경제금융학부,경제통계실습,3,3,"경제통계학은 경제학에서 강조하는 합리적인 의사결정을 위해 보다 객관적이고 정확한 정보를 수집, 정리, 분석할 수 있도록 하기 위한 필수적인 기초 학문이다. 이 강의에서는 경제통계학 입문에서 배운 기초 이론 내용을 엑셀 등 통계 패키지와 예제 데이터를 활용하여 적용한다. 본 교과를 통해 학생들의 경제 금융 관련 데이터 처리 및 활용 역량을 강화시키고 실제 통계 소프트웨어 활용능력을 배양한다."
1학년,2학기,1전선,HAAC9262,경제금융학부,AI와소비자이슈,3,3,"AI 혁명으로 인해 법과 제도를 비롯한 윤리적 문제, 금융 관련 문제, 계약 관련 문제 등 여러 가지 사회문제가 발생하고 있다. 이러한 시대적 변화에 적응하기 위해 AI를 이해하고 활용할 수 있는 능력을 배양하는 한편 AI로 인해 발생하는 소비자보호관련 이슈를 탐색함으로써 인공지능 시대를 살아갈 수 있는 지식과 능력을 배양한다."
1학년,2학기,1전선,HAFB0001,경제금융학부,경제학원론,3,3,"‘경제의 이해’ 교과목 강의를 기초로 한다. 경제학원론에서는 수요와 공급의 기본 개념과 더불어 가격이 어떻게 결정되는지, 경제주체들은 왜 특정한 선택을 해야 하는지, 정부는 어떠한 이유로 경제정책을 수립하며 또 그 정책의 효과가 경제주체들에게 미치는 영향이 무엇인지, 물가 불안이 우리에게 어떠한 영향을 미치며 통화라는 것은 경제활동에 어떠한 역할을 하는 것인지, 왜 국제적인 거래가 발생하는지, 그리고 경제 불안 혹은 경제위기가 발생하는 이유는 무엇인지 등 현실 경제와 관련된 다양한 주제들을 경제학 기초이론을 바탕으로 분석하는 방법들을 배우게 될 것이다."
2학년,1학기,1전선,HAAC2121,경제금융학부,미시경제학,3,3,경제적 자원이 희소함으로 생기는 문제를 해결하기 위하여 효율적인 자원배분과 공평한 분배에 초점을 맞춤으로써 경제학 제반분야를 이해할 수 있는 능력을 기르도록 한다.
2학년,1학기,1전선,HAAC2131,경제금융학부,거시경제학,3,3,"국민경제의 총량분석을 위한 기초지식의 습득을 목표로 한다. 거시경제학의 양대 산맥인 고전학파와 케인즈 학파의 경제학, 소비, 투자, 정부재정, 경기변동 및 경제성장에 대해서 학습한다. IS-LM 및 AD-AS 등의 중요한 분석도구와 그 활용방법에 관하여 자세히 공부한다."
2학년,1학기,1전선,HAAC3003,경제금융학부,경제학방법론,3,3,"경제학을 연구하는데 있어서 필요한 행렬, 미분, 최적화 등의 수학적 기초에 대해 학습하되, 단순히 수학적인 측면을 강조하기보다는 경제학 학습과정에서 당면하게 되는 문제들을 중심으로 수리적 사고를 적용함으로써 궁극적으로 경제학에 대한 이해를 깊게 하기 위한 기초과목이다."
2학년,1학기,1전선,HAAC5003,경제금융학부,재무경제학,3,3,본 강좌에서는 기업가치의 극대화를 위하여 기업자금의 조달과 운영을 어떻게 효율적으로 행할 것인지를 연구하게 된다. 강좌는 자본의 시간가치에 따른 적절한 투자방안을 선택하는 것에서 출발하여 포트폴리오 이론 등 기업경영에서의 위험관리를 다루고 나아가 자본조달결정과정에 대한 이해까지 진행될 예정이다.
2학년,1학기,1전선,HAAC6004,경제금융학부,부동산원론,3,3,"부동산학원론은 부동산학을 구성하는 여러 각론 분야들을 개관하고 기본원리들을 배우는 과목이다. 본 강의의 목표는 두 가지이다. 첫째는 부동산에 대한 관심과 기본지식을 배양하는 것이고, 둘째는 부동산관련 자격증 시험에 대비하는 것이다."
2학년,1학기,1전선,HAAC9237,경제금융학부,소비자주의와시장환경,3,3,"소비자학의 개론과목으로 시장의 구조와 본질을 이해하고, 변화하는 시장 환경에서의 소비자의 위치와 역할을 조명한다. 또한 소비자의사결정, 소비자행태, 소비자문제와 정책, 소비자교육, 소비자운동 등을 개괄적으로 살펴본다."
2학년,1학기,1전선,HAAC9255,경제금융학부,소비자와유통,3,3,"세계화, 정보화 사회로 일컬어지는 현대사회에서 시장 환경은 급변하고 있으며, 생산자와 소비자 사이의 분리를 메워주는 유통환경 역시 급변하고 있다. 소비자의 활발한 시장참여와 기업의 소비자 지향적 경영활동이 요구되는 현대사회에서 유통의 의미와 과정을 소비자학적인 시각에서 고찰하고, 유통과정에서 발생할 수 있는 소비자문제와 대처방안에 대해서 논의하는 것을 목적으로 한다. 특히 디지털 플랫폼 시대에 새로운 유형의 리테일·커머스 트렌드에 대해서도 상세히 학습하도록 한다."
2학년,1학기,1전선,HAAC9258,경제금융학부,경제학특강,3,3,"시장경제의 작동원리를 이해하고 이를 바탕으로 우리나라 각 분야의 현안에 대해 논의한다. 본 교과목은 경제학적 사고방식과 시장경제의 작동원리에 대한 기본적인 이해로부터 시작하여 우리나라 경제에서 기업, 노동, 정부, 제도와 정책, 교육과 문화 등 각 분야의 현안을 살펴보고 분석함으로써 현실 경제에 대한 이해를 제고한다."
2학년,1학기,1전선,HAAC9261,경제금융학부,소비자의사결정론,3,3,시장의 글로벌화로 인해 재화의 종류 및 유통과정은 더욱 복잡해졌으며 급속하게 변화하는 시장환경 속에서 소비자의 선택은 더욱 어렵게 되었다. 이에 소비자의사결정 이론을 바탕으로 실제 소비자 의사결정 행동을 연구·분석함으써 합리적인 소비자의사결정 능력을 배양한다.
2학년,2학기,1전선,HAAC0006,경제금융학부,금융투자론,3,3,투자자산의 가격결정에 관한 이론체계로서의 투자론 중 특히 증권투자의 분석을 위한 강좌이다. 이를 위해서 전반부는 분산투자에 관한 현대 포트폴리오 선택이론과 가격결정의 구조를 밝히고 이와 관련된 여러 시장균형 모형을 연구한다. 후반부는 증권시장 효율성 문제와 함께 최근 중요한 이슈인 파생상품을 다룬다.
2학년,2학기,1전선,HAAC0008,경제금융학부,화폐금융론,3,3,"화폐에 관한 다양한 이론을 학습하고 이들 이론을 현실경제에 응용한다. 특히 화폐의 수요, 공극과 이자율이론, 중앙은행의 기능 및 통화신용정책 등을 중심으로 논의를 전개하며, 통화량이 경기변동, 인플레이션, 이자율, 주가 등 경제의 영향을 미치는 경로와 그 효과에 대해서 공부함으로써, 경제현상에 대한 이해를 높이는 것을 목적으로 한다."
2학년,2학기,1전선,HAAC6005,경제금융학부,부동산금융론,3,3,"본 강의는 부동산시장의 작동원리에 관해 공부한다. 도시의 형성과 발정, 도시공간구조의 결정 및 주택 및 토지시장의 작동원리에 대해 학습한다. 부동산경제학의 이론을 충실히 공부함과 아울 실천 (practice)에도 충분한 주의를 기울일 것이다."
2학년,2학기,1전선,HAAC8001,경제금융학부,자본시장의이해,3,3,"자본시장에 대한 체계적인 이해와 더불어 금융의 기능에 대한 학습을 하는 것이 이 과목의 주요 목적이다. 금융시스템의 이해, 금융기관들(은행, 증권회사 등)의 역할, 금융상품(주식, 채권, 파생상품 등)의 이해, 투자자의 선택, 자산운용업무 및 펀드시장의 기능에 대한 이해와 더불어 이를 국제자본시장의 이행을 접목하는 폭넓은 학습에 초점을 둔다. 특히, 최근 도입된 자본시장통합법에 대한 전반적인 이해를 하는데도 이 강의가 도움이 될 것이다. 은행, 증권회사 및 금융관련기관들에 관심 있는 학생들과 금융관련 자격증을 준비하고자 하는 학생들이나 준비 중인 학생들 중 자본시장에 대한 전반적인 체계를 이해하고자 하는 학생들에게 이 강의가 도움이 될 것으로 예상한다."
2학년,2학기,1전선,HAAC9001,경제금융학부,산업조직론,3,3,"본 강좌는 시장경제에서 산업 및 시장의 수직적 그리고 수평적 구조의 결정과 시장구조가 그 구성원들의 행동 및 성과에 미치는 영향을 논의한다. 보다 구체적으로 여러 생산 단계를 거치는 생산에서 산업의 경계가 어떻게 결정되며, 각 기업이 그 단계들 중에서 어떤 부분을 포함할 것인가 하는 수직적 문제와 각 산업에서 경쟁구조가 어떻게 결정되며 그렇게 결정된 경쟁구조가 그 산업의 생산량이나 가격 등에 어떤 영향을 미치는가 하는 수평적 문제가 분석의 대상이 된다. 학기 전반부의 강의는 최근까지 발전된 게임이론을 요약하여 소개하며 실제 산업에서의 전략의 활용에 관하여 논한다. 학기 후반부의 강의는 산업조직 이론의 주제별로 강의를 전개하며 각 주제에 맞추어 이론과 사례를 소개한다."
2학년,2학기,1전선,HAAC9238,경제금융학부,소비자경제학,3,3,"소비자행동에 대하여 경제학적 관점에서의 이해를 도모한다. 관련 기초지식을 익히고, 소득, 소비와 저축, 자산과 부채, 개인재무설계 및 자산관리, 가족행동 등에 대한 이론을 소개하고 관련 통계자료들을 살펴봄으로써 현실인식에 대한 이해를 돕는다."
2학년,2학기,1전선,HAAC9240,경제금융학부,소비자트렌드분석,3,3,본 과목은 시장조사의 가장 중요한 수단으로서 소비트렌드를 예측하고 분석할 수 있는 능력을 개발하는 과목이다. 소비트렌드 분석에 필요한 다양한 양적 질적 방법들을 학습하고 실제로 소비트렌드를 분석하게 될 것이다. 이 과정에서 소비트렌드의 다양한 흐름을 분석하고 트렌드 읽기의 기본자세와 정보수집 기술을 습득하게 된다.
2학년,2학기,1전선,HAAC9244,경제금융학부,금융소비자론,3,3,"복잡하고 다양한 금융상품의 출시등 빠르게 변화하는 금융시장환경에서 금융소비자로서의 역할이 중요해지고 있다. 이에 금융시장과 금융소비자행동을 이해하고, 금융관련 피해예방을 위한 소비자정보, 금융소비자교육 이론을 학습하며, 금융소비자피해사례의 분석을 통해 금융소비자 상담 및 피해구제에 대한 이론과 실제를 학습한다."
2학년,2학기,1전선,HAAC9269,경제금융학부,노동경제학,3,3,"어떤 사람들은 일을 하고 다른 어떤 사람들은 일을 하지 않는 이유는 무엇인가? 사람들 사이의 소득이 차이가 나는 이유는 무엇인가? 노동경제학은 이러한 질문들에 대한 해답을 준다. 즉, 노동경제학은 노동시장 참여자들의 행동을 분석하는 경제학의 한 분야이다. 본 강의는 노동시장의 작동 방식에 대한 이해를 돕고 노동시장 관련 풍부한 통계와 실증결과를 소개한다. 본 강의에서 다루는 주제는 노동공급 및 수요, 노동시장 균형, 보상적 임금격차, 인적자본, 임금구조, 노동 이동성, 노동시장 차별, 노동조합, 유인급여, 실업 등이다."
2학년,2학기,1전선,HAAC9270,경제금융학부,금융경제데이터분석기초,3,3,"경제금융데이터분석 입문은 금융분야와 경제학 전반에 활용되는 다양한 데이터들을 이해하고 분야별 데이터들의 특성과 기초적인 분석방법을 학습하는 과목이다. 학생들은 금융, 경제 분야별로 많이 활용되는 데이터들을 직접 접해보고 특성들을 이해하며 이를 활용한 기초적인 분석을 실시하게 된다. 이를 통해 금융경제분야의 취업 등 경제활동에서 필수적인 역량 중의 하나인 데이터분석을 전문적으로 수행하기 위한 기초 역량을 습득하는데 목적이 있다."
3학년,1학기,1전심,HAAC0002,경제금융학부,금융시장과금융기관,3,3,"실제 경제활동 과정에서 접하게 되는 금융관련 문제들을 다루는 과목이다. 따라서 이론적인 측면에 대해서도 논의하지만, 주로 금융시장 및 금융지도, 금융상품 그리고 최근의 금융현안 등 금융의 당면"
3학년,1학기,1전선,HAAC0012,경제금융학부,국제경제학,3,3,"개방된 경제 환경에서 발생하는 다양한 경제현상들에 대해 학습한다. 국제무역과 관련한 이론 및 정책, 환율과 국제수지 등 국제금융 및 개방거시경제학에 대한 기본적인 내용을 배운다."
3학년,1학기,1전심,HAAC9002,경제금융학부,자산운용과투자전략,3,3,"자산배분에 대한 의사결정(Asset Allocation Decision), 포트폴리오 운용(Portfolio Management) 및 자산 가격결정(Asset pricing)등에 대한 기본적인 원리들을 습득하여 주식, 채권, 파생상품과 대체투자 등 상품의 투자전략 능력을 제고한다."
3학년,1학기,1전선,HAAC9003,경제금융학부,데이터분석의이해,3,3,"추정, 가설검정, 예측 등 경제, 금융 데이터 분석을 위한 기초 개념들을 이해하고 통계 프로그램을 활용하여 실제 데이터 분석을 실습한다."
3학년,1학기,1전선,HAAC9214,경제금융학부,행동경제학,3,3,"지난 수십 년 동안 행동경제학은 경제학을 혁신시켜오고 있다. 경제학이 그동안 가정하기를 희망하였던 차디찬 인간이 아닌 때때로 실수를 하며, 다른 사람들을 생각하는 현실의 ‘인간’을 경제학에 다시 돌려놓았다. 경제적 행동에 대한 기존 경제학의 인식을 바꾸는데 크게 기여함으로써 행동경제학은 복잡한 경제현실을 보다 잘 설명하는 성과를 나타내고 있다. 본 강좌에서는 이와 같은 행동경제학의 주요 성과를 소개하고 다양한 예제와 함께 설명함으로써 인간행동에 대한 이해를 보다 확대 시키도록 한다."
3학년,1학기,1전선,HAAC9248,경제금융학부,조세제도와정책,3,3,"조세제도는 사회에 필요한 재정지출을 위한 중요한 재원조달 수단으로서 경제적 효율성과 공평성에 다양한 영향을 미친다. 본 강의는 조세의 귀착, 초과부담, 최적과세 등에 대한 기초적 이론을 바탕으로, 조세의 효율성과 형평성 등 기본원리를 검토하며 효율성과 형평성의 조화를 위한 바람직한 조세는 무엇인지 분석한다. 실제 소득세, 법인세, 소비세, 재산세 등을 포함하는 조세제도를 배우며 조세정책의 바람직한 방향과 방안에 대해서 논의한다."
3학년,1학기,1전선,HAAC9251,경제금융학부,산업?정책의미시계량분석,3,3,본 과목은 응용미시계량경제학의 방법론에 대한 이론학습과 실제 정책평가에 대한 실습으로 구성된다. 미시데이터를 이용한 패널분석과 제한된 종속변수(LDV) 모형의 분석방법을 학습한다. 이와 같은 방법론을 바탕으로 실제 정책평가 프로젝트 사례를 응용하여 실습한다.
3학년,1학기,1전선,HAAC9253,경제금융학부,소비자조사법,3,3,"본 강의는 소비자와 관련한 자료수집 및 보고서 작성, 프레젠테이션을 위한 방법을 익힌다. 다양한 자료수집법을 배우고, 관심 주제에 대한 실제 자료를 수집하고 통계분석을 통해 자료 분석을 수행한다. 이어 보고서 작성과 프레젠테이션을 수행한다."
3학년,1학기,1전선,HAAC9263,경제금융학부,금융소비자교육,3,3,소비자교육 이론을 바탕으로 소비자교육의 주제 및 대상에 따른 소비자교육프로그램을 개발할 수 있으며 실제 소비자교육을 실시할 수 있는 능력을 배양함으로써 금융기업이나 정부 기관에서 소비자교육을 기획하고 실행할 수 있는 인재를 양성한다.
3학년,1학기,1전선,HAAC9266,경제금융학부,소비자정성분석론,3,3,"본 과목에서는 소비자의 인식과 행동을 이해하고 설명하기 위한 방법으로 정성적(질적) 연구방법을 소개한다. 정성적 연구방법의 개념과 필요성을 살펴보고, 정성적 연구를 위한 여러 가지 자료 분석 방법을 학습한 후, 이러한 정성적 연구방법들을 실제로 실습해 본다. 이를 위해 심층면접, FGI(표적집단면접법), 참여관찰, 은유추출기법, 질적연구 소프트웨어 등 다학제적 관점에 기반한 다양한 소비자정성분석방법에 대해 학습한다."
3학년,2학기,1전심,HAAC0014,경제금융학부,환율과국제금융,3,3,"현대 사회는 국가 간의 무역, 자본이동 등 국제 교류가 활발히 일어나고 있는 글로벌화된 자본주의 사회이다. 이러한 경제 환경 하에서 세계경제의 흐름을 이해하고 잘 대응하려면 국제거시경제에 대한 이해가 필수적이다. 본 과목에서는 개방경제 환경에서의 거시경제학의 이론과 이의 응용에 대하여 학습한다. 특히 본 강좌는 환율과 국제금융시장의 작동원리에 대한 주요 이론과 이슈들에 대해 많은 시간을 할애한다."
3학년,2학기,1전심,HAAC3211,경제금융학부,공공경제학,3,3,"민간 경제의 시장적 자원배분에 있어서 시장실패의 양상과 원인을 규명하고 이의 치유, 보완을 위한 공공부문의 비시장적 자원배분의 원리를 연구한다. 외부효과, 공공재의 수급, 공공신탁, 비용효과 분석 등에 관한 기초이론과 경제정책에의 응용을 위한 방법론에 대한 기초지식에 대한 강의한다."
3학년,2학기,1전선,HAAC5007,경제금융학부,가계금융론,3,3,"본 과목은 가계(household) 관점에서 금융을 접근하고 가계의 다양한 금융행태 및 의사결정, 즉 저축, 투자, 부채, 자산구성 및 위험관리 행태를 소개하고 있다. 그동안 재무이론이 기업재무(Corporate Finance) 쪽에 치우쳤으나 최근 들어 경제의 핵심주체인 가계의 금융행태에 대한 관심이 높아짐에 따라 기업재무와 다른 특성을 지닌 가계재무(Household Finance)이론이 각광을 받고 있다. 금융지식의 중요성이 보다 강화되고 있는 현대 사회에서 금융소비자로서 가계재무와 관련된 지식을 이해하고 이를 응용하는 능력 배양이 학습목표이다."
3학년,2학기,1전심,HAAC9236,경제금융학부,소비자정책과이슈,3,3,소비자관련 법과 정책을 이해하고 최근 소비자이슈를 중점적으로 연구한다. 소비자 권익증진을 위하여 소비자 관련법들의 주요 사례를 분석하고 소비자관련 정책의 배경 및 의미를 고찰한다.
3학년,2학기,1전선,HAAC9242,경제금융학부,디지털경제시대의스타트업,3,3,"기하급수적 기술혁신이 추동하는 디지털 플랫폼 경제 시대에, 다양한 분야에서 확장하고 있는 국내외 스타트업 트렌드를 분석한다. 스타트업 비즈니스 모델에 관한 이론, 주요 개념, 방법론에 대해 체계적으로 학습하고, 국내외 스타트업의 주요 비즈니스 사례분석을 통하여 혁신적인 비즈니스 모델 개발 능력을 함양한다. 다양한 방법론을 적용하여 창의적인 아이디어를 비즈니스모델로 구체화하는 것을 학습하고 성공한 기업들에 대한 케이스 스터디를 통하여 실전에서 어떻게 적용되고 있는지 학습한다."
3학년,2학기,1전선,HAAC9245,경제금융학부,핀테크산업의이해,3,3,"학생들에게 금융기술(Financial Technology)관련 기업들 현재의 금융기관(은행, 증권회사, 투자회사, 보험 등), 사회적 영향과 규제 및 대응 등 4가지 관점에서 핀테크에 대한 학습기회를 제공한다."
3학년,2학기,1전선,HAAC9254,경제금융학부,이슈경제학,3,3,"본 강의는 우리 사회가 직면하고 있는 다양한 이슈들, 고령화, 기후변화, 범죄와 예방, 빈곤과 차별, 독점, 보호무역주의, 인플레이션, 경제성장과 분배, 정부지출, 사회안전망 등에 대해 다양한 경제분석 기법을 이용하여 문제와 해결책에 대해 분석, 논의하고 학습한다. 본 수업은 먼저 주요 경제, 사회 이슈를 소개하고 주요한 특징과 영향에 대해 논의한다. 다음으로 이슈에 대한 체계적 접근을 위해 경제학 기본 분석 틀에 대해 학습하고 이를 기반으로 주요 이슈들의 원인과 영향 등을 체계적으로 분석하여 그 해결책을 도출하고 이를 학생들과 함께 논의를 통해 최적 해를 도출하도록 한다. 이에 따라 본 수업은 학생들의 소규모 그룹 토론, 문제 해결 실습, 발표 등이 요구되므로 우리 대학의 S 러닝 수업 형태로의 운영이 적합하다."
3학년,2학기,1전선,HAAC9257,경제금융학부,개인재무설계,3,3,"본 강의는 개인재무설계에 대한 개괄적 내용을 다룸으로써 재무관리에 관한 지식을 쌓도록 하며, 향후 개인재무관리 관련 자격증 획득을 위한 기초정보를 얻는다. 
재무관련환경, 재무설계, 자산관리 및 위험관리 등 포괄적인 재무관리를 위한 기초지식을 익히며, 실제적 사례와 관련정보수집을 통한 프로젝트 수행 등을 통해 지식의 이해를 돕고자 한다."
3학년,2학기,1전심,HAAC9260,경제금융학부,경제성장과현대경제이슈,3,3,경제학의 주요 주제인 경제성장에 관한 이론 및 이와 관련한 현대 경제의 여러 이슈들에 대하여 학습한다.
3학년,2학기,1전선,HAAC9268,경제금융학부,법경제학,3,3,"법경제학은 최근 발전하고 있는 경제학의 한 분야이다. 개인의 선택과 결정의 문제는 법과 제도의 영향을 받을 수밖에 없다. 자신의 이익을 극대화하기 위해 노력하는 개인과 기업의 행동은 법과 제도가 제공하는 이른바 유인(incentive)에 영향을 받는다. 따라서 법과 제도는 경제적 성과에 직접적인 영향을 미친다. 법경제학은 법이라는 현상에 대하여 효율 극대화의 관점에서 경제학을 통해 설명하려는 학문이다. 구체적으로는 법이 경제에 미치는 효과를 비교하여 어떤 법이 바람직한지 등을 주로 분석한다. 본 강의는 경제학을 독점금지법과 기타의 경제규제에서 나아가 불법행위법, 계약법, 재산법, 형법 등에 적용해보고 경제학을 통해 법과 제도를 이해하는데 도움을 주도록 한다."
3학년,2학기,1전심,HAFT0002,경제금융학부,금융빅데이터입문,3,3,빅데이터를 이용하여 금융시장 분석을 수행할 수 있는 데이터마이닝 기법을 학습한다.
4학년,1학기,1전선,HAAC0013,경제금융학부,경제금융세미나,3,3,"금융경제 관련 기본지식을 학습하며, 금융회사 근무에 필요한 실무능력을 습득한다. 우리나라 금융시장 및 금융제도의 주요내용을 고찰하며 국내. 외 금융시장에서의 주요 Issue 및 Trend를 점검하고, 발표와 토론을 병행한다. 주로 4학년 학생을 대상으로 하며, 현역 금융시장 전문가에 의한 특강도 병행될 수 있다."
4학년,1학기,1전심,HAAC6007,경제금융학부,금융상품의이해,3,3,"본 강의에서는 최근 금융 및 자산시장에서 활발하게 거래되고 있는 금융상품에 대한 공부한다. 최근 약 30년간 금융 및 자산시장에서는 새로운 금융상품이 등장했으며, 투자 및 위험관리에서 활발하게 활용되고 있다. 최근 세계금융 위기의 사례에서 확인할 수 있듯이 유동화증권, 서브프라임 대출, 자산 파생상품 등 상품 등은 일반적 지식이 되어가고 있다. 따라서 본 강의에서는 이와 같은 흐름을 반영하여 다양한 금융상품에 대하여 소개한다."
4학년,1학기,1전선,HAAC9249,경제금융학부,응용데이터분석세미나,3,3,교수들의 데이터 분석 관련 최신 연구들을 학생들에게 소개하고 이를 실제 데이터를 이용하여 실습을 통해 직접 응용
4학년,1학기,1전선,HAAC9256,경제금융학부,시장경제와윤리,3,3,"본 교과목은 시장에서의 도덕과 윤리에 대한 내용으로 구성되어 있으며, 시장의 경제주체인 정부, 기업, 소비자의 윤리적 행동에 대한 논의를 통해 수강생들의 경제적 지식과 더불어 윤리적 소양을 기르고자 한다. 본 교과목은 시장논리와 도덕논리에 대한 토론을 중심으로 수업이 진행되어 학생들의 적극적인 참여가 필요하며, 이를 통해 논리적 사고와 의사소통 능력을 함양하고자 한다."
4학년,1학기,1전심,HAFT0001,경제금융학부,텍스트마이닝을이용한소비자분석,3,3,"본 과목은 대표적인 비정형데이터인 텍스트 분석을 활용하여 경제?금융 소비자와 관련한 문제를 해결하는 것을 목표로 한다. 본 수업의 구성은 소비자이론 학습이 1/3, 텍스트 분석 실습이 1/3, 프로젝트 수행이 1/3로 이루어진다."
4학년,1학기,1전선,HAFX0014,경제금융학부,핀테크산업과서비스디자인,3,3,최근 4차 산업혁명에 따라 다양한 분야에서 핀테크산업이 부상하고 있다. 본 강좌는 이와 같은 4차 산업혁명 시대의 흐름에 병행하여 서비스 가치창출을 위한 다양한 산업과 기업들의 이론과 사례를 중심으로 연구한다. 본 강좌는 특히 현재 진행중인 새로운 산업혁명과 관련한 문제를 고찰하고 PBL 중심으로 사업을 진행한다. 이러한 기반을 바탕으로 서비스 디자인을 위한 최적화 방안을 제시한다.
4학년,2학기,1전선,HAAC0010,경제금융학부,한국경제의이해,3,3,한국경제의 변천과 발전에 관해서 학습한다. 특히 1997년 외환위기와 2008년 글로벌 금융위기를 겪게 된 이유와 정책대응을 분석함으로써 한국경제 구조에 관한 이해를 높인다.
4학년,2학기,1전선,HAAC9215,경제금융학부,경제금융실무(캡스톤디자인),3,3,본 과목은 학생들로 하여금 경제 및 금융 전문가로서의 역량을 배양할 수 있는 실무적 지식을 학습하고 이를 연습할 수 있는 기회를 제공한다. 본 과목은 금융경제학과의 “캡스톤디자인” 과목으로서 본 과목을 통해 학생들은 실제 경제문제를 해결할 수 있는 프로젝트를 수행하는 것을 목표로 한다.
4학년,2학기,1전선,HAAC9265,경제금융학부,소비자문제분석,3,3,다양한 과거의 소비자문제 및 최근 발생하는 문제들을 발굴하고 관련 자료를 찾고 분석하고 정리하고 발표한다. 함께 해결방안을 모색한다.
4학년,2학기,1전심,HAFT0003,경제금융학부,머신러닝을통한금융예측,3,3,"머신러닝 기법을 이해하고 이를 통해 주가, 금리 등 주요 금융 변수 예측 기법을 학습한다."
전체학년,1학기,1전선,HAAC9222,경제금융학부,현장실습학기제(경제금융),15,15,학교에서 배운 이론과 산업체에서 필요한 실무교육을 강화할 수 있도록 현장실습을 통하여 실습함으로써 현장실습의 직무 만족이 취업에 도움이 될 수 있도록 한다.
3학년,2학기,1전선,HARF0003,경영경제대학,취업과창업(경영경제),1,1,"전공과정 3학년 학생을 대상으로 취, 창업 트렌드와 최신 정보 제공, 취업 선배 현직자 및 전문가 특강, 직업 선호도 검사, 자기소개서 작성 지도 및 면접스킬 특강 등을 통해 졸업 후 진로 설정에 도움을 주며, 취·창업 전략을 수립, 설계하고 준비할 수 있도록 한다."
1학년,1학기,1전선,HAAE9234,경영학부,마케팅트렌드&인사이트,3,3,"본 수업은 1학년 1학기 학생 대상의 마케팅 입문수업으로서 다양한 마케팅 트렌드들을 다양한 시각에서의 학습하고 마케팅 인사이트를 키운다. 
경영전략, 마케팅전략, 마케팅실행의 역학관계를 이해하고 다양한 마케팅 관련 트렌드들을 해석 능력을 키우고 궁극적으로 마케팅 기획력과 창의력을 키운다."
1학년,1학기,1전선,HAFB0002,경영학부,경영학원론,3,3,"경영환경의 사적 개요, 경영학 연구의 대상과 성격, 기업형태론, 기업집중과 국제화, 경영관리의 계획, 경영관리의 조직, 경영관리의 지휘, 경영관리의 통제 등에 관하여 학습을 전개하고, 특히 목표관리와 경영전략, 기업환경과 의사결정론에 관하여 토론을 전개함으로써 경영학 전반에 걸쳐 폭넓은 이해를 도모한다."
1학년,2학기,1전선,HAAE9219,경영학부,기업과금융,3,3,현대적 기업의 형태와 경영분석 및 경영전략을 금융적 관점에서 파악하고 관련된 이론에 대한 이해와 활용방법에 대해 학습한다.
1학년,2학기,1전선,HAFC0001,경영학부,경영통계,3,3,"경영환경에서 당면하는 의사결정을 위해 자료의 수집, 정리, 해석 하는 통계학적 기법들을 소개하고 추측통계기법들을 이용하여 가설 검정에 관한 이론을 학습한다. 또한 인과적인 자료에 사용되는 상관 분석과 회귀분석에 관하여 학습한다. 그 외에 분산분석, 비모수통계학의 기법들도 소개된다."
2학년,1학기,1전선,HAAE0010,경영학부,생산관리,3,3,"제조 및 서비스 기업 관리 전반에 걸친 운영 및 전략적 관점에 대 하여 학습한다. 주요한 학습 주제는 운영 전략, 신제품 및 서비스 디자인, 용량계획, 위치 및 배치계획, 인력 운영 및 업무 설계, 공급망 관리, 재고관리 및 총괄생산계획 등에 대한 기초 지식을 학습한다."
2학년,1학기,1전선,HAAE1122,경영학부,회계원리,3,3,"회계학의 기초원리로서 회계순환과정(accounting cycle)을 이해하기 위한 기초 개념으로서의 회계의 전제조건 및 회계원칙과 자산, 부채, 소유주 지분, 수익, 비용, 이익의 개념과 회계의 기술적 구조를 중심으로 공부할 것이다. 거래의 발생부터 재무제표를 작성하기 까지 일련의 과정을 중점적으로 설명할 것이다. 이와 아울러 현금 및 현금성 자산, 금융자산 및 금융부채, 유형 및 무형자산 등에 관 한 회계처리 및 재무제표의 작성 원리 및 보고 방법에 관하여 설명할 것이다."
2학년,1학기,1전선,HAAE2131,경영학부,마케팅,3,3,"이 교과목은 학생들에게 마케팅의 개념을 소개하고 학생들에게 마케팅의 개념을 실질적으로 적용하는 방법을 친숙하게 소개하기 위 한 과목이다. 이 과목을 수강함으로서, 학생들은 조직의 크기에(개인, 그룹, 조직) 상관없이 마케팅의 계획을 수립하는 것에 익숙해 질 수 있도록 한다. 
- 기본적인 용어와 사실을 안다. 
- 특별한 상황에 사용되는 용어를 올바르게 선택한다. 
- 같은 의미를 가진 용어들을 관련시키고 확인한다. 
- 각각의 상황들을 묘사하고 용어를 올바르게 사용한다. 
- 개념과 원리들을 이해하고 관련된 예시들을 확인하고 묘사해본다. 
- 원리들의 상관성을 이해한다. 
- 관련된 원 리들에 따라서 그에 대한 조건을 설명한다. 
- 개념을 새로운 상황 에 적용한다. 
- 실제적인 문제를 확인하기 위해 필요한 개념들을 확인한다. 
- 상황에 수반된 원리들의 개연성 있는 결과들을 예견한다."
2학년,1학기,1전선,HAAE2141,경영학부,원가회계,3,3,본 과목은 기업 경영자들의 의사결정을 위한 원가회계의 접근 방법을 논리적으로 이해하는데 목적이 있다. 원가회계의 기본적 개념을 토대로 원가계산 방법을 체계적으로 학습하여 기본적인 원가결정과정을 분석한다.
2학년,1학기,1전선,HAAE3211,경영학부,재무관리,3,3,"재무관리는 기업의 자금 조달 및 운용에 관해 공부한다. 즉, 기업의 가치를 극대화하기 위한 투자안의 선택 방법, 투자에 필요한 자금을 최소한의 자본비용으로 조달하는 방안 등에 관한 기업의 합리 적인 재무 의사결정을 다룬다. 수업 목표는 현금흐름의 현재 및 미래가치 평가법, 자본비용 계산, 자본예산 관리방법 등을 기업에서 효과적으로 응용, 활용하는 능력을 함양하는 것이다."
2학년,1학기,1전선,HAAE6002,경영학부,경영조직론,3,3,"본 과목은 조직 내의 개인, 집단, 그리고 조직 수준의 개체들과 관련된 다양한 행동 및 현상들을 이해하기 위한 이론적 지식을 학습 하는 데에 목적이 있다. 즉, 조직행동론은 개인, 집단, 조직 수준 의 개체들이 어떻게 행동하는지, 왜 특정한 행동을 하게 되는지, 그리고 행동의 결과가 무엇인지를 연구하는 학문으로서, 개인특성, 지각, 감정, 동기부여, 의사결정, 커뮤니케이션, 갈등, 리더십, 조직문화 등 다양한 주제를 다루게 된다. 특히, 본 과목은 사례 연구를 병행함으로써, 학생들이 조직이 사람을 관리함에 있어서 부딪히는 실질적 이슈를 이해하고, 이를 효과적으로 해결할 수 있는 방안을 모색하는 데에 유용할 것이다."
2학년,1학기,1전선,HAAE9215,경영학부,ICT융합비즈니스개론,3,3,"ICT(정보통신기술) 발전과 함께 디지털 트랜스포메이션 시대로 진화하면서 다수의 융합 비즈니스들이 등장하고 있다. 본 교과목에서는 ICT 최신 트렌드와 이슈, 서비스 사례 등을 살펴보고 이를 통한 사회 변화와 새로운 융합 비즈니스 패러다임을 고찰하도록 한다."
2학년,1학기,1전선,HAAE9232,경영학부,비즈니스프로그래밍,3,3,"비즈니스 데이터 분석의 기초가 되는 Python 프로그래밍에 대해 학습하고, 이를 통해 프로그래밍 언어 및 프로세스의 개념을 정립하여 프로그래밍을 활용한 통계 및 데이터 분석 응용력을 배양한다."
2학년,1학기,1전선,HAAE9245,경영학부,기업문화론,3,3,"기업문화론은 조직 내부의 가치, 신념, 행동 양식 등을 다루며, 조직의 핵심 가치 및 문화를 이해하고 분석하는 데 중점을 두고 있다. 학생들은 기업문화에 관한 이론과 사례 연구를 통해 조직 내에서의 효율적인 의사소통, 리더십, 조직 변화 및 혁신에 대한 이해를 증진하게 된다."
2학년,2학기,1전선,HAAE0006,경영학부,인적자원관리,3,3,"인적자원은 조직의 성공 여부를 결정짓는 핵심자원으로서 전략적 중요성이 있다. 본 과정은 사람에 대한 다양한 관점과 인적자원관리의 역사에 대한 학습을 시작으로 종업원들이 조직의 성공을 위해 자신의 노력을 발휘할 수 있도록 하는 방법을 탐구해 보고자 한다. 본 과 목에서는 기업에서 인력의 채용, 평가, 보상, 승진, 개발 등의 이슈가 다루어진다."
2학년,2학기,1전선,HAAE2182,경영학부,관리회계,3,3,본 과목은 경영자들의 합리적인 장·단기 경영 의사결정을 위한 회계정보를 이해하고 분석하는 데 목적이 있다. 원가 정보의 기본적 개념의 이해와 분석을 통해 경영목표에 적합한 계획과 통제를 위한 관리회계적 접근 방법을 모색한다.
2학년,2학기,1전선,HAAE2202,경영학부,소비자행동,3,3,"본 교과목은 소비자행동과 관련된 기본 이론들을 이해하고 이 이론 들이 어떻게 마케팅 문제 분석에 적용 되는가를 살펴보는데 주목적을 둔다. 효과적인 마케팅 전략 수립을 위해서 소비자의 욕구와 요구, 소비자 만족, 소비자행동의 환경을 이해하는 것 들이 포함된 다. 즉 소비자행동을 형성하는 요소와 추세 그리고 마케터와 규제자들이 이러한 정보들을 사용할 수 있는 방법에 대해서 알아본다."
2학년,2학기,1전선,HAAE3231,경영학부,세무회계,3,3,"세무회계는 재무회계, 원가관리회계와 더불어 회계의 3대 축을 구성하는 주요 분야이다. 본 과목을 통하여 세무회계 및 세법의 전반적인 개요를 이해하고, 합리적 의사결정에 필요한 세무마인드를 함양할 수 있다. 주요 세법인 법인세, 소득세, 부가가치세에 대해서는 핵심적인 세무회계 내용을 습득할 수 있다."
2학년,2학기,1전선,HAAE4332,경영학부,투자론,3,3,"투자론은 금융자산에 대한 투자를 통해 투자수익률을 극대화시킬 수 있는 방법론을 공부한다. 이론적 분석방법을 토대로 현실에 분석적으로 응용할 수 있는 능력을 배양하는 것이 본 수업의 주요 목 표이다. 주요 수업내용은 증권의 가치투자를 위한 기본적 분석, 단기투자 매매 기법인 기술적 분석, 투자전략을 위한 포트폴리오 설계 방법, 채권 및 파생상품에 대한 이해, 투자성과평정이다. 이론적 분석방법의 현실 적용을 위해 모의투자를 통한 실습을 병행하며, 모의투자전략을 발표함으로써, 학습효과를 극대화한다."
2학년,2학기,1전선,HAAE5002,경영학부,경영데이터분석기초,3,3,"비즈니스 환경에서 데이터 처리를 위해 실제로 다루어야 할 소프트웨어(엑셀, R 등)의 사용 방법 뿐 아니라, 기업의 다양한 사례 데이터를 활용하여 데이터를 분석하는 과정을 학습한다. 또한 경영 소프트웨어의 고급 기능을 학습하고, 분석보고서를 만드는 과정을 학습한다."
2학년,2학기,1전선,HAAE5004,경영학부,조직행동론,3,3,"본 과목은 조직 내의 개인, 집단, 그리고 조직 수준의 개체들과 관련된 다양한 행동 및 현상들을 이해하기 위한 이론적 지식을 학습 하는 데에 목적이 있다. 즉, 조직행동론은 개인, 집단, 조직 수준 의 개체들이 어떻게 행동하는지, 왜 특정한 행동을 하게 되는지, 그리고 행동의 결과가 무엇인지를 연구하는 학문으로서, 개인특성, 지각, 감정, 동기부여, 의사결정, 커뮤니케이션, 갈등, 리더십, 조직문화 등 다양한 주제를 다루게 된다. 특히, 본 과목은 사례 연구를 병행함으로써, 학생들이 조직이 사람을 관리함에 있어서 부딪히는 실질적 이슈를 이해하고, 이를 효과적으로 해결할 수 있는 방안을 모색하는 데에 유용할 것이다."
2학년,2학기,1전선,HAAE5005,경영학부,경영전략,3,3,"기업의 경영환경이 급변함에 따라 전략적 경영의 중요성이 보다 높아지고 있다. 가치 연쇄 및 경쟁 모형 분석을 통한 기업의 경영전략 수립 및 실행에 대해 학습한다. 특히 정보화 전략 및 혁신 전략에 중 점을 두어 전략정보시스템, 비즈니스 프로세스 리엔지니어링 (BPR), Organizational Learning, ERP(Enterprise Resource Planning), Quick Response 등을 사례중심으로 살펴본다."
2학년,2학기,1전선,HAAE9001,경영학부,데이터사이언스,3,3,"기업경영에서 당면하는 문제들을 계량적인 접근법으로 해결하여 기 업 경영에 효율성과 유효성을 부여하기 위한 방법론을 학습한다. 선형 계획법, 망모형, 의사 결정론, 대기행렬이론, 다중회귀분석, 시 계열 분석 등을 소개하고 이를 경영현장에서 적용할 수 있는 능력을 갖출 수 있도록 한다."
2학년,2학기,1전선,HAAE9003,경영학부,경영정보시스템,3,3,"IT기술의 발전으로 인해 기업은 정보시스템을 활용한 의사결정 등 기업의 경영환경에 기술과 정보가 중요한 요소로 부각되고 있다. 따라서 기업에 적용되는 기술과, 정보의 관리 등에 관한 전반적인 내용을 배움으로 향후 기업의 정보시스템에 대한 이해와 개념적 정의를 통한 실무능력을 갖출 수 있도록 한다."
2학년,2학기,1전선,HAAE9223,경영학부,마케팅커뮤니케이션,3,3,"4차산업의 도래로 본 수업은 디지털 기반으로 급변화하는 마케팅의 환경 및 산업에 대한 이해를 높이는 것을 목표로 함. 특히, 빅데이터, AI 등 다양한 디지털기술을 통한 혁신적 마케팅관리에 대해 학습함. 또한 마케팅커뮤니케이션 중 광고 관련한 중요한 이론과 체계를 학습하고 다양한 광고캠페인 사례들을 학습하며 광고기획 실습들을 통해 광고관련 이해력과 기획력을 높임."
2학년,2학기,1전선,HAAE9233,경영학부,마케팅특강,3,3,"본 교과는 마케팅의 다양한 사례들을 보다 깊게 살펴보는 것을 통해서 마케팅의 이론과 실제에 대한 연결을 구체적으로 학습한다. 마케팅 관련하여 마케팅의 개념을 온전히 학습할 수 있는 사례와 최신 사례 등을 함께 살펴보면서, 마케팅 문제에 접근하는 방법과 마케팅 문제를 올바른 관점에서 풀어내는 방법을 학습하도록 한다. 학생들은 다양한 사례에 대하여 학습하고 이를 비판적으로 학습할 수 있는 능력을 함양하도록 한다."
2학년,2학기,1전선,HAAE9237,경영학부,회계의이해,3,3,"본 과목은 회계정보의 산출과정 및 기업의 내부·외부이해관계자들의 의사결정을 위한 정보를 이해하는데 목적이 있다. 재무회계 및 관리회계의 회계 전반에 걸친 기본적인 개념의 이해를 토대로 회계정보를 분석, 활용한다."
2학년,2학기,1전선,HAAE9248,경영학부,리더십이론과현상,3,3,"본 과목은 기업 경영에 있어서 리더십의 의의와 중요성을 인식하고, 리더십에 대한 이론적 이해와 경영 현장에서 발현되는 리더십의 실체를 이해하는 것을 목적으로 한다. 구체적으로 본 과목은 학생들이 리더십 이론에 대한 전통적인 관점(특성, 행동, 상황), 최근 경영에서 부각되고 있는 리더십 이론(진성, 윤리, 애자일 등), 기업 내 계층별 리더십 모델(CEO, 사업부장, 팀장 등), 리더 및 리더십 진단 방법 등을 학습하고, 케이스 스터디를 통해 성공하는 경영자가 갖추어야 할 리더십 역량이 무엇인지 학습하도록 한다."
2학년,2학기,1전선,HAAE9255,경영학부,재무회계연습,3,3,회계원리에서 배운 기초를 발전시켜 주요 계정별 회계처리를 연습하고 회계 관련 사례를 통하여 학습함으로써 문제해결 능력을 배양할 수 있도록 강의한다. 중급회계 등 상위 과목 수강을 위한 실력을 기를 수 있도록 한다.
3학년,1학기,1전심,HAAE0003,경영학부,품질경영론,3,3,기업의 품질 향상을 위한 방법론 및 원칙에 대하여 학습한다. 특히 다양한 품질 관련 도구 및 기법들에 대하여 소개하고 학습하도록 한다.
3학년,1학기,1전선,HAAE0005,경영학부,마케팅리서치&어낼리틱스,3,3,"본 교과는 마케팅의 응용 교과목으로서 소비자들의 Needs를 조사하여 전략적으로 활용하는 방법론을 SPSS의 실습을 통하여 이론적, 실무적 측면에서 탐구한다. 본 교과목의 목표는 구체적으로 다음과 같다.
- 마케팅 조사의 필요성 및 개념에 대한 이해
- 소비자 조사에 필요한 상법론들의 숙지 
- 소비자 인터뷰 및 설문조사의 설계 및 조사지의 작성/수거
- 설문조사 결과 분석에 필요한 통계적 지식의 습득과 SPSS 프로그램의 활용
- 분석된 결과를 마케팅 전략으로 만들어 내는 과정 실습"
3학년,1학기,1전선,HAAE6005,경영학부,경영빅데이터분석,3,3,최근 기업 비전 및 경영목표 달성을 위해 디지털화된 다양한 데이터를 분석하고 유용한 정보와 인사이트를 도출하여 데이터 분석에 기반한 기업경영 상의 문제 해결 및 적시에 의사결정을 할 수 있는 역량이 더욱 중요해지고 있다. 본 교과목에서는 빅데이터분석의 핵심 이론과 주요한 데이터마이닝 및 머신러닝 기법들을 학습함으로써 최근 경영환경에서 필수적으로 필요한 분석 역량을 배양할 수 있도록 한다.
3학년,1학기,1전선,HAAE9004,경영학부,중급회계1,3,3,"본 수업에서는 K-IFRS(한국채택 국제회계기준)에 기초하여 재무회계의 개념체계 재무제표 작성 및 표시방법, 재무상태표의 자산 계정의 인식과 측정에 대해 학습한다. 구체적으로 재고자산, 유형자산, 무형자산, 투자 부동산, 금융자산에 대해 배우며, 이는 관련 회계 기준서에 해당하는 사례 및 예제 풀이와 해석을 통해 접근한다. 궁극적으로 본 수업은 재무회계 관련 이론 및 실무를 이해하고 평가할 수 있는 능력을 배양하는 것을 목표로 한다."
3학년,1학기,1전선,HAAE9226,경영학부,리테일마케팅,3,3,"유통기관은 시간 및 장소효용 등을 창조하는 중요한 마케팅 기관이다.
점차 환경이 급격하게 변화함에 따라 새로운 유통기관이 계속적으로 나타나고 있으며,
새로운 유통기관의 이해는 마케팅 전략을 수립하는데에 있어서 필수적인 요소가 되고 있으며,
새롭게 나타나고 있는 유통기관은 많은 취업기회를 주고 있다.
이에 본 강의에서는 유통기관 경영문제를 변화하는 환경을 고려한 시각에서 탐구해보고자 한다.
또한 새롭게 등장하고 있는 유통기관의 새로운 형태, 유통기관 내에서의 힘의 흐름과 갈등에 대해 심층적으로 학습할 수 있도록 한다."
3학년,1학기,1전심,HAAE9230,경영학부,데이터와금융,3,3,"금융이론의 기본 개념에 대해 수리 및 계량적 관점에서 설명하고 엑셀이나 R 등 통계프로그래밍 실습을 실시한다.
이를 통해 학생들이 금융이론에 대한 전반적 이해와 함께 통계자료를 분석할 수 있는 계량적 능력을 함양할 수 있는 기회를 제공한다."
3학년,1학기,1전선,HAAE9235,경영학부,비즈니스모델과전략,3,3,"1. 비즈니스 모델을 개발하기 위한 기초지식을 습득한 후 경기지역에 소재한 기업을 대상으로 하여 실제의 비즈니스모델을 개발한다.
2. 비즈니스 모델을 개발하기 위해서 팀 프로젝트(3~5인)를 진행하며 기업과 원활한 조율 및 기술의 이해를 돕기위해 교수가 멘토로 지정되어 프로젝트를 지원한다."
3학년,1학기,1전심,HAAE9239,경영학부,마케팅전략,3,3,"오늘날 급변하는 환경 속에서 기업이 생존하기 위해서는 시장 지향적인(Market-driven) 전략에서 한 걸음 더 나아가 시장을 주도해 나가는(Market-driving) 전략을 수립하고 실행해 나가야 한다.  시장을 주도하는 마케팅 전략의 수립과 실행을 위해서는 마케팅에 대한 전반적인 지식에서 한 걸음 더 나아간 심화학습이 필요하다. 이러한 심화학습에는 전략적 상황분석, 경쟁우위 전략, STP에 의한 고객획득 및 유지 전략, 마케팅 믹스 전략, 경쟁적 역동성을 고려한 전략 등이 포함된다. 
  수강생들은 본 수업을 통해 역동적 환경변화를 자사에게 유리하게 활용하면서 시장을 주도해 나가기 위해 필요한 마케팅 전략 전반에 대한 깊이 있는 이해와 활용역량을 학습할 것이다."
3학년,1학기,1전선,HAAE9246,경영학부,인적자원사례연구,3,3,"이 과목은 인적자원관리와 관련된 최신 사례 및 논문들을 통해서, 학생들에게 새로운 인적자원관리의 패러다임을 이해하게 하고, 최근의 인적자원관리와 관련된 주요 관리적?학문적 이슈들을 논의하고 인적자원관리 문제 해결 방안을 모색하는 것을 목적으로 한다."
3학년,1학기,1전선,HAAE9249,경영학부,조직행동사례연구,3,3,"본 과목은 조직행동 과목을 확장하여 심층 사례연구를 통해 조직 내 구성원들의 행동을 실질적으로 이해하고 조직 내의 대인간 및 상하간 인간관계에서 비롯되는 다양한 문제들을 해결하는 데 목적이 있다. 구체적으로 학생들은 조직의 다양성 논쟁, 다양한 성격 조합에 따른 성과 차이 이해, 대인 평가 과정에서의 지각 오류, 동기부여 이론의 현대 기업에의 적용 가능성, 집단 의사결정의 함정, 이사회 멤버로서 CEO 선정, 그 외 조직행동 관련한 다양한 케이스(A & B Players 리딩하는 방법)를 토론/발표하고, 이러한 집단 토론 과정을 통해 미래의 경영자로서 갖추어야 할 리더십을 배양하도록 한다."
3학년,1학기,1전선,HAAE9250,경영학부,조직진단과변화관리,3,3,"불확실성이 증가하고 변화의 규모/속도가 커지는 최근 기업 환경 속에서 조직의 현상을 정확히 진단하고 더 나은 기업으로 변화하는 전략을 수립하는 것은 매우 중요하다. 이에 본 과목은 거시적 측면에서 조직의 다양한 측면을 진단하는 모델 및 방법론을 학습하고, 이를 토대로 문제를 도출하고 효과적으로 변화를 추진해 가는 변화관리모델을 학습하는 데 목적이 있다. 구체적으로 학생들은 인사제도 진단, 조직 진단, 조직문화 진단, 경영자 리더십 진단, 혁신 관점의 가치사슬 진단 등을 학습할 예정이며, 진단 방법론으로서 조직 서베이(Organizational survey)와 인터뷰(Interview) 방법, 그리고 문제해결을 위한 사고법 등을 배움으로써 조직 전문가로서의 역량을 함양하도록 한다."
3학년,2학기,1전심,HAAE0001,경영학부,서비스운영론,3,3,"비즈니스 모델 수립을 위한 프로세스와 툴을 강의를 통하여 학습한 다. 서비스 비즈니스 분야의 다양한 사례를 바탕으로 비즈니스 케 이스를 발굴한다. 본 교과는 서비스 비즈니스모델을 실제로 만들 고, 이를 구체적으로 실행하기 위해 다양한 전략적 접근 방법에 대 하여 학습한다. 더 나아가, 다양한 비즈니스모델의 성공과 실패사례를 바탕으로 실행력을 담보하는 비즈니스 모델에 대한 이해를 확보한다."
3학년,2학기,1전심,HAAE6008,경영학부,회계감사,3,3,"회계감사의 본질과 그 흐름, 감사인 및 감사 환경, 감사 수행에 필요한 제반 지식과 감사 기법, 감사 위험의 분석, 분석적 검토절차, 내부통제제도의 운영과 검토 EDP감사 및 통계적 표본조사, 계정 잔액의 입증 절차, 감사의 종결과 보고서 작성 등에 대해 학습한다."
3학년,2학기,1전선,HAAE9005,경영학부,비즈니스인텔리전스,3,3,"본 교과목에서는 기업이 전략적 비즈니스 목표 달성을 위해, 데이터를 수집, 정리, 통합, 분석하고 활용하여 효율적인 의사결정을 할 수 있도록 지원하는 비즈니스 인텔리전스(BI) 시스템을 성공적으로 구현하기 위한 이론적, 실무적 방안을 학습한다. 이를 통해, 학생들이 산업 현장에서 빅데이터를 활용한 BI 시스템 구축 및 관리에 필요한 실무 역량을 배양하도록 한다."
3학년,2학기,1전선,HAAE9010,경영학부,중급회계2,3,3,"중급회계는 재무회계의 중추를 이루는 중요 과목이다. 본 과목을 통하여 재무회계의 핵심 이론에 대해 깊은 지식을 쌓을 수 있으며, 자산?부채의 평가와 기간 이익 사이의 관계를 보다 명확하게 이해 할 수 있다."
3학년,2학기,1전심,HAAE9011,경영학부,국제기업금융의이해,3,3,"본 과목은 글로벌 시장에서의 기업의 재무 의사 결정을 분석하는데 목적이 있다. 또한 본 과목에서는 자금조달 수단으로서의 국제금융 시장의 기능, 환율결정이론 등을 다룬다."
3학년,2학기,1전심,HAAE9013,경영학부,파생상품의이해,3,3,"현대적 금융기법의 근간을 이루는 파생상품의 기본 개념 및 기초적 활용에 대해 학습한다. 본 교과목의 수강생들은 적절한 수업의 이 해를 위한 선수과목으로 재무관리(위험과 수익의 상충관계의 이해) 와 경영 통계학(평균, 분산, 공분산, 상관관계의 이해)을 이미 수강하였다고 가정한다."
3학년,2학기,1전심,HAAE9221,경영학부,기업가정신,3,3,기업의 본질인 이윤추구와 사회적 책임의 수행을 위해 기업가가 마땅히 갖추어야 할 자세나 정신은 무엇인지 이해하고 새롭게 변화하는 환경에서 비즈니스를 준비하는데 필요한 역량이 무엇인지 학습하고 이를 함양한다.
3학년,2학기,1전선,HAAE9229,경영학부,사례중심의디지털금융론,3,3,"본?과목은?ICT의?기술력이?결합된?새로운?금융?서비스에?대한?이해를?제고시키는데?학습의?목적이?있다.?특히,?금융업에?도입되는?ICT의?기술력이?집중되는?지급결제,?자산운용?등에?대해?최근?소개되는?금융서비스를?사례중심으로?소개한다.?최근?국내에서?간편결제?시장에?대한?투자와?경쟁이?가속화되고?있어,?핀테크?사례분석의?주요한?대상이?된다.?또한,?플랫폼?기업의?등장으로?로보어드바이저?등?맞춤형?투자?서비스가?확산되고?있다.?이러한?사례분석을?통해?현재?유행하는?금융서비스?출시의?배경?및?향후?금융업?트렌드를?전망해본다.?또한,?국내외?사례분석을?통해?향후?창업을?계획하거나,?ICT,?핀테크,?금융업?진출을?희망하는?수강생들에게?혁신적?금융아이디어?도출을?위한?시사점을?제시한다.?특히,?최근?기술력을?갖춘?Tech?Start-up에?대한?비즈니스?모델?소개를?통해?수강생들의?아이디어?창출에도?일조한다."
3학년,2학기,1전선,HAAE9238,경영학부,콘텐츠마케팅,3,3,"● 최근 중요한 분야로 급부상한 콘텐츠 분야의 기획 및 마케팅의 전문성을 키우기 위한 경영학 마케팅 전공수업으로 마케팅관점에서 콘텐츠를 기획할 수 있는 역량을 키움
● 콘텐츠를 효과적인 마케팅을 하기 위해 TMC 마케팅커뮤니케이션 전략 프레임워크를 학습함
● 궁극적으로 다양한 콘텐츠분야의 마케팅 기획 및 실행할 수 있는 역량을 함양함"
3학년,2학기,1전선,HAAE9240,경영학부,서비스마케팅,3,3,"현대 사회는 서비스 사회 또는 서비스 경제라고 불리울 정도로  현대인들의 삶에서 서비스업이 차지하는 중요성은  매우 크다. 또한 서비스는 그 자체로서도 중요하지만 제조업의 경쟁우위를 창출하는 수단으로서의 중요성도 증가하고 있다. 이처럼 서비스에 대한 중요성이 증가하고 있음에도 불구하고 전통적으로 마케팅은 서비스보다는 제품을 중심으로 연구와 논의가 전개되어 왔다. 이로 인해 경제에서 차지하는 비중이 지속적으로 증가하고 있고, 지속적인 대외 개방으로 인해 치열한 글로벌 경쟁에 직면하고 있는 서비스 분야의 지속적인 성장과 경쟁우위 창출을 지지하고 이끌어갈 수 있는 서비스 마케팅에 대한 이해와 연구의 강화가 절실한 상황이다. 
  본 강의는 서비스 마케팅 고유의 특성에 대한 이해를 바탕으로 기업의 경쟁력을 강화할 수 있는 마케팅 전략을 수립 및 시행할 수 있는 역량의 함양을 목표로 한다. 또한 마케터 외에도 다양한 분야에서 사람, 시장, 환경 등에 대응해야 하는 사람들에게 유용한 강의가 될 것이다."
3학년,2학기,1전선,HAAE9241,경영학부,설득의마케팅,3,3,"마케팅의 본질은 고객을 위한 가치를 창출하고 커뮤니케이션하고 전달하는 것이다. 한편, 가치를 효과적으로 창출, 커뮤니케이션, 전달하기 위해서 마케터는 의사소통과 설득의 역량을 갖추어야 한다. 마케터가 담당 제품에 대한 풍부한 지식, 시장에 대한 통찰력, IMC에 대한 노하우 등을 잘 갖추고 있어도 이러한 전문적 지식들을 기반으로 도출된 솔루션과 가치를 고객에게 적절히 전달되기 위한 의사소통과 설득 역량을 갖추지 못 한다면 '가치를 창출하고 커뮤니케이션하고 전달한다'는 마케팅의 본원적 목표는 실현되기 어려울 것이다. 
 수강생들은 본 수업을 통해 마케터가 가치를 창출하고 전달하는 과정에서 조직 내/외부의 다양한 이해관계자와 의사소통하고, 그들을 설득하고, 그들의 의사결정과 행동에 영향을 미치기 위해 요구되는 역량을 다양한 관련 이론, 실험, 실제 사례 등을 통해 학습할 것이다."
3학년,2학기,1전선,HAAE9247,경영학부,경영컨설팅방법론,3,3,"경영컨설팅 방법론은 학생들에게 실질적이고 효과적인 경영컨설팅 기술과 전략을 제공하는 교과목으로, 조직의 경영 문제를 해결하고 비즈니스 성과를 향상시키기 위한 방법을 다룬다. 이 교과목은 이론과 실무 경험을 결합하여 학생들이 실제 비즈니스 환경에서 경영컨설팅을 성공적으로 수행할 수 있는 능력을 키우는 데 중점을 두고 있다."
3학년,2학기,1전선,HAAE9251,경영학부,HR애널리틱스,3,3,"데이터에 기반한 인사관리의 중요성이 증가함에 따라서 최근 많은 기업들이 인사 정보의 과학적 분석을 토대로 인사제도를 수립하고 있다. 이에, 본 과목은 기업의 인사 데이터를 분석함으로써 인사의 현상/문제를 진단하고 더욱 효과적/효율적 인사관리 방안을 찾아낼 수 있도록 인사 분야의 데이터 분석 및 해석 역량을 함양하는 데 목적이 있다. 구체적으로 학생들은 채용 효과성 분석, 교육훈련 만족도 분석, 조직구성원의 몰입 분석, 기업문화 분석 등을 실제 데이터 분석 실습을 통해 학습하고, 이를 통해 데이터 기반의 인사관리 역량을 함양하도록 한다."
3학년,2학기,1전선,HAAE9252,경영학부,AI 마케팅,3,3,"4차 산업혁명 시대의 마케팅은 인공지능(AI) 기술을 기반으로 빠르게 발전하고 있다. 이제 AI를 활용한 마케팅은 고객의 행동과 선호도를 분석하여 개인화된 마케팅을 제공함으로써 마케팅 효율성과 효과성을 높이는 데 기여하고 있다. 이 수업은 인공지능을 활용한 마케팅의 최신 동향과 기술을 소개한다. 또한 학생들은 인공지능을 활용히여 마케팅 전략을 수립하고, 마케팅 활동을 분석하며 개선하는 방법을 학습하며, 인공지능 마케팅의 윤리적 문제 등을 이해할 수 있다."
3학년,2학기,1전심,HAAE9253,경영학부,마케팅 연습(캡스톤디자인),3,3,"본 수업은 기존에 학습했던 마케팅 이론을 실무에 적용하는 과정을 거쳐 마케팅 전문가로 성장할 수 있는 기회를 제공한다. 이를 위해서 마케팅 전략 수립에 대한 체계를 학습하고 실습한다. 디지털 환경에서 마케팅 조사 및 분석, STP 과정 및 마케팅 믹스에 대한 프레임을 학습하고, 이러한 프레임에 맞도록 마케팅 전략을 구축하는 것을 실습을 통하여 학습한다."
3학년,2학기,1전선,HAAE9256,경영학부,기업과 산업의 이해,3,3,"빠르게 급변하는 기업과 산업의 변화를 이해하고 적응하여 문제해결에 대한 접근 방식을 학습한다. 산업의 기본적인 개념 독점, 과점, 독점적 경쟁 등의 주제를 통해 산업에 대한 전반적인 이해를 제고 한다. 기업이 속한 산업의 특성에 대한 사례 분석을 통해 기업의 현황, 성장 가능성을 학습한다."
4학년,1학기,1전선,HAAE9006,경영학부,금융기관경영론,3,3,"본 과목은 금융시장에서의 금융중개기관의 역할을 이해하는데 주요 목적이 있다. 본 과목은 은행의 경영활동과 금융기관의 위험관리, 금융 규제와 감독을 다룬다."
4학년,1학기,1전선,HAAE9008,경영학부,서비스비즈니스모델개발(캡스톤디자인),3,3,"본 강좌는 서비스 가치 창출을 위한 서비스 기업의 운영과 전략에 관한 문제에 대하여 이론 및 사례를 중심으로 연구한다. 따라서 본 과목에서는 서비스 기업의 운영관리를 위한 신상품 개발과 서비스 프로세스, 서비스 시스템과 고객 접점에서의 설계와 운영관리, 서 비스 공급 및 수요관리, 서비스 및 서비스 재고 관리, 고객관계 및 기대 관리, 서비스 품질, 서비스 유통 및 시설 입지 전략 그리고 서 비스 평가 모델 등 대한 이론을 학습하고 각 강의 주제에 따른 사례분석을 병행한다."
4학년,1학기,1전선,HAAE9012,경영학부,IT경영과혁신,3,3,"최근 일반 기업, 금융기관, 공공기관 등 조직 경영차원에서 크게 이슈가 되고 있는 개인정보보호 관련 법/제도를 이해하고, 조직차원에서 고객정보 등 개인정보를 보호하기 위한 관리적 방안에 대해 학습한다. 그리고 IT환경 변화에 따라 조직에서 수행하는 정보전략계획(ISP) 수립 방법론에 대해 학습한다."
4학년,1학기,1전심,HAAE9213,경영학부,금융산업의이해,3,3,"금융산업의 이해는 금융기관의 직무를 중심으로 현황, 기능 특징 등을 심층적으로 공부한다. 즉, 증권, 보험, 신용카드업에 대한 최 근 현황 및 이슈, 실무지식 등을 중점적으로 학습한다. 금융업에 진출하고자 하는 학생들에게 취업 시에 필요한 최근 이슈, 실무 지식과 금융 시사 상식에 대한 이해 제고를 목적으로 한다."
4학년,1학기,1전심,HAAE9225,경영학부,기업윤리,3,3,"본 과목은 기업윤리의 이론적 토대에 대해 학습하고 윤리경영 및 기업의 사회적 책임을 실천 과정을 학습함으로써 사회 속에서 기업의 활동을 성찰하고 자본주의 속에서 기업의 본질적 의미를 찾는 데 목적이 있음. 기업의 모습을 경제적 행위자, 윤리적 행위자, 사회적 책임의 수행자, 그리고 조직정의의 실현자 등 다양한 관점에서 접근하여 살펴보고, 기업과 구성원의 권리와 역할을 비롯하여 마케팅/소비자, 재무/회계, 제조/생산, 환경 등 다양한 기업의 기능적 활동에 있어서 기업의 윤리적 모습을 탐색하고자 함."
4학년,1학기,1전심,HAAE9236,경영학부,고용관계론,3,3,"본 과정은 인사, 노사 전문가에게 필수적인 지식을 습득하는데 목적을 두고 있다. 본 과정에서는 집단적 수준과 개별적 수준의 고용 관계와 관련된 주제를 학습한다. 한국 노사관계의 역사, 노동조합, 단계 교섭과 협약, 노동 쟁의, 근로자 복지, 경영참가, 관련된 법적인 이슈와 사례들을 학습한다."
4학년,1학기,1전선,HAAE9242,경영학부,엔터테인먼트경영,3,3,"엔터테인먼트 경영론 교과목은 엔터테인먼트 산업의 경영과 관련된 이론과 실무에 대한 이해를 제공하는 과목입니다. 이 교과목은 다양한 엔터테인먼트 분야에 대한 비즈니스 전략, 마케팅, 재무, 운영 등을 다룹니다. 또한 엔터테인먼트 산업의 독특한 특성과 동향, 산업 내 구조와 경쟁환경에 대한 지식을 제공하며, 학생들이 실제 업무 상황에서 적용할 수 있는 기술과 전략을 배울 수 있습니다. 교과목의 내용은 엔터테인먼트 산업의 다양한 세부 분야에 초점을 맞춥니다. 예를 들면, 영화 산업, 음악 산업, 연극, 스포츠 및 게임 산업 등이 해당됩니다. 또한 디지털 플랫폼과 기술의 발전이 엔터테인먼트 산업에 미치는 영향에 대한 이해도 포함될 수 있습니다. 이 교과목은 학생들에게 현장 경험, 사례 연구, 프로젝트, 그리고 산업 전문가들과의 강연 등을 통해 실무 지식을 습득할 수 있는 기회를 제공할 것입니다. 또한 엔터테인먼트 산업의 독특한 도덕적, 법적, 및 사회적 책임과 관련된 이슈들에 대한 토론과 분석도 포함될 것입니다."
4학년,1학기,1전심,HAAE9254,경영학부,마케팅프로젝트,3,3,"● 경영학 마케팅 심화수업으로서 기업이 제공하는 기업 현장의 과제를 구체적으로 수행하는 PBL(Problem Based Learning) 수업임
● 마케팅분야를 지망하는 4학년들에게 취업준비에 실제적인 도움을 제공할 것임
● 다양한 관점의 기업의 실제 과제를 수행함으로써 실무 경험을 통해 산업에서 요구하는 in-hands 경험을 높여서 산업이 요구하는 경영학 마케팅전공 심화학생을 배양하기 위함"
4학년,2학기,1전선,HAAE9007,경영학부,브랜드경영,3,3,"브랜드는 회사의 가장 중요한 자산 중 하나이며 강력한 브랜드는 소비자 구매 결정에 큰 영향을 주기도 한다. 브랜드 관리 과목에서는 소비자의 관점에서 브랜드 관리를 이해하기 위한 올바른 이론과 성공 사례를 집중적으로 학습한다. 구체적으로 본 과목에서는 브랜딩, 브랜드 포지셔닝 및 가치, 고객 기반 브랜드 자산, 브랜드 관리 프로그램의 계획 및 구현, 브랜드 성과 측정 및 브랜드 자산 증가에 대한 이론을 기본적으로 학습하며, 또한 브랜드 이론, 사례 및 실무 계획 브랜드 전략 프레임 워크에 대한 실습을 진행하여 학생들이 실제 브랜드 관리자로서 계획을 세울 수 있는 능력을 갖추도록 한다."
4학년,2학기,1전선,HAAE9231,경영학부,기술경영론,3,3,기업이 당면한 사업적 이슈를 해결하기 위하여 활용 가능한 다양한 산업 기술을 이해하고 기업이 전 세계시장 내에서 경쟁적 우위를 점하기 위하여 새로운 산업기술을 개발 및 획득하고 이를 운영 발전 시키는 전 과정에 대하여 학습한다. 또한 다양한 산업군에서 활용 가능한 미래 기술의 적용 및 운영 사례를 발굴하고 토론한다.
4학년,2학기,1전선,HAAE9243,경영학부,경영전략사례연구,3,3,"경영전략사례연구는 기업이나 조직이 경영 전략을 수립하고 실행하는 과정에서 발생하는 다양한 상황과 문제에 대한 연구를 다루는 교과목입니다. 이 교과목은 주로 실제 기업의 사례를 통해 이론을 학습하고, 학습한 이론을 실제 사례에 적용하는 방식으로 진행됩니다. 핵심 내용으로는 기업의 환경 분석, 경쟁 전략, 비즈니스 모델, 조직 전략, 리더십 등이 포함될 수 있습니다. 학생들은 다양한 기업의 사례를 분석하고, 그 중에서 발생한 문제에 대한 해결책을 모색하며 전략적 사고력과 문제 해결 능력을 향상시키게 됩니다. 이 교과목은 학생들에게 이론적 지식 뿐만 아니라 실무에서의 적용 능력을 키우는 데 중점을 두고 있어, 실제 비즈니스 환경에서 경영전략을 성공적으로 수립하고 실행하는 데 필요한 기술과 지식을 제공합니다."
4학년,2학기,1전심,HAAE9244,경영학부,AI비즈니스활용,3,3,"최근 비즈니스에서의 인공지능(AI) 활용 증가에 따라, 다양한 비즈니스에서 AI를 혁신적으로 활용할 수 있는 역량이 더욱 중요해 지고 있다. 본 교과목에서는 비즈니스 경쟁력 향상을 위한 AI 활용 분야 및 사례, AI의 비즈니스 적용 프레임워크 및 프로세스 등을 학습하고, 몇가지 실습을 통해 실질적인 활용 방안을 알 수 있도록 한다."
전체학년,1학기,1전선,HAAE9211,경영학부,현장실습학기제(경영),15,15,학교에서 배운 이론과 산업체에서 필요한 실무교육을 강화할 수 있도록 현장실습을 통하여 실습함으로써 현장실습의 직무 만족이 취업에 도움이 될 수 있도록 한다.
전체학년,1학기,1전선,HAAE9257,경영학부,일경험(경영),12,12,취업전 다양한 직무에서 일경험을 쌓을 수 있도록 지원해 구직의욕 고취와 직무능력 향상을 통한 취업 가능성을 제고하는 프로그램
전체학년,하계 특별학기(A),1전선,HATB0027,경영학부,기업경영과스마트사회(특별),3,3,
3학년,2학기,1전선,HARF0003,경영경제대학,취업과창업(경영경제),1,1,"전공과정 3학년 학생을 대상으로 취, 창업 트렌드와 최신 정보 제공, 취업 선배 현직자 및 전문가 특강, 직업 선호도 검사, 자기소개서 작성 지도 및 면접스킬 특강 등을 통해 졸업 후 진로 설정에 도움을 주며, 취·창업 전략을 수립, 설계하고 준비할 수 있도록 한다."
1학년,1학기,1전선,HAAM9213,글로벌경영학과,신흥시장문화비교론,3,3,"본 교과목은 신흥시장 진출을 위한 세계의 다양한 문화이해와 습득을 일차적인 학습 목표로 삼고 글로벌 커뮤니케이션을 지향하고자 한다. 신흥시장으로 떠오르는 동유럽 및 동남아시아, 북아프리카, 중남미 지역의 문화를 해체하여 표면적인 모습 이면의 사회적 역사적인 상관관계를 알아본다. 또한, 다양성과 상호적 영향을 중시하는 프랑스 문화에서 글로벌시장 공략을 배움과 동시에 신흥시장의 언어와 문화를 비교, 분석해보는 과정을 통하여 지역 문화에 대한 깊이 있는 이해를 추구한다."
1학년,1학기,1전선,HAAM9229,글로벌경영학과,국제무역의역사적이해,3,3,본 교과목은 인류가 처음 교역을 시작한 때부터 최근까지 국제무역의 내용을 살펴보고 앞으로 국제무역의 변화방향을 학습한다.
1학년,1학기,1전선,HAFB0004,글로벌경영학과,국제통상과기업경영,3,3,"기초적인 무역이론과 기업의 수출입에 영향을 미치는 국제경제 환경을 개략적으로 파악하고, 기업경영에 필요한 무역학 전반에 걸친 기본적이고 개론적인 내용을 종합적, 체계적으로 학습한다."
1학년,2학기,1전선,HAAM0008,글로벌경영학과,비즈니스회계기초,3,3,"본 과목은 기업회계의 기초개념, 회계처리 원리, 재무제표 등 일반적인 회계원리의 이해를 바탕으로 수출입 관련 계정과목, 수출입 원가산정 및 회계처리 등 무역 관련 회계의 기초를 학습하도록 한다. 그 주요 내용은 수출입 기업회계 개요, 수출입 기업회계의 순환과정, 수출입기업의 계정과목 및 회계처리 과정, 재무제표 등으로 구성되어 있다."
1학년,2학기,1전선,HAAM9216,글로벌경영학과,ESG와지속가능경영,3,3,"본 과목은 기업 경영에 영향을 미치는 환경(Environment), 사회(Social) 및 지배구조(Governance)요소를 종합적으로 고려하며 기업의 지속가능성을 추구하는 이론과 사례를 학습한다."
1학년,2학기,1전선,HAFU0027,글로벌경영학과,신흥시장론,3,3,"개발도상국 중에 급속한 경제발전을 보이는 국가들이 증가했으며, 세계의 많은 국가들이 경쟁이 덜 치열하고 향후 성장 잠재력이 높은 이러한 신흥시장으로 눈을 돌리고 있다. 수출증진에 진력해야하는 우리나라의 미래는 중국, 러시아, 말레이-인도네시아, 베트남, 중남미, 아프리카 등 신흥시장에서 판가름날 것이다. 이 교과목에서는 신흥시장의 특성, 우리나라와의 경제교류현황 등 시장적 관점에서 신흥시장을 상세히 분석해 볼 것이다."
2학년,1학기,1전선,HAAM0013,글로벌경영학과,무역실무,3,3,"본 과목은 신흥시장과 글로벌 무역환경의 변화, 글로벌 기업 니즈를 충족하는 무역인력 양성, 신흥시장 무역전문 인력이 갖추어야 할 무역지식 함양을 위한 필요?충분한 기본 지식을 강의한다. 특히 신흥시장 전문가 양성을 위한 맞춤형 인재 육성에 초점을 맞추어 운영하며 신흥시장과 무역거래에서 발생 가능한 리스크 관리를 위한 기본적 관리 능력을 습득하도록 한다."
2학년,1학기,1전선,HAAM2031,글로벌경영학과,비즈니스영어,3,3,"본 과목은 신흥시장 및 글로벌 경쟁 환경에서 꼭 필요한 비즈니스 영어에 대한 학습을 목적으로 한다. 비즈니스 영어의 기본이 되는 다양한 개념을 소개하고, 현재 Business Week 및 영어 신문에 소개된 기사를 발표하여 학생들로 하여금 최근의 글로벌 시장 및 기업 사례를 영어로 토론하고 이해하는 것을 목적으로 한다. 또한 다양한 비즈니스 환경에서 필요로 한 영어 문서 작성을 목표로 한다."
2학년,1학기,1전선,HAAM5005,글로벌경영학과,글로벌마케팅원론,3,3,"글로벌경영의 중심과제로서 마케팅의 개념과 필요성에 대해 살펴보는 과목이다. 글로벌 시장을 대상으로 
하여 나날이 중요해지고 있는 글로벌 마케팅의 개념을 학습하고 기업의 효과적인 글로벌 마케팅 전략을 유도하기 위한 마케팅의 원리, 과제, 영향요인, 의사결정내용 등에 대해 살펴본다."
2학년,1학기,1전선,HAAM9212,글로벌경영학과,글로벌비즈니스커뮤니케이션,3,3,본 과목은 학생들이 비즈니스 커뮤니케이션의 기본적인 방법과 기술을 함양시키는데 목적이 있다. 학생들은 본 과목을 통해 다양한 비즈니스 환경에서 중국어와 영어로 의사소통하는 방법을 배우게 될 것이다.
2학년,1학기,1전선,HAAM9219,글로벌경영학과,4차산업혁명과벤처경영론,3,3,"벤처기업이란 높은 수준의 기술, 혁신적인 아이디어를 가진 사업가들이 자신의 비즈니스 아이디어를 실현하기 위해 작은 자본으로 설립하는 모험적인 기업을 의미한다. 이러한 벤처 기업은 특히 4차산업혁명 분야에서 두각을 나타내고 있다. 본 강좌는 벤처기업이 생존하고 진화하기 위한 지식과 전략을 4차산업혁명 분야를 기반으로 살펴봄으로써, 수강생들이 벤처사업가로서의 역량을 기를 수 있도록 돕고자 한다."
2학년,1학기,1전선,HAAM9220,글로벌경영학과,기업재무이론과실제,3,3,"이 과목은 재무학을 처음으로 접하는 학부생들에게 기업의 재무적 의사결정과 관련된 핵심 원리들과 배경지식을 제공하는 것을 목표로 한다. 기업의 재무제표 분석, 돈의 시간가치, 할인현금흐름 분석, 위험과 수익률의 관계, 자본비용, 자본예산, 자본구조, 배당정책, 옵션 등에 관한 주제를 다룬다. 수식의 단순암기를 지양하고, 직관적인 이해에 초점을 맞추어 강의를 진행한다."
2학년,1학기,1전선,HAAM9221,글로벌경영학과,비즈니스회계실무,3,3,"본 과목은 의사결정자의 특정한 요구에 적합한 내부보고서에 초점을 두고 있으므로 특정회계기준에 따를 필요가 없고 기업마다 경영관리의 필요성에 따라 임의적으로 작성된다. 따라서 무역회계실무는 관리기능적인 관점에서 보통 계획을 위한 무역회계와 통제를 위한 무역회계로 나누어서 수출입제품의 원가산정 및 관리, 의사결정분석, 계획수립과 예산편성, 경영통제를 위한 성과측정과 업적평가 등에 관련된 이론과 방법을 다룬다."
2학년,2학기,1전선,HAAM0009,글로벌경영학과,ICT융합과소비자행동론,3,3,성공적인 마케팅 전략의 수립 및 결정을 위해서 소비자를 이해하고 예측하는 것은 매우 중요하다고 할 수 있다. 본 과정에서는 소비자와 관련된 다양한 이론과 원리들을 이해하고 특히 디지털시대의 소비자의 행동변화에 맞추어 이를 접근하고자 한다. 특히 ICT혁명은 사회에 많은 영향을 미치고 있으며 인간의 삶과 행동에 큰 변화를 가져오고 있다. 본 과목을 통하여 마케터로서 마케팅활동을 수행하는데 소비자에 대한 이해가 요구되는 때에 필요한 다양한 지식과 공감능력을 배양하고자 한다.
2학년,2학기,1전선,HAAM0014,글로벌경영학과,혁신경영과글로벌기업가정신,3,3,"본 과목에서는 혁신의 의의, 중요성, 그리고 역사적 전개 과정 기업가 정신 등에 관하여 학습한다. 또한, 현대 사회의 다양한 조직과 기업에서 창출되고 있는 고객가치, 제품, 서비스, 프로세스, 조직, 그리고 사업모델 관련 혁신의 주제, 등장 배경과 추진 과정, 경쟁우위 요소로의 변환 과정, 그리고 현실적인 시사점 등에 관하여 살펴본다. 본 교과목에서는 논리적 사고 기법과 사례 분석 방법을 주로 활용한다. 특히 글로벌 강소기업에 대한 혁신제안 제시가 팀 프로젝트의 목적이다."
2학년,2학기,1전선,HAAM9214,글로벌경영학과,신흥시장지역연구,3,3,"본 과목은 신흥시장과 이의 지역 특성에 대해 학습하는 것을 목적으로 한다. 신흥시장을 포함한 해외시장에서 사업을 전개하기 위해서는 환경과 사업 상황에 대한 분석을 해야 한다. 이를 위해 신흥시장에 대한 경제적, 사회문화적, 정치적/법적, 인구통계적, 기술적, 자연적 그리고 지역적 환경 분석에 대한 다양한 접근법이 논의되고 실습할 필요가 있다. 신흥시장에 진출하는 전략과 사업모델개발도 다루어질 것이다. 지역적 협력, BOP(Bottom of Pyramid), 글로벌 협력 그리고 명분 마케팅(cause related marketing) 등과 같은 관련 주제에 대해서도 학습할 것이다."
2학년,2학기,1전선,HAAM9218,글로벌경영학과,FTA와융합적통상전략,3,3,"본 과목은 FTA기초이론, FTA통상협상 및 FTA협정문의 주요내용과 기업의 활용방안에 대해 강의한다. 또한 점차 증가하는 양자간 무역의 중심인 FTA에서 활용 할 방안 및 규범에 대해 강의하고 융합적 무역전략에대해 토론한다."
2학년,2학기,1전선,HAAM9222,글로벌경영학과,e비즈니스,3,3,e비즈니스는 인터넷 정보통신기술을 활용하여 상거래를 포함한 기업 내?외부프로세스를 구현하는 행위를 일컫는다. 최근 인터넷과 정보통신기술의 성장은 비즈니스의 여러 측면에 커다란 영향을 주고 있다. 인터넷의 기존 시장의 구조만이 아니라 개별기업의 운영과 상품 및 서비스의 거래방식도 변화시켰다. 인터넷은 또한 시간과 공간의 제약을 넘어 신흥국을 포함한 글로벌시장에 접근 할 수 있는 기회를 제공하고 있다. 이로 인해 글로벌시장 특히 빠르게 성장하는 신흥시장에 진출하려는 강소기업과 학생들에게 e비즈니스와 이를 이용한 경영사례에대한 이해는 중요한 지식자산이라 할 수 있다. 본 교과목의 목적은 학생들에게 인터넷기반 디지털마켓과 기업의 전략적 활용을 분석하고 이해하는데 필요한 체계적인 접근방법을 제공하는 것이다. 본 교과목은 e비즈니스에 대한 기술적 비즈니스적 이해를 바탕으로 다양한 e비즈니스 분야에 대한 이슈와 사례를 다룬다. 수업과 토론이 외에도 학생들의 수업에서 학습한 e비즈니스 지식을 바탕으로 e비즈니스 창업아이디어를 개발하는 그룹프로젝트를 수행한다.
2학년,2학기,1전선,HAAM9223,글로벌경영학과,데이터기반글로벌금융투자,3,3,"본 과목은 학부생들에게 글로벌금융시장에서 투자와 관련된 핵심 원리들과 배경지식, 실습 기회를 제공하는 것을 목표로 한다. 수익률과 위험의 상충상황에서 최적의 투자 안을 선택하는 포트폴리오 이론을 시작으로, 이론적인 측면에서 자산 가격 결정원리를 학습하여 시장효율성, 이상 현상, 투자자행동에 관한 이해의 폭을 넓히며, 대표적 금융상품인 주식, 채권, 선물, 옵션, 스왑 등의 가치평가 및 위험관리라는 주제를 다룬다. HTS프로그램을 통해 모의투자를 진행하고, Data Guide 프로그램을 통해 원하는 재무?금융데이터를 추출하며, Excel을 통해 데이터를 원하는 형태로 가공하여 분석하는 방법, 퀀트전략 설계 및 성과분석 등에 대해 배우고 실습한다."
2학년,2학기,1전선,HAAM9231,글로벌경영학과,조직이론_이론과실제,3,3,"조직은 본연의 목적을 달성하기 위해 체계화된 구조에 따라 환경에 대응하고 내부 역량을 구축하는 사회적 집단이다. 특히, 기업은 시장에서 가치를 창출하기 위해 자신의 비즈니스모델을 구축하고 제품 및 서비스를 효율적, 효과적으로 제공하기 위한 사회적 집단으로 볼 수 있다. 따라서 조직에 대한 이해는 자신의 비즈니스 아이디어를 시장에 실현시키고자하는 학생들에게 필수적이라고 할 수 있다. 본 교과는 조직의 본질적 특성, 조직의 설계, 의사결정, 조직 변화 등, 자신의 비즈니스 모델을 디자인하고 시장에 구현할 수 있는 역량을 학생들이 습득할 수 있도록 도와줄 것이다."
2학년,2학기,1전선,HAFU0028,글로벌경영학과,경제공간의이해,3,3,"경제지리학은 인간의 생계활동에 관한 지리학의 한 분야로서 그러한 활동의 입지패턴을 파악하고 그 형성요인과 과정을 밝히고자 한다. 본 강좌는 경제지리학의 학문적 특성, 연구방법, 연구동향을 알아봄으로써 그 학문적 위상을 살펴본다. 현대 경제 공간의 역동성을 파악하기 위해 불균등 발전, 상품 사슬, 기술과 집적, 환경과 경제에 대해 논한다. 그리고 경제 공간의 주체로서 국가, 다국적 기업, 노동력, 소비의 역할을 각각 살펴본다. 끝으로 경제생활의 사회화와 관련하여 국가와 기업은 경제 문화가 있는가, 젠더는 경제생활을 어떻게 구성하는가, 문화가 경제에 미친 영향은 무엇인가 등의 질문에 답한다. 이로써 본 강좌는 현재 경제에 관련 현안들에 대한 지리학적 이해를 돕고 해결방안을 모색하고자 한다."
3학년,1학기,1전심,HAAM0003,글로벌경영학과,국제마케팅,3,3,"기업의 국제화에 따른 마케팅상의 문제를 인식하고, 국제시장에 관한 정보의 수집 및 분석, 국제시장의 환경변화에 대응하는 마케팅 프로그램의 작성 등의 문제를 다룬다."
3학년,1학기,1전선,HAAM0010,글로벌경영학과,글로벌서비스경영론,3,3,본 과목은 산업에서 비중이 점차 증가하고 있는 서비스 산업의 경영과 관련된 이론과 사례를 학습한다. 특히 지역적으로 신흥시장에 초점을 맞춰서 경영환경과 패러다임의 변화를 이해하게 한다.
3학년,1학기,1전선,HAAM3001,글로벌경영학과,국제무역론,3,3,국제무역의 원리와 이와 관련된 제반 경제정책의 개념 및 이론을 고전학파 이론에서 시작하여 현대무역 이론에 이르기까지 전반적으로 깊이 있게 다룬다.
3학년,1학기,1전선,HAAM6005,글로벌경영학과,전략경영론(캡스톤디자인),3,3,"본 과목에서는 산업 분석, 자원 분석, 그리고 경쟁 분석 등을 근간으로 하는 전략경영론의 다양한 주제들을 사례 분석 기법을 중심으로 살펴봄으로써 강소기업 경영자가 전략적 의사결정 사안을 어떻게 해결해 나갈 수 있는지를 학습토록 한다."
3학년,1학기,1전선,HAAM7002,글로벌경영학과,프로젝트매니지먼트(캡스톤디자인),3,3,"본 과목은 팀 프로젝트로서 제한적인 input (팀원, 시간, 지식, 장비 등)을 갖고 효과적인 팀 운영 process (시간, 리더십, 역할 배분 등) 관리를 통하여 성공적 output (사업 계획서 등)을 창출하는 것을 목표로 한다. 특히 본 과목은 캡스톤디자인의 단계와 내용을 활용하여 국내의 대기업, 중소기업, Start-up 기업과의 산학협동 과정 혹은 가상 클라이언트와의 프로젝트 추진 과정으로 진행된다. 상기 기업의 직원과 담당교수의 공동 지도와 협의가 진행되며, 학생들은 팀을 이루어 팀별로 그 기업의 실제 과제를 해결해야 한다. 지속적인 협의 과정을 통해 실질적인 문제해결과 성과물을 창출하게 되며, 기업체 방문 및 현장 조사가 이루어진다. 과제 해결을 위하여 학생들은 그동안 학교에서 과목별로 배운 부분적 지식을 통합해야 함으로 학생들의 자발적, 적극적 학업 자세가 요구되는 수업이다."
3학년,1학기,1전선,HAAM9003,글로벌경영학과,글로벌물류,3,3,"본 교과목에서는 무역 자유화의 확대, 시장 글로벌화의 진전과 함께 전략적 중요성이 급증하고 있는 글로벌 물류/유통의 주요 이론, 최근 양상, 정책 현안, 그리고 경영 이슈에 관하여 살펴보고, 주요 글로벌 기업 사례를 통해 글로벌 성과 개선을 위한 시사점이 무엇인지 학습한다."
3학년,1학기,1전심,HAAM9006,글로벌경영학과,글로벌비즈니스실습,3,3,"본 교과목은 글로벌 운동화 회사를 운영하는 비즈니스 시뮬레이션 게임을 통해 경영 전반에 걸친 데이터의 이해와 이에 근거한 의사결정 활동의 진행을 목표로 한다. 또한 다양한 글로벌비즈니스 사례를 학습하며, 글로벌경영에 대한 이해를 높이고자 한다."
3학년,2학기,1전선,HAAM0001,글로벌경영학과,국제경영학(캡스톤디자인),3,3,"기업 활동의 국제화에 따라 중요성이 커지고 있는 기업의 무역, 해외직접투자, 기술이전, 해외건설, 해외자원개발, 글로벌 M&A, 전략적 제휴, 다국적기업 경영관리 등의 문제들을 개괄적으로 다룬다."
3학년,2학기,1전선,HAAM0004,글로벌경영학과,국제금융론,3,3,"본 교과목에서는 개방국가의 거시 경제현상에 대한 체계적인 분석능력을 습득할 수 있도록 개방된 국민경제에서 소득, 국제수지, 환율, 이자율 등 주요 거시경제변수의 결정메커니즘과 변수간의 상호관련성에 관한 이론 그리고 거시경제정책의 효과를 학습한다."
3학년,2학기,1전심,HAAM0007,글로벌경영학과,ICT와국제무역실습,3,3,본 과목은 무역실무를 공부한 학생들의 글로벌비즈니스와 신흥시장 현장에서 적용 가능한 교육을 중심으로하고 이론과 실제 현장에서의 엇박자를 해소하는데 주안점을 두고 강의한다. 또한 강소기업이 신흥시장개척에 필요한 경험사례와 신흥시장 특성에 맞는 현실사례 중심의 이론과 실습이 조화를 이루어 학생들이 졸업 후 현장에서 활용가능한 능력을 습득하게 한다.
3학년,2학기,1전심,HAAM0019,글로벌경영학과,국제재무관리,3,3,"국제화 개방화 추세에 맞추어 날로 중요성이 증대하는 국제금융시장의 기본원리와 국제무대를 배경으로 활동하는 기업의 재무위험 속성과 관리 전략을 이해할 수 있도록 외환시장의 구조와 환율, 금리/물가/환율의 관계, 국제재무위험의 인식과 측정, 환위험 관리전략 등을 학습한다.국제재무 현장에서 다양한 이슈와 사례들을 조사하고 시사점을 정리해보는 실습기회를 추가하고자 한다."
3학년,2학기,1전선,HAAM0021,글로벌경영학과,국제마케팅커뮤니케이션론,3,3,"시장에서의 경쟁이 치열해질수록 마케팅 커뮤니케이션은 더욱 더 중요해지고 있다. 본 교과목에서는 광고, 홍보, 판촉, 인적판매 등을 포함한 통합적 마케팅 커뮤니케이션(Integrated Marketing Communication; IMC)의 다양한 커뮤니케이션 수단들을 체계적으로 살펴본다. 또한 촉진의 이론적 측면과 함께 학습한 이론들의 현장 적용 능력을 함께 습득하도록 한다."
3학년,2학기,1전선,HAAM6001,글로벌경영학과,글로벌경영사례연구,3,3,"국제통상과 관련되는 제반 과목에서 학습한 이론이 실제 기업이나 조직체에 어떻게 적용되고 있는가를 학습하는 과목이다. 기업체, 금융기관 및 정부기관에서 국제무역, 금융, 경영활동이 실제로 어떻게 운영되고 있는가를 경험하며 이를 토대로 실무사례를 분석, 정리하여 발표, 토론하는 방식으로 진행한다."
3학년,2학기,1전심,HAAM9004,글로벌경영학과,데이터기반글로벌시장조사론(캡스톤디자인),3,3,"글로벌 시장, 특히 신흥시장에 성공적으로 시장에 진출하고 성공적인 글로벌 마케팅을 전개하기 위해서는 무엇보다도 현지 시장의 소비자에 대한 올바른 이해가 우선이다. 본 과목에서는 소비자 이해를 위한 방법론인 마케팅 조사의 기본 개념 및 활용 방안, SPSS의 활용 능력을 습득하도록 한다."
3학년,2학기,1전선,HAAM9230,글로벌경영학과,인공지능과글로벌비즈니스애널리틱스,3,3,본 교과목에서는 인공지능과 데이터기반 비즈니스 분석에 대한 개념과 구현 기술을 이해하고 이를 바탕으로 기업의 전략적 의사결정 역량을 강화시키기 위한 활용방안을 학습한다. 본 교과목의 목표는 학생들이 인공지능과 비즈니스 애널리틱스가 가지는 경제·사회적 의미와 미래 산업에 미치는 영향을 이해하고 실습을 통해 관련 기술을 학습하여 기업의 사업경쟁력 향상을 위한 인공지능과 비즈니스 애널리틱스 활용 역량을 배양하는 것이다.
4학년,1학기,1전선,HAAM0005,글로벌경영학과,핀테크금융시장과금융상품,3,3,"전통적인 금융시장, 금융제도, 금융기관 중심의 강의에서 최근 부각되고있는 핀테크 분야인 지급결제, 클라우드펀딩, 블록체인, 비트코인, 인터넷은행 등을 추가하여 4차 산업혁명시대에 필요한 지식 습득 도모한다."
4학년,1학기,1전심,HAAM0012,글로벌경영학과,글로벌유통관리,3,3,본 과목에서는 글로벌유통관리의 기본 개념과 활용 방안에 대해 학습한다. 특히 유통기관 중 소매점포의 경영관리적 측면을 살펴본다. 글로벌시장을 중심으로 치열하게 전개되고 있는 소매 기업들 간의 경쟁을 살펴보고 성공적 소매관리를 위한 방안을 학습하도록 한다.
4학년,1학기,1전선,HAAM5009,글로벌경영학과,디지털마케팅론,3,3,디지털라이제이션과 SNS 등의 보편화 등으로 온라인상에서의 마케팅 활동이 매우 중요해지고 있다. 이에 본 교과목에서는 디지털마케팅이 전통적 마케팅과 어떻게 다른가에 대해 살펴본다. 또한 디지털마케팅 전략과 조사 그리고 인터넷환경 하의 소비자에 대해서도 학습한다. 디지털마케팅의 실행방안과 다양한 형태의 디지털마케팅 유형에 대해서도 공부한다.
4학년,1학기,1전심,HAAM6002,글로벌경영학과,다국적기업경영론,3,3,경쟁우위 창출을 위한 다국적 기업의 경영활동에 초점을 맞추고 있는 본 과목에서는 국제기업환경에 대한 기본적인 배경지식의 함양과 함께 새로이 부각되고 있는 복잡다단한 초경쟁 환경 속에서 효과적인 글로벌 전략을 수립하고 실행해 나가는데 활용할 수 있는 다양한 대안들을 분석함으로써 한국 기업의 국제경쟁전략에 이를 응용해 보고자 한다.
4학년,2학기,1전선,HAAM9005,글로벌경영학과,글로벌브랜드경영,3,3,기업의 장기적 경쟁 우위의 원천으로 브랜드가 대두되고 있다. 본 교과목에서는 이러한 브랜드의 중요성 및 브랜드 자산의 구축 및 활용과 관련하여 다양한 이론 및 실무적 사례를 다루고자 한다. 이를 통해 우리 기업들이 글로벌 경쟁에서 앞서 나가기 위한 브랜드 경영은 어떠해야 하는가를 학습하도록 한다.
4학년,2학기,1전선,HAAM9215,글로벌경영학과,신흥시장진출세미나,3,3,본 과목은 신흥시장에 진출하여 높은 성과를 창출하고 있는 다국적기업들과 글로벌 강소기업들의 사례를 분석해 봄으로써 신흥시장 진출을 효과적으로 진행하기 위하여 어떠한 이슈들에 주의해야 하는지를 학습토록 한다. 본 교과목에서는 실무 전문가들을 초청하여 신흥시장 진출 과정에서 겪었던 다양한 사례들에 관하여 살펴볼 것이다.
4학년,2학기,1전심,HAAM9217,글로벌경영학과,융복합기반K-business(캡스톤디자인),3,3,"본 교과목에서는 융?복합적 수단을 활용하여 한국적 특성을 글로벌비즈니스의 기회로 창출한 기업들에 관하여 살펴본다. 또한, 본 교과목에서는 미주, 유럽, 일본, 신흥시장 등 글로벌시장에서 두각을 나타내고 있는 한국의 기업이나 산업의 시장진출 및 성과창출 과정에 관하여 학습함으로써 글로벌 융복합 비즈니스전문가로 성장하기 위하여 어떠한 노력을 기울여야 하는지 학습도록 한다."
전체학년,1학기,1전선,HAAM9211,글로벌경영학과,현장실습학기제(글로벌경영),15,15,학교에서 배운 이론과 산업체에서 필요한 실무교육을 강화할 수 있도록 현장실습을 통하여 실습함으로써 현장실습의 직무 만족이 취업에 도움이 될 수 있도록 한다.
3학년,2학기,1전선,HARF0003,경영경제대학,취업과창업(경영경제),1,1,"전공과정 3학년 학생을 대상으로 취, 창업 트렌드와 최신 정보 제공, 취업 선배 현직자 및 전문가 특강, 직업 선호도 검사, 자기소개서 작성 지도 및 면접스킬 특강 등을 통해 졸업 후 진로 설정에 도움을 주며, 취·창업 전략을 수립, 설계하고 준비할 수 있도록 한다."
1학년,1학기,1전선,HABI0001,융합경영학과,경제학입문,3,3,"이 과목은 경제학을 처음 배우는 학생을 대상으로 경제문제의 발생원인과 그러한 원인들로 인해 현실에서 발생하는 경제현상들을 경제학에서 어떻게 분석하는지에 대해 설명할 것이다. 이 과목에서는 우선 경제문제의 발생원인에 대해 살펴본 뒤, 가격과 시장기구의 역할, 안정적인 경제의 성장, 개방경제의 작동원리 등에 대해 기본교과서의 내용들을 충실히 활용하여 설명하면서 현실 경제의 내용에 대해서도 첨가해 나갈 것이다."
1학년,1학기,1전선,HABI0002,융합경영학과,경영학원론,3,3,"경영환경의 사적 개요, 경영학 연구의 대상과 성격, 기업형태론, 기업집중과 국제화, 경영관리의 계획, 경영관리의 조직, 경영관리의 지휘, 경영관리의 통제 등에 관하여 학습을 전개하고, 특히 목표관리와 경영전략, 기업환경과 의사결정론에 관하여 토론을 전개함으로써 경영학 전반에 걸쳐 폭넓은 이해를 도모한다."
1학년,2학기,1전선,HABI0003,융합경영학과,회계원리,3,3,"회계학의 기초원리로서 회계순환과정(accounting cycle)을 이해하기 위한 기초개념으로서의 회계전제조건 및 회계원칙과 자산, 부채, 소유주지분, 수익, 비용, 이익의 개념과 회계의 기술적 구조를 중심으로 공부할 것이다. 거래의 발생부터 재무제표를 작성하기까지 일련의 과정을 중점적으로 설명할 것이다. 이와 아울러 현금 및 현금성 자산, 금융자산 및 금융부채, 유형 및 무형자산 등에 관한 회계처리 및 재무제표의 작성원리 및 보고방법에 관하여 설명할 것이다."
1학년,2학기,1전선,HABI0004,융합경영학과,경제학원론,3,3,"‘경제의 이해’ 교과목 강의를 기초로 한다. 경제학원론에서는 수요와 공급의 기본 개념과 더불어 가격이 어떻게 결정되는지, 경제주체들은 왜 특정한 선택을 해야 하는지, 정부는 어떠한 이유로 경제정책을 수립하며 또 그 정책의 효과가 경제주체들에게 미치는 영향이 무엇인지, 물가 불안이 우리에게 어떠한 영향을 미치며 통화라는 것은 경제활동에 어떠한 역할을 하는 것인지, 왜 국제적인 거래가 발생하는지, 그리고 경제 불안 혹은 경제위기가 발생하는 이유는 무엇인지 등 현실 경제와 관련된 다양한 주제들을 경제학 기초이론을 바탕으로 분석하는 방법들을 배우게 될 것이다."
1학년,2학기,1전선,HABI0026,융합경영학과,소비자트렌드분석,3,3,본 과목은 시장조사의 가장 중요한 수단으로 학생들로 하여금 소비자의 소비트렌드를 예측하고 분석할 수 있는 능력을 개발하는 과목이다. 소비트렌드 분석에 필요한 다양한 양적 ? 질적 방법들을 학습하고 실제로 소비자 트렌드를 분석하게 될 것이다. 이 과정에서 소비트렌드 읽기의 기본자세와 정보수집기술을 습득하게 된다.
2학년,1학기,1전선,HABI0005,융합경영학과,경영경제통계,3,3,"금융계량분석은 복잡한 현실을 적절한 계량기법들을 통해 분석 ? 이해하고자 하는 경제학의 한 분야이다. 본 강의에서는 회귀분석과 시계열분석을 중점적으로 다룰 예정이며, 또 컴퓨터 실습에 상당한 시간을 할애하여 실제 현상의 분석과정도 함께 살펴보고자 한다."
2학년,1학기,1전선,HABI0006,융합경영학과,재무관리,3,3,"재무관리는 기업의 자금조달 및 운용에 관해 공부한다. 즉, 기업의 가치를 극대화하기 위한 투자안의 선택 방법, 투자에 필요한 자금을 최소한의 자본비용으로 조달하는 방안 등에 관한 기업의 합리적인 재무 의사결정을 다룬다. 수업 목표는 현금흐름의 현재 및 미래가치 평가법, 자본비용 계산, 자본예산 관리방법 등을 기업에서 효과적으로 응용, 활용하는 능력을 함양하는 것이다."
2학년,1학기,1전선,HABI0007,융합경영학과,마케팅,3,3,"이 교과목은 학생들에게 마케팅의 개념을 소개하고 학생들에게 마케팅의 개념을 실질적으로 적용하는 방법을 친숙하게 소개하기 위한 과목이다. 이 과목을 수강함으로서, 학생들은 조직의 크기(개인, 그룹, 조직)에 상관없이 마케팅의 계획을 수립하는 것에 익숙해질 수 있도록 한다."
2학년,1학기,1전선,HABI0008,융합경영학과,전략경영,3,3,"본 과목에서는 산업 분석, 자원 분석, 그리고 경쟁 분석 등을 근간으로 하는 전략경영론의 다양한 주제들을 사례 분석 기법을 중심으로 살펴봄으로써 강소기업 경영자가 전략적 의사결정 사안을 어떻게 해결해 나갈 수 있는지를 학습토록 한다."
2학년,1학기,1전선,HABI0009,융합경영학과,소비자와시장환경,3,3,"소비자학의 개론과목으로 시장의 구조와 본질을 이해하고, 변화하는 시장환경에서의 소비자의 위치와 역할을 조명한다. 또한 소비자의사결정, 소비자행태, 소비자문제와 정책, 소비자교육, 소비자운동 등을 개괄적으로 살펴본다."
2학년,2학기,1전선,HABI0010,융합경영학과,인적자원관리,3,3,"인적자원은 조직의 성공 여부를 결정짓는 핵심자원으로서 전략적 중요성이 있다. 본 과정에서는 사람에 대한 다양한 관점과 인적자원관리의 역사를 학습하고, 종업원들이 조직의 성공을 위해 자신의 노력을 발휘할 수 있도록 하는 방법을 탐구해 보고자 한다. 본 과목에서는 기업에서 인력의 채용, 평가, 보상, 승진, 개발 등의 이슈가 다루어진다."
2학년,2학기,1전선,HABI0012,융합경영학과,미시경제학,3,3,경제적 자원이 희소함으로 생기는 문제를 해결하기 위하여 효율적인 자원배분과 공평한 분배에 초점을 맞춤으로써 경제학 제반분야를 이해할 수 있는 능력을 기르도록 한다.
2학년,2학기,1전선,HABI0013,융합경영학과,비지니스커뮤니케이션,3,3,본 과목은 학생들이 비지니스 커뮤니케이션의 기본적인 방법과 기술을 함양시키는데 목적이 있다. 학생들은 본 과목을 통해 다양한 비지니스 환경에서 중국어와 영어로 의사소통하는 방법을 배우게 될 것이다.
2학년,2학기,1전선,HABI0014,융합경영학과,국제경영,3,3,"기업활동의 국제화에 따라 중요성이 커지고 있는 기업의 무역, 해외직접투자, 기술이전, 해외건설, 해외자원개발, 글로벌 M&A, 전략적 제휴, 다국적기업 경영관리 등의 문제들을 개괄적으로 다룬다."
3학년,1학기,1전선,HABI0011,융합경영학과,금융시장론,3,3,"금융에 관한 기본이론을 습득하고 한국 금융제도의 현황을 이해할 수 있도록 금융과 금융제도에 관한 기본적인 개념과 이론 그리고 한국의 금융기관, 금융제도 등을 학습한다."
3학년,1학기,1전선,HABI0015,융합경영학과,세무회계,3,3,"세무회계는 재무회계, 원가관리회계와 더불어 회계의 3개 축을 구성하는 주요 분야이다. 본 과목들을 통하여 세무회계 및  세법의 전반적인 개요를 이해하고, 합리적인 의사결정에 필요한 세무마인드를 함양할 수 있다. 주요 세법인 법인세, 소득세, 부가가치세에 대해서는 핵심적인 세무회계 내용을 습득할 수 있다."
3학년,1학기,1전선,HABI0016,융합경영학과,생산관리,3,3,"제조 및 서비스 기업 관리 전반에 걸친 운영 및 전략적 관점에 대하여 학습한다. 주요한 학습 주제는 운영전략, 신제품 및 서비스 디자인, 용량계획, 위치 및 배치계획, 인력 운영 및 업무 설계, 공급망 관리, 재고관리 및 총괄생산계획 등에 대한 기초 지식을 학습한다."
3학년,1학기,1전선,HABI0017,융합경영학과,거시경제학,3,3,"국민경제의 총량분석을 위한 기초지식의 습득을 목표로 한다. 거시경제학의 양대 산맥인 고전학파와 케인즈 학파의 경제학, 소비, 투자, 정부재정, 경기변동 및 경제성장에 대해서 학습한다. IS-LM 및 AD-AS 등의 중요한 분석도구와 그 활용방법에 관하여 자세히 공부한다."
3학년,1학기,1전선,HABI0018,융합경영학과,e-commerce,3,3,"커머스는 인터넷 등 전자매체를 이용해 제품과 서비스를 거래하는 행위를 일컫는다. 일반적인 거래와 함께 서비스, 광고, 정부제품 조달 등도 포함한다. 본 과목은 e커머스의 기본 개념과 전략을 제시한다. 추가하여, e커머스의 개발, 동인, 영향 등을 이해하기 위해 유명 사례를 이용한 연구를 병행한다. 학생들은 글로벌 강소기업, 신흥 시장 개발 사례연구를 통해 기업경영에서 e커머스의 활용과 필요성을 배우며, 현실적인 기업경영의 실험을 하게 된다."
3학년,1학기,1전선,HABI0025,융합경영학과,무역실무,3,3,"무역업무를 수행하는데 필요한 수출입 절차 및 그 과정에서 나타나는 제반 무역매매 계약, 무역관련법제, 무역관습 및 관행 등의 내용을 강의한다."
3학년,2학기,1전선,HABI0019,융합경영학과,국제마케팅,3,3,"기업의 국제화에 따른 마케팅상의 제 문제를 인식하고, 국제시장에 관한 정보의 수집 및 분석, 국제시장의 환경변화에 대응하는 마케팅 프로그램의 작성 등의 문제를 다룬다."
3학년,2학기,1전선,HABI0020,융합경영학과,경영정보시스템,3,3,"IT기술의 발전으로 인해 기업은 정보시스템을 활용한 의사결정 등 기업의 경영환경에 기술과 정보가 중요한 요소로 부각되고 있다. 따라서 기업에 적용되는 기술과, 정보의 관리 등에 관한 전반적인 내용을 배움으로 향후 기업의 정보시스템에 대한 이해와 개념적 정의를 통한 실무능력을 갖출 수 있도록 한다."
3학년,2학기,1전선,HABI0021,융합경영학과,시장조사론,3,3,"글로벌 시장에 성공적으로 진출하고 성공적인 글로벌 마케팅을 전개하기 위해서는 무엇보다도 현지 시장의 소비 자에 대한 올바른 이해가 우선이다. 이 과목에서는 소비자 이해를 위한 방법론인 마케팅 조사의 기본 개념 및 활용 방안, SPSS의 활용 능력을 습득하도록 한다."
3학년,2학기,1전선,HABI0022,융합경영학과,화폐금융,3,3,"화폐에 관한 다양한 이론을 학습하고 이들 이론을 현실경제에 응용한다. 특히 화폐의 수요, 공급과 이자율이론, 중앙은행의 기능 및 통화신용정책 등을 중심으로 논의를 전개하며, 통화량이 경기변동, 인플레이션, 이자율, 주가 등의 경제의 영향이 미치는 경로와 그 효과에 대해서 공부함으로써, 경제현상에 대한 이해를 높이는 것을 목적으로 한다."
3학년,2학기,1전선,HABI0023,융합경영학과,소비자법과정책,3,3,소비자관련 법과 정책을 이해하고 최근 소비자이슈를 중점적으로 연구한다. 소비자 권익증진을 위하여 소비자 관련법들의 주요 사례를 분석하고 소비자관련 정책의 배경 및 의미를 고찰한다.
4학년,2학기,1전선,HABI0027,융합경영학과,세일즈매니지먼트,3,3,"세일즈매니지먼트는 회사의 제품을 고객에게 판매하기 위한 업무로서 내,외부환경 분석 결과를 토대로 판매 전략을 수립하고, 고객과의 상담을 통해 계약을 체결하고 이행하며, 고객의 불만사항을 관리하고 고객을 관계유지관리에 관한 수업이다."
4학년,2학기,1전선,HABI0028,융합경영학과,AI와경영,3,3,"기업 경영에서 AI 활용이 증가함에 따라, 기업의 비즈니스 운영과 전략 및 경쟁에 있어 AI의 혁신적인 영향력을 이해하고 대응할 수 있는 역량이 더욱 중요해지고 있다. 본 교과목에서는 기업 경영에서 AI에 의한 변화와 도전 과제를 사례 등을 통해 살펴보고, AI 시대의 기업 경쟁력 강화 방안을 고찰하도록 한다. 본 교과목에서는 이론연구, 기업체 특강 및 사례 연구 등을 통해 학생들이 최신의 AI 경영 트렌드를 학습할 수 있도록 할 것이다."
1학년,1학기,1전선,HAID0001,지능·데이터융합학부,파이썬,3,3,"Python 개발 환경, 변수/계산, 문자열, 조건문 및 반복문과 관련된 기초 내용을 학습하고 종합적인 연습문제 풀이를 통하여 문제해결 과정을 훈련함"
1학년,2학기,1전선,HAID0002,지능·데이터융합학부,확률과통계,3,3,"확률, 응용 분야 및 통계학에 대하여 확실한 개념 설정을 목표로 함. 이를 위해 확률분포, 추정, 검정 등 통계분석의 기초이론과 분산분석, 회귀분석, 신뢰성분석 등 응용분야를 학습한다"
1학년,1학기,1전선,HAIE0001,휴먼지능정보공학전공,C프로그래밍1,3,3,"본 과목은 C 언어를 사용하여 컴퓨터 프로그래밍의 기본 이론과 실기를 배우는 과목이다. 세부 내용은 C 언어의 숫자형, 문자형, 연산자, 제어용 문장, 배열, 프로그램의 구조, 포인터, 문자열, 구조형, 배열의 배열, 포인터의 배열, 파일 입출력 등이다. 본 과목에서 배운 내용은 실제 컴퓨터상에서 프로그래밍 하여 익힌다."
1학년,1학기,1전선,HAIE0002,휴먼지능정보공학전공,지능정보공학설계,3,3,"창의적인 공학설계과정을 이해하고, 과제선정, 요구분석, 요구사항 정리 및 Concept 정립/분석 능력을 키운다. 설계 도구로서 기초적인 소프트웨어 설계 방법과 습득하여 설계과정과 테스트 과정을 이해한다. 프로젝트를 수행하는데 필요한 전문지식으로서 팀웍과 프로젝트 관리, 윤리적/법적 문제에 관한 이슈와 구술 발표 등에 대하여 다룬다."
1학년,1학기,1전선,HAIE0003,휴먼지능정보공학전공,개인정보보호론,3,3,"본 교과목은 휴먼정보의 기본적인 속성인 개인정보에 대해서 법적 이해와 올바른 개인정보처리시스템 구축 방법을 배우는 과목이다. 개인정보 생명주기와 보안요구사항, 정보시스템의 분석, 설계, 운영의 컴플라이언스, 데이터 프라이버시, 그리고 개인정보보호를 위한 정보시스템 설계 등에 대해서 익힌다."
1학년,2학기,1전선,HAIE0004,휴먼지능정보공학전공,C프로그래밍2,3,3,"객체지향 분석, 설계 및 프로그래밍에 대한 개념과 다양한 객체지향 프로그래밍 언어의 특징과 기본을 배운다. 이를 통하여 객체지향 소프트웨어 시스템을 직접 개발하여 봄으로써 객체지향 패러다임을 이해하게 되며 객체지향 개념을 이용할 수 있는 소양을 쌓는다."
1학년,2학기,1전선,HAIE0005,휴먼지능정보공학전공,이산수학,3,3,"컴퓨터 공학에서 필요로 하는 수학적 내용에 대한 기초 개념을 익히는 과목으로 논리, 집합론, 함수, 확률, 그래프, 조합론 및 이산구조, 알고리즘 분석  등을 다룬다. 이러한 내용을 바탕으로 논리적 사고를 배양하고 주어진 문제를 오류 없이 해결하는 방법을 배운다."
1학년,2학기,1전선,HAIE0006,휴먼지능정보공학전공,디지털보안학,3,3,"본 교과목은 정보보안에 관한 전반적인 내용을 학습하는 과정이며, 시스템 보안, 네트워크 보안, 웹 보안, 코드 보안, 암호, 악성코드, 모바일 보안, 보안시스템 등에 관한 기본적인 내용을 익히는 것이 목적이다."
1학년,2학기,1전선,HAIE0042,휴먼지능정보공학전공,확률통계의 이해,3,3,확률과 통계의 지식을 인공지능 분야에 적용 및 활용할 수 있도록 함
2학년,1학기,1전선,HAIE0007,휴먼지능정보공학전공,객체지향프로그래밍,3,3,기본적인 데이터 분석 및 데이터마이닝 기법에 대해 이해하고 컴퓨터 프로그래밍언어를 이용하여 구현하는 과정에 대해 학습한다.
2학년,1학기,1전선,HAIE0008,휴먼지능정보공학전공,자료구조,3,3,"본 과목에서는 효과적인 컴퓨터 소프트웨어 설계를 위하여 필수적인 자료의 표현 및 처리 방법을 다룬다. 주된 내용은 자료구조와 알고리즘의 개념을 이해하고 다양한 자료구조인 배열, 스택, 큐, 리스트, 트리, 그래프 등의 개념 및 각각의 자료구조와 관련된 기본 알고리즘을 다룬다."
2학년,1학기,1전선,HAIE0009,휴먼지능정보공학전공,선형대수학,3,3,"본과목은 현상이나 시스템을 행렬로 표현하고, 덧셈과 곱셈의 연산을 통해변화와 구조를 해석하는 능력과 행렬이론이나 벡터공간이론으로 선형방정식의 해를 구하여 현상을 행렬맵으로 표현하는 능력을 갖도록 한다."
2학년,1학기,1전선,HAIE0010,휴먼지능정보공학전공,컴퓨터로직설계,3,3,"컴퓨터의 구성 요소인 중앙 처리 장치(CPU), 명령어 세트, 성능 향상을 위한 파이프라인 방식의 이해, 메인 메모리, 캐쉬 메모리의 특성과 외부 메모리, 그리고 시스템 버스 및 입출력 장치 등 컴퓨터 구조의 전반적인 개념을 이해한다."
2학년,1학기,1전선,HAIE0011,휴먼지능정보공학전공,인터랙션디자인,3,3,"사용자 경험을 기반으로 한 시스템설계와 인터페이스 구현 위한 프로그래밍을 익힌다. 매체별 특성을 고려한 프로그래밍 실습을 중심으로 데이터 입력과 출력,  화면 구성과 시각화, 인터랙션 등을 구현한다."
2학년,1학기,1전선,HAIE0049,휴먼지능정보공학전공,뇌과학과 인공지능,3,3,"본 과목은 인간 지능의 근간인 인지과정에 대한 뇌과학적 발견을 탐구하고, 현대 딥러닝과의 관계를 확인하여 인공지능에 대한 이해도를 높이고자 한다."
2학년,1학기,1전선,HAIE0051,휴먼지능정보공학전공,공학심리학,3,3,인간의 심리를 이해하고 공학적 응용하기 위한 기초 이론을 학습한다
2학년,2학기,1전선,HAIE0012,휴먼지능정보공학전공,인지공학,3,3,"인간의 뇌와 관련된 마음, 정신, 심리, 기억 등의 부분과 기계 또는 시스템과의 상호작용에 대한 것을 배운다. 인간의 인지 과정과 행동에 대한 내용을 익혀 시스템, 제품, 서비스 등의 설계와 디자인에 적용시킬 수 있도록 한다."
2학년,2학기,1전선,HAIE0013,휴먼지능정보공학전공,컴퓨터네트워크,3,3,"본 과목에서는 인터넷 프로토콜 스택의 HTTP, FTP와 같은 어플리케이션 계층 프로토콜, TCP와 UDP 등 트랜스포트 계층 프로토콜, IP 등 네트워크 계층 프로토콜 및 이더넷, ATM 등의 데이터링크 계층에서의 프로토콜들과 인터넷에서의 트래픽 전송 특성 등을 이해하고 실습과 프로그래밍을 통해 숙지한다."
2학년,2학기,1전선,HAIE0014,휴먼지능정보공학전공,알고리즘,3,3,컴퓨터를 사용하여 주어진 문제를 풀고 해답을 얻어내는 과정을 기술한 것을 알고리즘이라고 한다. 본 강좌에서는 정렬 문제와 트리 및 그래프로 추상화된 문제들에 대한 여러 알고리즘을 공부하고 각 알고리즘들의 시간적 공간적 측면의 효율을 비교하고 분석하는 기법을 배운다.
2학년,2학기,1전선,HAIE0015,휴먼지능정보공학전공,인공지능개론,3,3,"인공지능과 관련된 기본 수학 및 이론과 다양한 응용 방법을 다룬다. 특히 탐색 방법, 다양한 지식 표현 방법, 추론법, LISP와 PROLOG 등의 인공지능 언어 등에 대한 지식을 습득하고 지식 기반 시스템의 원리 및 구성 방법 등을 배운다."
2학년,2학기,1전선,HAIE0023,휴먼지능정보공학전공,빅데이터분석,3,3,"빅데이터 수집 및 통합 기술, 저장, 관리, 처리, 분석, 표현 기술에 사용되는 다양한 컴퓨팅 기술과 오픈소스 등을 학습한다."
2학년,2학기,1전선,HAIE0026,휴먼지능정보공학전공,웹프로그래밍,3,3,웹 환경에서 사용되는 데이터베이스를 설계 및 구축하는 방법과 프로그래밍언어를 이용하여 이를 연동하는 방법에 대해 학습한다.
2학년,2학기,1전선,HAIE0037,휴먼지능정보공학전공,데이터베이스,3,3,"데이터베이스의 기본 개념을 이해하고, 데이터베이스 활용 능력을 배양하며 
데이터베이스 시스템의 각 구성요소을 배우고, 데이터 모델링, 데이터베이스 설계, 데이터베이스 구축 및 활용 기법을 익힌다."
3학년,1학기,1전심,HAIE0017,휴먼지능정보공학전공,감성컴퓨팅,3,3,본 과목은 인간과 컴퓨터 시스템간의 상호작용 이론과 인간과 인간간의 상호작용과 같은 능력을 컴퓨터에게 부여하는 능력을 갖도록 한다.
3학년,1학기,1전심,HAIE0018,휴먼지능정보공학전공,소프트웨어공학,3,3,"본 교과목은 안전 소프트웨어를 개발하기 위한 제반 방법 및 도구, 기법을 배우는 과목이다. 안전 요구 사항과 표준을 살펴보고 사용자의 요구를 분석하는 과정, 설계하는 과정 등에 대해서 습득한다. 특히 지능환경의 안전성 문제와 관련한 논의를 살펴보고 안전 표준 및 인증 기준 등에 대해서 익힌다."
3학년,1학기,1전심,HAIE0020,휴먼지능정보공학전공,디지털영상처리,3,3,"디지털신호의 기본 개념과 프로그래밍 언어를 통해 디지털 신호 및 영상으로부터 패턴인식을 위해 필요한 특징벡터 추출 방법을 학습한다. 이를 위해 디지털신호의 산술연산, 컨볼루션 연산, 기하학적 처리등의 시간 및 공간 영역에서의 처리기법과 퓨리에 변환에 기반한 주파수 영역에서의 처리방법을 학습한다."
3학년,1학기,1전심,HAIE0021,휴먼지능정보공학전공,컴퓨터구조설계,3,3,"본 과목에서는 컴퓨터의 구성과 다양한 기능 모듈들을 학습하고 컴퓨터의 설계단계를 배운다. 임베디드 컴퓨터 구조, 메모리 및 입출력 인터페이싱 등에 대해 학습하고, 임베디드 시스템   개발 환경 및 개발 툴, 임베디드 프로그래밍 등에 대해 공부한다."
3학년,1학기,1전심,HAIE0022,휴먼지능정보공학전공,블록체인프로그래밍,3,3,"본 과정에서는 블록체인 기술의 계정, 암호, 트랜잭션, 마이닝, PoW, P2P 네트워크 등 필요한 개념을 배운다. 이를 바탕으로 스마트콘트랙과 DApp 프로그래밍을 개발한다. 이 강의는 블록체인 기술을 응용해 실제 문제에 적용하여 분산앱을 개발하고 싶은 학생에게 적합하다."
3학년,1학기,1전심,HAIE0030,휴먼지능정보공학전공,딥러닝,3,3,"본 과목에서는 사람의 생리적, 행동적 특성을 통해 개인을 자동으로 식별하는 바이오인식 기술을 학습한다. 얼굴인식, 지문인식, 홍채인식, 정맥인식과 같이 널리 사용되는 방법과 더불어, 새로운 바이오인식 방법에 대해서도 학습한다."
3학년,1학기,1전선,HAIE0043,휴먼지능정보공학전공,UX분석,3,3,"인간공학적 측면, 공학심리학적 측면, 행태학적인 측면에서 사용자 경험을 분석하고, 이를 바탕으로 인간중심의 인공지능 기술에 적용하는 방법과 설계를 구현함."
3학년,1학기,1전선,HAIE0044,휴먼지능정보공학전공,공공빅데이터분석PBL,3,3,공공빅데이터를 활용하여 실질적 활용이 가능한 빅데이터 분석 모형 설계 및 시각화 학습
3학년,1학기,1전선,HAIE0046,휴먼지능정보공학전공,디지털신호처리,3,3,"본 강의는 디지털 신호처리 및 시스템 설계의 이론을 학습하고, 생체신호 등을 처리 및 분석하는 실습을 다룬다."
3학년,2학기,1전선,HAIE0016,휴먼지능정보공학전공,운영체제,3,3,"본 과목은 사용자의 편리한 컴퓨터 사용을 도와주고 컴퓨터 시스템의 자원을 효율적으로 사용하도록 관리하는 시스템 소프트웨어인 운영체제를 배우는 과목이다. 관리해야 할 컴퓨터 시스템의 특성, 운영체제의 요건 등과 프로세스, 메모리, 파일시스템, 입출력시스템 등에 대한 설계 원리와 구현에 대하여 학습한다."
3학년,2학기,1전심,HAIE0019,휴먼지능정보공학전공,신경공학,3,3,본 과목은 인간의 뇌 정보 처리를 이론을 배우고 컴퓨터가 인간의 사고와 추론으 할 수 있는 시스템 구현 능력을 갖도록 한다.
3학년,2학기,1전심,HAIE0024,휴먼지능정보공학전공,시스템분석설계,3,3,"본 교과목은 지능환경을 위해 요구되는, 컴퓨팅과 물리세계가 융합되어 사물이 자동화되고 지능화되는 사이버물리시스템(cyber-physical system) 보안설계와 융합보안환경 구축에 대해서 배우는 과목이다. 사이버물리시스템 프레임워크와 security by design, 융합보안환경과 security big data 분석 등에 대해서 익힌다."
3학년,2학기,1전심,HAIE0027,휴먼지능정보공학전공,영상패턴인식,3,3,"본 강의에서는 인공지능 및 딥러닝 시스템 구현을 위한 기초를 학습한다. 수업을 통해 퍼셉트론, 신경망, 역전파, 학습기술, 합성곱 신경망, 딥러닝에 대한 이론적인 부분과 프로그래밍 언어를 통한 개발 실습을 진행한다."
3학년,2학기,1전선,HAIE0032,휴먼지능정보공학전공,피지컬컴퓨팅,3,3,이 과목은 실제 환경과 자극을 감시하고 적절히 반응하는 상호작용형 소형 컴퓨터를 개발하는 능력을 배양하고 인간의 행위와 감성을 컴퓨터가 이해하는 시스템을 구축하는 창의적 개발 프로세스 습득하도록 한다.
3학년,2학기,1전선,HAIE0040,휴먼지능정보공학전공,의료영상인공지능,3,3,의료영상 및 인공지능 분야에서 요구되는 의료영상분석 및 처리 기술을 학습하고 프로그래밍(코딩)을 통해 구현할 수 있는 능력을 향상시키고자 함
3학년,2학기,1전선,HAIE0047,휴먼지능정보공학전공,신호패턴인식,3,3,"본 강의는 1차원 신호 기반의 패턴인식에 대해 학습한다. 나아가, 생체신호 등을 활용한 특징 추출, 인공지능 모델 설계를 실습한다."
3학년,2학기,1전선,HAIE0048,휴먼지능정보공학전공,강화학습,3,3,"이 교과목은 강화학습의 기초 이론 및 딥러닝과 결합된 심층강화학습을 살펴보고, 인간 두뇌에서 발현되는 강화학습의 신경과학적 증거를 탐구한다."
3학년,2학기,1전선,HAIE0050,휴먼지능정보공학전공,감성디지털휴먼,3,3,인간 감성을 인식하고 반응하는 디지털 휴먼을 구현함으로써 인간 중심의 인공지능의 기술과 이론을 이해하고 인간 감성 중심 AI를 기술과 이론을 함양한다
4학년,1학기,1전선,HAIE0029,휴먼지능정보공학전공,감성맥락지능,3,3,"인간 또는 특정 사용자의 행태를 분석하여 트랜드와 성향을 도출하는 과정을 배운다. 행태 분석을 위한 전통적인 방법에서 부터 에스노그라피, 실시간 트래킹, 생체 정보 측정 등의 다양한 분석 방법을 익혀 시스템 설계와 구성 및 데이터 해석에 적용할 수 있도록 한다."
4학년,1학기,1전선,HAIE0031,휴먼지능정보공학전공,휴먼지능정보종합설계1,2,2,"소프트웨어 개발의 중요한 단계들인 계획, 분석, 설계, 구현, 테스트, 유지보수 과정을 효과적으로 수행하기 위한 기법을 배우고 이를 직접 팀을 구성하여 프로젝트에 적용시켜봄으로써 적은 비용으로 품질 높은 소프트웨어를 개발하는 능력과 실무 응용력, 문제 해결능력을 기른다."
4학년,1학기,1전선,HAIE0039,휴먼지능정보공학전공,소셜인공지능,3,3,"소셜인공지능은 기존 일차원적 헬스케어를 넘어서, 인간의 정신, 육체를 포함하여 인간-인공지능이 상호작용하는 모든 분야 적용 가능한 인공지능에 대해 학습하며 인간의 감성, 행동/행태, 복합 상태를 깊이 이해하고, 이 정보를 이용한 소셜인공지능을 구현하는 방법을 학습함"
4학년,1학기,1전선,HAIE0041,휴먼지능정보공학전공,휴먼헬스인공지능,3,3,인간의 건강관리에 대한 과학적 · 의학적 지식을 학습함
4학년,1학기,1전선,HAIE0052,휴먼지능정보공학전공,자율주행,3,3,"자율주행의 개요 및 기술,항법,환경인식,제어데이터처리방식 등의 자율주행 자동차의 전반적인 내용 학습"
4학년,2학기,1전선,HAIE0034,휴먼지능정보공학전공,휴먼지능정보종합설계2,2,2,"소프트웨어 개발의 중요한 단계들인 계획, 분석, 설계, 구현, 테스트, 유지보수 과정을 효과적으로 수행하기 위한 기법을 배우고 이를 직접 팀을 구성하여 프로젝트에 적용시켜봄으로써 적은 비용으로 품질 높은 소프트웨어를 개발하는 능력과 실무 응용력, 문제 해결능력을 기른다."
4학년,2학기,1전선,HAIE0045,휴먼지능정보공학전공,휴먼인식기술,3,3,"이 교과목은 카메라나 다양한 센서를 통해 사람의 생체 정보, 행동, 심리 상태를 인식하고 분석하는 기술에 대해 배웁니다. 실제 사례를 통해 생체 인식, 감정 분석, 행동 예측 등 다양한 응용 분야에 대한 이해를 높이고, 실제 문제 해결에 필요한 기술적 능력을 함양합니다."
1학년,1학기,1전선,HAID0001,지능·데이터융합학부,파이썬,3,3,"Python 개발 환경, 변수/계산, 문자열, 조건문 및 반복문과 관련된 기초 내용을 학습하고 종합적인 연습문제 풀이를 통하여 문제해결 과정을 훈련함"
1학년,2학기,1전선,HAID0002,지능·데이터융합학부,확률과통계,3,3,"확률, 응용 분야 및 통계학에 대하여 확실한 개념 설정을 목표로 함. 이를 위해 확률분포, 추정, 검정 등 통계분석의 기초이론과 분산분석, 회귀분석, 신뢰성분석 등 응용분야를 학습한다"
1학년,1학기,1전선,HAFX0015,핀테크전공,빅데이터의이해와적용,3,3,"빅데이터 분석과 관련된 이론, 분석방법 및 기반 기술을 학습하고, 응용분야에 대해 학습한다."
1학년,1학기,1전선,HAFX0019,핀테크전공,스마트팩토리에대한이해,3,3,"스마트 팩토리의 개념과 이를 구성하는 운영 및 적용기술에 대해 학습한다. 
한국형 온라인 공개강좌(K-MOOC) 선정 과목."
1학년,2학기,1전선,HABN0032,핀테크전공,기초이산수학,3,3,"본 강의는논리와 명제, 집합론, 증명법, 관계, 함수 등 수학적 주제뿐만 아니라, 그래프, 트리, 부울대수, 행렬과 행렬식과 같은 컴퓨터공학과 관련된 주제들을 포괄하여 다룹니다. 연속적인 대신 이산적인 개념에 중점을 둔다는 특징이 있습니다."
1학년,2학기,1전선,HAFX0016,핀테크전공,핀테크입문,3,3,"본 과정에서 학생들은 핀테크의 개념, 발전배경, 핀테크 기술, 핀테크 시장, 금융소비자에게 제공되는 핀테크 서비스의 내용 등에 대하여 학습한다."
1학년,2학기,1전선,HAFX0017,핀테크전공,전자상거래보안입문,3,3,"이 과정은 보안적 관점에서 전자 상거래의 원칙에 중점을두고 비즈니스 및 기술 주제, 비즈니스 모델, 가상 가치 사슬, 사회 혁신 및 마케팅 전략에 대한 개요를 학습한다."
1학년,2학기,1전선,HAFX0018,핀테크전공,서비스이론과플랫폼기업연구,3,3,모든 산업이 서비스화되는 환경에서 서비스이론에 대한 학습과 플랫폼 기업을 연구를 통해 서비스운영에 대해 이해한다.
2학년,1학기,1전선,HAFI0046,핀테크전공,컴퓨터구조개론,3,3,"이 강좌는 학생들이 현대 컴퓨터 아키텍처의 시대를 이해하고 (즉, 싱글 코어 시대, 멀티 코어 시대 및 가속화기 시대) 이러한 통찰과 원리를 미래 컴퓨터 디자인에 적용할 수 있도록 강한 기반을 제공하는 것을 목표로 합니다. 이 강좌는 범용 컴퓨팅 시스템의 세 가지 주요 구성 요소인 프로세서, 메모리, 및 네트워크를 중심으로 구성되어 있습니다."
2학년,1학기,1전선,HAFX0020,핀테크전공,파이썬을이용한통계학습,3,3,"학생들은 기초 통계학(기본 개념 및 이론)에 대해 공부하고, 빅데이터에 대한 정의 및 응용분야, 데이터 분석에 유용하게 사용되는 통계적 방법론들에 대해 학습한다."
2학년,1학기,1전선,HAFX0022,핀테크전공,프로그래밍언어,3,3,"이 과정은 프로그래밍 언어의 이론, 설계 및 구현에 대한 소개입니다."
2학년,1학기,1전선,HAFX0023,핀테크전공,빅데이터시각화,3,3,데이터 시각화 방식에 대한 이론적 학습과 Tableau 프로그램을 이용하여 실습을 진행한다.
2학년,1학기,1전선,HAFX0025,핀테크전공,스타트업개론,2,2,스타트업의 개념/ 특성/ 신기술 적용/ 운영방법/ 펀딩/ exit 등 스타트업 운영을 위한 기초 지식을 학습한다.
2학년,2학기,1전선,HABN0029,핀테크전공,빅데이터분석개론,3,3,"R 프로그램을 이용하여 데이터 수집, 가공, 분석 및 시각화하는 다양한 방법을 학습한다."
2학년,2학기,1전선,HAFI0041,핀테크전공,금융과데이터분석,3,3,"금융 비즈니스에서 의사결정 과정, 엔지니어의 역할, 금리결정 등 금융의 기초이론에 대해 이해하고, 단기금융시장(money market), 자본시장(capital market), 채권.외환시장의 작동원리, 상업은행, 투자은행, 비은행 금융중개(Non-bank Financial Intermediation) 등 다양한 금융기관의 기능에 대해 배운다."
2학년,2학기,1전선,HAFI0047,핀테크전공,인공지능논리입문,3,3,"이 수업은 디지털 시스템의 기본 개념, 분석, 및 설계에 대한 입문입니다. 이는 조합 및 순차 논리를 모두 포함합니다. 강의를 통해 학생들은 여러 수준의 디지털 시스템과 경험할 수 있습니다."
2학년,2학기,1전선,HAFI0048,핀테크전공,자료구조와응용,3,3,"자료구조는 컴퓨터 과학자들과 심각한 프로그래밍 작업을 수행할 사람들에게 필수적인 연구 분야입니다. 이 강좌는 개념적 모델을 사용하여 데이터를 효율적으로 조직화하고 조작하는 기본 원칙을 다룹니다. 학생들은 여러 중요한 개념적 데이터 유형, 그들의 구현을 통한 실현, 그리고 효율성 분석을 공부합니다."
2학년,2학기,1전선,HAFX0026,핀테크전공,비즈니스SW활용,3,3,본 교과목에서는 비즈니스 데이터 분석 실무에서 많이 활용하는 스프레드시트 SW(엑셀)의 사용 방법과 비즈니스 데이터 분석을 위한 기초 데이터 분석 방법을 학습한다.
2학년,2학기,1전선,HASM0031,핀테크전공,스타트업성장전략,3,3,기존 산업에서 기업 성장의 바탕이 되었던 전통전략과 함께 새로운 비즈니스 환경에서 고려해야 하는 기업의 성장전략을 학습하여 기업환경을 이해한다.
3학년,1학기,1전심,HABN0005,핀테크전공,빅데이터응용실습1,3,3,"R과 Python을 사용하여 텍스트 데이터를 수집하는 방법, 키워드 분석 기법, 감성 분석, 토픽 분석, 텍스트 분석 기법 등에 대해 학습한다."
3학년,1학기,1전심,HABN0021,핀테크전공,바이오헬스케어입문,3,3,본 강좌에서 학생들은 바이오 헬스케어 산업의 개요와 특성에 대해 이해하고 학습한다.
3학년,1학기,1전심,HABN0031,핀테크전공,비즈니스데이터분석,3,3,"본 교과목은 비즈니스 문제해결 및 의사결정에 필요한 데이터 분석 역량을 갖추기 위해 엑셀 프로그램을 활용한  기술적 분석(descriptive analytics), 예측적 분석(predictive analytics), 처방적 분석(prescriptive analytics) 방법을 학습한다."
3학년,1학기,1전심,HAFI0039,핀테크전공,금융데이터와플랫폼,3,3,"금융업의 빅데이터 유형, 금융빅데이터 활용사례, 금융빅데이터 시장, 금융플랫폼의 유형, 마이데이터 산업 등에 대해 학습한다."
3학년,1학기,1전심,HAFI0049,핀테크전공,운영체제기초,3,3,"본 교과목은 운영 체제의 설계 및 구현에 관한 입문 과목입니다. 이 강좌는 운영 체제의 설계에 대한 원리와 기술을 다룹니다. 특히 다중 프로그래밍을 강조하여 기능, 구조 및 구현 측면에서 운영 체제의 개념을 설명합니다. 주제에는 프로세스 조정, 교착 상태, 메모리 관리, 장치 관리, 파일 시스템, CPU를 위한 스케줄링 정책, 그리고 네트워크 및 분산 운영 체제가 포함됩니다. 기존 운영 체제에서 가져온 예제를 사용하여 개념을 설명합니다."
3학년,2학기,1전심,HAFX0029,핀테크전공,인공지능이론및실습,3,3,"본 교과목에서는 인공지능을 이해하기 위한 수학적 기초와 컴퓨터의 하드웨어 및 소프트웨어, 데이터 구성 등의 주제를 다루며, 학생들은 관련 알고리즘을 학습하고 과제를 수행한다."
3학년,2학기,1전심,HAFX0030,핀테크전공,클라우드컴퓨팅,3,3,"클라우드 컴퓨팅의 개념, 모델, 기술 아키텍처 및 활용에 이르기까지 클라우드 컴퓨팅의 전반적인 내용과 다양한 응용사례에 대해 학습한다."
3학년,2학기,1전심,HAFX0031,핀테크전공,금융머신러닝,3,3,"회귀분석, 분류, 혼합 모델, 신경망, 딥 러닝, 강화학습 등 데이터분석 기법에 대해 학습하고 스마트거래, 규제, 사기탐지 등 금융 관련 이슈 적용 사례를 고찰한다."
3학년,2학기,1전심,HASM0002,핀테크전공,3D프린팅기술과3D소프트웨어이해,3,3,"3D 프린팅의 다양한 기술과 활용 방안을 배우고, Autodesk CAD 프로그램을 통해 3D 프린팅 어플리케이션 제작의 기반 지식을 습득한다."
4학년,1학기,1전심,HAFI0050,핀테크전공,사물인터넷개론,3,3,"이 강좌는 사물인터넷(IoT) 주변의 시장, 이러한 종류의 장치를 구축하는 데 사용되는 기술, 그들이 어떻게 통신하는지, 데이터를 어떻게 저장하는지, 그리고 그들을 지원하기 위해 필요한 분산 시스템 종류에 대해 설명할 것입니다. 네 개의 모듈로 나뉘어져 있으며, 실제로 진행하면서 학습할 것입니다. 우리는 간단한 예제로 시작하고 배운 기술을 수업 프로젝트에 통합하여 실제 IoT 시스템을 설계하고 구축할 것입니다. 클라이언트는 에뮬레이트된 ARM 환경에서 실행되며, 흔한 IoT 프로토콜을 사용하여 클라우드 활성화된 백엔드 시스템과 통신합니다."
4학년,1학기,1전심,HAFX0034,핀테크전공,핀테크와규제컴플라이언스,3,3,"핀테크가 발전하고 관련 업체들의 활동 영역이 확대되면서 금융기관과 기술 기업들은 개인정보보호, 신용리스크 관리, 사이버보안 등과 관련된 법규와 규제를 준수해야 한다. 이 교과목에서는 핀테크, 레그테, 섭테크 관련 업체들의 규제 컴플라이언스 강화 배경, 중요성, 주요 내용에 대해 학습한다."
4학년,2학기,1전심,HAFI0033,핀테크전공,핀테크캡스톤디자인,3,3,"최고학년 학생들은 팀을 이뤄 체계적인 설계 과정을 적용하여 실제 다학제적인 문제에 대처할 것입니다. 선택된 문제들은 생명과학, 환경, 기계, 산업 디자인, 전기 및 열/유체 등 다양한 관심 영역을 포괄합니다. 프로젝트는 이전 수업에서 습득한 지식과 기술을 활용해야 하며, 관련된 공학 표준을 통합하고 여러 가지 현실적인 제약을 수용해야 합니다. 중점은 설계 과정, 설계의 기술적 측면 및 제안된 설계의 실질적인 구현에 놓여 있을 것입니다."
4학년,2학기,1전심,HAFI0051,핀테크전공,컴퓨터보안,3,3,"이 강좌에서 학생들은 인증, 접근 제어, 기능성, 보안 정책, 샌드박스, 소프트웨어 취약점, 그리고 웹 보안을 포함한 컴퓨터 시스템 보안의 기본 원칙을 체계적으로 공부합니다."
1학년,1학기,1전선,HAID0001,지능·데이터융합학부,파이썬,3,3,"Python 개발 환경, 변수/계산, 문자열, 조건문 및 반복문과 관련된 기초 내용을 학습하고 종합적인 연습문제 풀이를 통하여 문제해결 과정을 훈련함"
1학년,2학기,1전선,HAID0002,지능·데이터융합학부,확률과통계,3,3,"확률, 응용 분야 및 통계학에 대하여 확실한 개념 설정을 목표로 함. 이를 위해 확률분포, 추정, 검정 등 통계분석의 기초이론과 분산분석, 회귀분석, 신뢰성분석 등 응용분야를 학습한다"
1학년,1학기,1전선,HAFX0015,빅데이터융합전공,빅데이터의이해와적용,3,3,"빅데이터 분석과 관련된 이론, 분석방법 및 기반 기술을 학습하고, 응용분야에 대해 학습한다."
1학년,1학기,1전선,HAFX0019,빅데이터융합전공,스마트팩토리에대한이해,3,3,"스마트 팩토리의 개념과 이를 구성하는 운영 및 적용기술에 대해 학습한다. 
한국형 온라인 공개강좌(K-MOOC) 선정 과목."
1학년,2학기,1전선,HABN0032,빅데이터융합전공,기초이산수학,3,3,"본 강의는논리와 명제, 집합론, 증명법, 관계, 함수 등 수학적 주제뿐만 아니라, 그래프, 트리, 부울대수, 행렬과 행렬식과 같은 컴퓨터공학과 관련된 주제들을 포괄하여 다룹니다. 연속적인 대신 이산적인 개념에 중점을 둔다는 특징이 있습니다."
1학년,2학기,1전선,HAFX0016,빅데이터융합전공,핀테크입문,3,3,"본 과정에서 학생들은 핀테크의 개념, 발전배경, 핀테크 기술, 핀테크 시장, 금융소비자에게 제공되는 핀테크 서비스의 내용 등에 대하여 학습한다."
1학년,2학기,1전선,HAFX0017,빅데이터융합전공,전자상거래보안입문,3,3,"이 과정은 보안적 관점에서 전자 상거래의 원칙에 중점을두고 비즈니스 및 기술 주제, 비즈니스 모델, 가상 가치 사슬, 사회 혁신 및 마케팅 전략에 대한 개요를 학습한다."
1학년,2학기,1전선,HAFX0018,빅데이터융합전공,서비스이론과플랫폼기업연구,3,3,모든 산업이 서비스화되는 환경에서 서비스이론에 대한 학습과 플랫폼 기업을 연구를 통해 서비스운영에 대해 이해한다.
2학년,1학기,1전선,HAFI0046,빅데이터융합전공,컴퓨터구조개론,3,3,"이 강좌는 학생들이 현대 컴퓨터 아키텍처의 시대를 이해하고 (즉, 싱글 코어 시대, 멀티 코어 시대 및 가속화기 시대) 이러한 통찰과 원리를 미래 컴퓨터 디자인에 적용할 수 있도록 강한 기반을 제공하는 것을 목표로 합니다. 이 강좌는 범용 컴퓨팅 시스템의 세 가지 주요 구성 요소인 프로세서, 메모리, 및 네트워크를 중심으로 구성되어 있습니다."
2학년,1학기,1전선,HAFX0020,빅데이터융합전공,파이썬을이용한통계학습,3,3,"학생들은 기초 통계학(기본 개념 및 이론)에 대해 공부하고, 빅데이터에 대한 정의 및 응용분야, 데이터 분석에 유용하게 사용되는 통계적 방법론들에 대해 학습한다."
2학년,1학기,1전선,HAFX0022,빅데이터융합전공,프로그래밍언어,3,3,"이 과정은 프로그래밍 언어의 이론, 설계 및 구현에 대한 소개입니다."
2학년,1학기,1전선,HAFX0023,빅데이터융합전공,빅데이터시각화,3,3,데이터 시각화 방식에 대한 이론적 학습과 Tableau 프로그램을 이용하여 실습을 진행한다.
2학년,1학기,1전선,HAFX0025,빅데이터융합전공,스타트업개론,2,2,스타트업의 개념/ 특성/ 신기술 적용/ 운영방법/ 펀딩/ exit 등 스타트업 운영을 위한 기초 지식을 학습한다.
2학년,2학기,1전선,HABN0029,빅데이터융합전공,빅데이터분석개론,3,3,"R 프로그램을 이용하여 데이터 수집, 가공, 분석 및 시각화하는 다양한 방법을 학습한다."
2학년,2학기,1전선,HAFI0041,빅데이터융합전공,금융과데이터분석,3,3,"금융 비즈니스에서 의사결정 과정, 엔지니어의 역할, 금리결정 등 금융의 기초이론에 대해 이해하고, 단기금융시장(money market), 자본시장(capital market), 채권.외환시장의 작동원리, 상업은행, 투자은행, 비은행 금융중개(Non-bank Financial Intermediation) 등 다양한 금융기관의 기능에 대해 배운다."
2학년,2학기,1전선,HAFI0047,빅데이터융합전공,인공지능논리입문,3,3,"이 수업은 디지털 시스템의 기본 개념, 분석, 및 설계에 대한 입문입니다. 이는 조합 및 순차 논리를 모두 포함합니다. 강의를 통해 학생들은 여러 수준의 디지털 시스템과 경험할 수 있습니다."
2학년,2학기,1전선,HAFI0048,빅데이터융합전공,자료구조와응용,3,3,"자료구조는 컴퓨터 과학자들과 심각한 프로그래밍 작업을 수행할 사람들에게 필수적인 연구 분야입니다. 이 강좌는 개념적 모델을 사용하여 데이터를 효율적으로 조직화하고 조작하는 기본 원칙을 다룹니다. 학생들은 여러 중요한 개념적 데이터 유형, 그들의 구현을 통한 실현, 그리고 효율성 분석을 공부합니다."
2학년,2학기,1전선,HAFX0026,빅데이터융합전공,비즈니스SW활용,3,3,본 교과목에서는 비즈니스 데이터 분석 실무에서 많이 활용하는 스프레드시트 SW(엑셀)의 사용 방법과 비즈니스 데이터 분석을 위한 기초 데이터 분석 방법을 학습한다.
2학년,2학기,1전선,HASM0031,빅데이터융합전공,스타트업성장전략,3,3,기존 산업에서 기업 성장의 바탕이 되었던 전통전략과 함께 새로운 비즈니스 환경에서 고려해야 하는 기업의 성장전략을 학습하여 기업환경을 이해한다.
3학년,1학기,1전심,HABN0005,빅데이터융합전공,빅데이터응용실습1,3,3,"R과 Python을 사용하여 텍스트 데이터를 수집하는 방법, 키워드 분석 기법, 감성 분석, 토픽 분석, 텍스트 분석 기법 등에 대해 학습한다."
3학년,1학기,1전심,HABN0021,빅데이터융합전공,바이오헬스케어입문,3,3,본 강좌에서 학생들은 바이오 헬스케어 산업의 개요와 특성에 대해 이해하고 학습한다.
3학년,1학기,1전심,HABN0031,빅데이터융합전공,비즈니스데이터분석,3,3,"본 교과목은 비즈니스 문제해결 및 의사결정에 필요한 데이터 분석 역량을 갖추기 위해 엑셀 프로그램을 활용한  기술적 분석(descriptive analytics), 예측적 분석(predictive analytics), 처방적 분석(prescriptive analytics) 방법을 학습한다."
3학년,1학기,1전심,HAFI0039,빅데이터융합전공,금융데이터와플랫폼,3,3,"금융업의 빅데이터 유형, 금융빅데이터 활용사례, 금융빅데이터 시장, 금융플랫폼의 유형, 마이데이터 산업 등에 대해 학습한다."
3학년,1학기,1전심,HAFI0049,빅데이터융합전공,운영체제기초,3,3,"본 교과목은 운영 체제의 설계 및 구현에 관한 입문 과목입니다. 이 강좌는 운영 체제의 설계에 대한 원리와 기술을 다룹니다. 특히 다중 프로그래밍을 강조하여 기능, 구조 및 구현 측면에서 운영 체제의 개념을 설명합니다. 주제에는 프로세스 조정, 교착 상태, 메모리 관리, 장치 관리, 파일 시스템, CPU를 위한 스케줄링 정책, 그리고 네트워크 및 분산 운영 체제가 포함됩니다. 기존 운영 체제에서 가져온 예제를 사용하여 개념을 설명합니다."
3학년,2학기,1전심,HAFX0029,빅데이터융합전공,인공지능이론및실습,3,3,"본 교과목에서는 인공지능을 이해하기 위한 수학적 기초와 컴퓨터의 하드웨어 및 소프트웨어, 데이터 구성 등의 주제를 다루며, 학생들은 관련 알고리즘을 학습하고 과제를 수행한다."
3학년,2학기,1전심,HAFX0030,빅데이터융합전공,클라우드컴퓨팅,3,3,"클라우드 컴퓨팅의 개념, 모델, 기술 아키텍처 및 활용에 이르기까지 클라우드 컴퓨팅의 전반적인 내용과 다양한 응용사례에 대해 학습한다."
3학년,2학기,1전심,HAFX0031,빅데이터융합전공,금융머신러닝,3,3,"회귀분석, 분류, 혼합 모델, 신경망, 딥 러닝, 강화학습 등 데이터분석 기법에 대해 학습하고 스마트거래, 규제, 사기탐지 등 금융 관련 이슈 적용 사례를 고찰한다."
3학년,2학기,1전심,HASM0002,빅데이터융합전공,3D프린팅기술과3D소프트웨어이해,3,3,"3D 프린팅의 다양한 기술과 활용 방안을 배우고, Autodesk CAD 프로그램을 통해 3D 프린팅 어플리케이션 제작의 기반 지식을 습득한다."
4학년,1학기,1전심,HABN0011,빅데이터융합전공,빅데이터캡스톤디자인,3,3,전공수업에서 배운 참신한 이론적 지식을 바탕으로 사회에서 요구하는 제품 혹은 문제해결방안을 새로운 시각에서 만들어내는 과정이다.
4학년,1학기,1전심,HAFI0050,빅데이터융합전공,사물인터넷개론,3,3,"이 강좌는 사물인터넷(IoT) 주변의 시장, 이러한 종류의 장치를 구축하는 데 사용되는 기술, 그들이 어떻게 통신하는지, 데이터를 어떻게 저장하는지, 그리고 그들을 지원하기 위해 필요한 분산 시스템 종류에 대해 설명할 것입니다. 네 개의 모듈로 나뉘어져 있으며, 실제로 진행하면서 학습할 것입니다. 우리는 간단한 예제로 시작하고 배운 기술을 수업 프로젝트에 통합하여 실제 IoT 시스템을 설계하고 구축할 것입니다. 클라이언트는 에뮬레이트된 ARM 환경에서 실행되며, 흔한 IoT 프로토콜을 사용하여 클라우드 활성화된 백엔드 시스템과 통신합니다."
4학년,1학기,1전심,HAFX0034,빅데이터융합전공,핀테크와규제컴플라이언스,3,3,"핀테크가 발전하고 관련 업체들의 활동 영역이 확대되면서 금융기관과 기술 기업들은 개인정보보호, 신용리스크 관리, 사이버보안 등과 관련된 법규와 규제를 준수해야 한다. 이 교과목에서는 핀테크, 레그테, 섭테크 관련 업체들의 규제 컴플라이언스 강화 배경, 중요성, 주요 내용에 대해 학습한다."
4학년,2학기,1전심,HAFI0051,빅데이터융합전공,컴퓨터보안,3,3,"이 강좌에서 학생들은 인증, 접근 제어, 기능성, 보안 정책, 샌드박스, 소프트웨어 취약점, 그리고 웹 보안을 포함한 컴퓨터 시스템 보안의 기본 원칙을 체계적으로 공부합니다."
1학년,1학기,1전선,HAID0001,지능·데이터융합학부,파이썬,3,3,"Python 개발 환경, 변수/계산, 문자열, 조건문 및 반복문과 관련된 기초 내용을 학습하고 종합적인 연습문제 풀이를 통하여 문제해결 과정을 훈련함"
1학년,2학기,1전선,HAID0002,지능·데이터융합학부,확률과통계,3,3,"확률, 응용 분야 및 통계학에 대하여 확실한 개념 설정을 목표로 함. 이를 위해 확률분포, 추정, 검정 등 통계분석의 기초이론과 분산분석, 회귀분석, 신뢰성분석 등 응용분야를 학습한다"
1학년,1학기,1전선,HAFX0015,스마트생산전공,빅데이터의이해와적용,3,3,"빅데이터 분석과 관련된 이론, 분석방법 및 기반 기술을 학습하고, 응용분야에 대해 학습한다."
1학년,1학기,1전선,HAFX0019,스마트생산전공,스마트팩토리에대한이해,3,3,"스마트 팩토리의 개념과 이를 구성하는 운영 및 적용기술에 대해 학습한다. 
한국형 온라인 공개강좌(K-MOOC) 선정 과목."
1학년,2학기,1전선,HABN0032,스마트생산전공,기초이산수학,3,3,"본 강의는논리와 명제, 집합론, 증명법, 관계, 함수 등 수학적 주제뿐만 아니라, 그래프, 트리, 부울대수, 행렬과 행렬식과 같은 컴퓨터공학과 관련된 주제들을 포괄하여 다룹니다. 연속적인 대신 이산적인 개념에 중점을 둔다는 특징이 있습니다."
1학년,2학기,1전선,HAFX0016,스마트생산전공,핀테크입문,3,3,"본 과정에서 학생들은 핀테크의 개념, 발전배경, 핀테크 기술, 핀테크 시장, 금융소비자에게 제공되는 핀테크 서비스의 내용 등에 대하여 학습한다."
1학년,2학기,1전선,HAFX0017,스마트생산전공,전자상거래보안입문,3,3,"이 과정은 보안적 관점에서 전자 상거래의 원칙에 중점을두고 비즈니스 및 기술 주제, 비즈니스 모델, 가상 가치 사슬, 사회 혁신 및 마케팅 전략에 대한 개요를 학습한다."
1학년,2학기,1전선,HAFX0018,스마트생산전공,서비스이론과플랫폼기업연구,3,3,모든 산업이 서비스화되는 환경에서 서비스이론에 대한 학습과 플랫폼 기업을 연구를 통해 서비스운영에 대해 이해한다.
2학년,1학기,1전선,HAFI0046,스마트생산전공,컴퓨터구조개론,3,3,"이 강좌는 학생들이 현대 컴퓨터 아키텍처의 시대를 이해하고 (즉, 싱글 코어 시대, 멀티 코어 시대 및 가속화기 시대) 이러한 통찰과 원리를 미래 컴퓨터 디자인에 적용할 수 있도록 강한 기반을 제공하는 것을 목표로 합니다. 이 강좌는 범용 컴퓨팅 시스템의 세 가지 주요 구성 요소인 프로세서, 메모리, 및 네트워크를 중심으로 구성되어 있습니다."
2학년,1학기,1전선,HAFX0020,스마트생산전공,파이썬을이용한통계학습,3,3,"학생들은 기초 통계학(기본 개념 및 이론)에 대해 공부하고, 빅데이터에 대한 정의 및 응용분야, 데이터 분석에 유용하게 사용되는 통계적 방법론들에 대해 학습한다."
2학년,1학기,1전선,HAFX0023,스마트생산전공,빅데이터시각화,3,3,데이터 시각화 방식에 대한 이론적 학습과 Tableau 프로그램을 이용하여 실습을 진행한다.
2학년,1학기,1전선,HAFX0025,스마트생산전공,스타트업개론,2,2,스타트업의 개념/ 특성/ 신기술 적용/ 운영방법/ 펀딩/ exit 등 스타트업 운영을 위한 기초 지식을 학습한다.
2학년,2학기,1전선,HABN0029,스마트생산전공,빅데이터분석개론,3,3,"R 프로그램을 이용하여 데이터 수집, 가공, 분석 및 시각화하는 다양한 방법을 학습한다."
2학년,2학기,1전선,HAFI0041,스마트생산전공,금융과데이터분석,3,3,"금융 비즈니스에서 의사결정 과정, 엔지니어의 역할, 금리결정 등 금융의 기초이론에 대해 이해하고, 단기금융시장(money market), 자본시장(capital market), 채권.외환시장의 작동원리, 상업은행, 투자은행, 비은행 금융중개(Non-bank Financial Intermediation) 등 다양한 금융기관의 기능에 대해 배운다."
2학년,2학기,1전선,HAFI0047,스마트생산전공,인공지능논리입문,3,3,"이 수업은 디지털 시스템의 기본 개념, 분석, 및 설계에 대한 입문입니다. 이는 조합 및 순차 논리를 모두 포함합니다. 강의를 통해 학생들은 여러 수준의 디지털 시스템과 경험할 수 있습니다."
2학년,2학기,1전선,HAFI0048,스마트생산전공,자료구조와응용,3,3,"자료구조는 컴퓨터 과학자들과 심각한 프로그래밍 작업을 수행할 사람들에게 필수적인 연구 분야입니다. 이 강좌는 개념적 모델을 사용하여 데이터를 효율적으로 조직화하고 조작하는 기본 원칙을 다룹니다. 학생들은 여러 중요한 개념적 데이터 유형, 그들의 구현을 통한 실현, 그리고 효율성 분석을 공부합니다."
2학년,2학기,1전선,HAFX0026,스마트생산전공,비즈니스SW활용,3,3,본 교과목에서는 비즈니스 데이터 분석 실무에서 많이 활용하는 스프레드시트 SW(엑셀)의 사용 방법과 비즈니스 데이터 분석을 위한 기초 데이터 분석 방법을 학습한다.
2학년,2학기,1전선,HASM0031,스마트생산전공,스타트업성장전략,3,3,기존 산업에서 기업 성장의 바탕이 되었던 전통전략과 함께 새로운 비즈니스 환경에서 고려해야 하는 기업의 성장전략을 학습하여 기업환경을 이해한다.
3학년,1학기,1전심,HABN0005,스마트생산전공,빅데이터응용실습1,3,3,"R과 Python을 사용하여 텍스트 데이터를 수집하는 방법, 키워드 분석 기법, 감성 분석, 토픽 분석, 텍스트 분석 기법 등에 대해 학습한다."
3학년,1학기,1전심,HABN0021,스마트생산전공,바이오헬스케어입문,3,3,본 강좌에서 학생들은 바이오 헬스케어 산업의 개요와 특성에 대해 이해하고 학습한다.
3학년,1학기,1전심,HABN0031,스마트생산전공,비즈니스데이터분석,3,3,"본 교과목은 비즈니스 문제해결 및 의사결정에 필요한 데이터 분석 역량을 갖추기 위해 엑셀 프로그램을 활용한  기술적 분석(descriptive analytics), 예측적 분석(predictive analytics), 처방적 분석(prescriptive analytics) 방법을 학습한다."
3학년,1학기,1전심,HAFI0039,스마트생산전공,금융데이터와플랫폼,3,3,"금융업의 빅데이터 유형, 금융빅데이터 활용사례, 금융빅데이터 시장, 금융플랫폼의 유형, 마이데이터 산업 등에 대해 학습한다."
3학년,1학기,1전심,HAFI0049,스마트생산전공,운영체제기초,3,3,"본 교과목은 운영 체제의 설계 및 구현에 관한 입문 과목입니다. 이 강좌는 운영 체제의 설계에 대한 원리와 기술을 다룹니다. 특히 다중 프로그래밍을 강조하여 기능, 구조 및 구현 측면에서 운영 체제의 개념을 설명합니다. 주제에는 프로세스 조정, 교착 상태, 메모리 관리, 장치 관리, 파일 시스템, CPU를 위한 스케줄링 정책, 그리고 네트워크 및 분산 운영 체제가 포함됩니다. 기존 운영 체제에서 가져온 예제를 사용하여 개념을 설명합니다."
3학년,2학기,1전심,HAFX0029,스마트생산전공,인공지능이론및실습,3,3,"본 교과목에서는 인공지능을 이해하기 위한 수학적 기초와 컴퓨터의 하드웨어 및 소프트웨어, 데이터 구성 등의 주제를 다루며, 학생들은 관련 알고리즘을 학습하고 과제를 수행한다."
3학년,2학기,1전심,HAFX0030,스마트생산전공,클라우드컴퓨팅,3,3,"클라우드 컴퓨팅의 개념, 모델, 기술 아키텍처 및 활용에 이르기까지 클라우드 컴퓨팅의 전반적인 내용과 다양한 응용사례에 대해 학습한다."
3학년,2학기,1전심,HAFX0031,스마트생산전공,금융머신러닝,3,3,"회귀분석, 분류, 혼합 모델, 신경망, 딥 러닝, 강화학습 등 데이터분석 기법에 대해 학습하고 스마트거래, 규제, 사기탐지 등 금융 관련 이슈 적용 사례를 고찰한다."
3학년,2학기,1전심,HASM0002,스마트생산전공,3D프린팅기술과3D소프트웨어이해,3,3,"3D 프린팅의 다양한 기술과 활용 방안을 배우고, Autodesk CAD 프로그램을 통해 3D 프린팅 어플리케이션 제작의 기반 지식을 습득한다."
4학년,1학기,1전심,HAFI0050,스마트생산전공,사물인터넷개론,3,3,"이 강좌는 사물인터넷(IoT) 주변의 시장, 이러한 종류의 장치를 구축하는 데 사용되는 기술, 그들이 어떻게 통신하는지, 데이터를 어떻게 저장하는지, 그리고 그들을 지원하기 위해 필요한 분산 시스템 종류에 대해 설명할 것입니다. 네 개의 모듈로 나뉘어져 있으며, 실제로 진행하면서 학습할 것입니다. 우리는 간단한 예제로 시작하고 배운 기술을 수업 프로젝트에 통합하여 실제 IoT 시스템을 설계하고 구축할 것입니다. 클라이언트는 에뮬레이트된 ARM 환경에서 실행되며, 흔한 IoT 프로토콜을 사용하여 클라우드 활성화된 백엔드 시스템과 통신합니다."
4학년,1학기,1전심,HAFX0034,스마트생산전공,핀테크와규제컴플라이언스,3,3,"핀테크가 발전하고 관련 업체들의 활동 영역이 확대되면서 금융기관과 기술 기업들은 개인정보보호, 신용리스크 관리, 사이버보안 등과 관련된 법규와 규제를 준수해야 한다. 이 교과목에서는 핀테크, 레그테, 섭테크 관련 업체들의 규제 컴플라이언스 강화 배경, 중요성, 주요 내용에 대해 학습한다."
4학년,2학기,1전심,HAFI0051,스마트생산전공,컴퓨터보안,3,3,"이 강좌에서 학생들은 인증, 접근 제어, 기능성, 보안 정책, 샌드박스, 소프트웨어 취약점, 그리고 웹 보안을 포함한 컴퓨터 시스템 보안의 기본 원칙을 체계적으로 공부합니다."
4학년,2학기,1전심,HASM0026,스마트생산전공,스타트업캡스톤디자인,3,3,스타트업 개론과 성장전략 수업을 통해 획득한 지식과 아이디어를 바탕으로 캡스톤 디자인 산출물을 만든다.
1학년,1학기,1전선,HASW0001,SW융합학부,SW융합개론,3,3,"소프트웨어융합과 관련된 개념 및 이론, 기술들에 대한 입문 과목으로서 컴퓨터 HW와 SW, SW 융합 기술 및 이를 활용한 다양한 콘텐츠 제작 기술 등에 대해 폭넓게 소개한다."
1학년,2학기,1전선,HASW0002,SW융합학부,SW영어1,3,3,소프트웨어와 관련된 기술을 영어로 이해하고 표현할 수 있는 능력을 키운다.
1학년,1학기,1전선,HAEA9225,컴퓨터과학전공,파이썬프로그래밍,3,3,이 과목에서는 파이썬 언어를 통해 프로그래밍에 대한 기초 개념을 학생들이 습득하도록 한다. 강의와 실습을 통해 코딩에 대한 기본 개념을 익힌다.
1학년,1학기,1전선,HAEA9237,컴퓨터과학전공,컴퓨터수학,3,3,"컴퓨터과학의 각종 이론을 습득하는데 있어 필요한 기초적이고 다양한 수학적 지식을 미적분학과 정수론을 중심으로 습득한다.  특히, 수열, 미분, 편미분, 적분, 이중적분, 최적화기법, 정수를 이용한 Euler 함수, 소수 등에 대해 배운다."
1학년,1학기,1전선,HAFL7001,컴퓨터과학전공,공학설계입문,3,3,설계의 본질과 공학의 주요 활동을 익히고 공학개념 설계의 절차와 정보획득 절차 및 설계관리 도구에 대하여 학습함으로써 공학도의 최소한의 소양을 갖추고 더 나아가 능력 있는 공학자의 자질을 배양한다.
1학년,2학기,1전선,HAEA0032,컴퓨터과학전공,선형대수학1,3,3,"본과목은 현상이나 시스템을 행렬로 표현하고, 덧셈과 곱셈의 연산을 통해변화와 구조를 해석하는 능력과 행렬이론이나 벡터공간이론으로 선형방정식의 해를 구하여 현상을 행렬맵으로 표현하는 능력을 갖도록 한다."
1학년,2학기,1전선,HAEA9226,컴퓨터과학전공,통계적분석,3,3,"확률과 통계의 기초 이론을 학습한다. 이를 통해 다양한 컴퓨터 디바이스에서 수집된 데이터를 분석하는데 도움을 준다. 이 과목 수강을 위해 학생들은 이산수학, 선형대수, 미적분학 등의 지식을 습득해야 한다."
1학년,2학기,1전선,HAFL0012,컴퓨터과학전공,C프로그래밍1,3,3,"본 과목은 C 언어를 사용하여 컴퓨터 프로그래밍의 기본 이론과 실기를 배우는 과목이다. 세부 내용은 C 언어의 숫자형, 문자형, 연산자, 제어용 문장, 배열, 프로그램의 구조, 포인터, 문자열, 구조형, 배열의 배열, 포인터의 배열, 파일 입출력 등이다. 본 과목에서 배운 내용은 실제 컴퓨터상에서 프로그래밍 하여 익힌다."
2학년,1학기,1전선,HAEA0001,컴퓨터과학전공,이산수학,3,3,"자료의 정리와 배열에 관한 집합이론과 자료사이의 인과관계를 다루는 논리구조와 확률의 개념, 귀납법 및 순환법을 통해 주어진 문제를 논리적이고 오류없이 해결하는 방법을 배우며, 조합론 및 이산구조, 알고리즘 분석 등 다른 전공과목을 이해하는데 필요한 기초지식을 습득한다."
2학년,1학기,1전선,HAEA0017,컴퓨터과학전공,인공지능,3,3,"인공지능과 관련된 기본 이론과 다양한 응용 방법을 다룬다. 특히 탐색 방법, 다양한 지식 표현 방법, 추론법, LISP와 PROLOG 등의 인공지능 언어 등에 대한 지식을 습득하고 지식 기반 시스템의 원리 및 구성 방법 등을 배운다."
2학년,1학기,1전선,HAEA0027,컴퓨터과학전공,논리회로,3,3,"컴퓨터 하드웨어의 기본을 이루는 부울연산 및 논리 게이트에 대해 학습하고 가산기, 다중화기 등의 조합회로와 레지스터, 카운터 및 메모리 소자 등의 순서회로에 대한 이해를 통해 컴퓨터 하드웨어 설계에 응용할 수 있는 능력을 배양한다."
2학년,1학기,1전선,HAEA9236,컴퓨터과학전공,선형대수학2,3,3,"선형대수학1을 기반으로 고유값과 고유벡터, 쿼더러틱 형태, 선형변환, 수치적 방법 및 컴퓨터공학의 응용 분야를 다루어 인공지능과 IoT 등 현대 컴퓨터과학의 주도적 분야에 대한 수학적 지식을 습득한다."
2학년,1학기,1전선,HAEA9241,컴퓨터과학전공,자료구조,3,3,"본 과목에서는 효과적인 컴퓨터 소프트웨어 설계를 위하여 필수적인 자료의 표현 및 처리 방법을 다룬다. 주된 내용은 자료구조와 알고리즘의 개념을 이해하고 다양한 자료구조인 배열, 스택, 큐, 리스트, 트리, 그래프 등의 개념 및 각각의 자료구조와 관련된 기본 알고리즘을 다룬다."
2학년,1학기,1전선,HAFL0002,컴퓨터과학전공,C프로그래밍2,3,3,"본 과목은 C 언어를 사용하여 컴퓨터 프로그래밍의 기본 이론과 실기를 배우는 과목이다. 세부 내용은 C 언어의 숫자형, 문자형, 연산자, 제어용 문장, 배열, 프로그램의 구조, 포인터, 문자열, 구조형, 배열의 배열, 포인터의 배열, 파일 입출력 등이다. 본 과목에서 배운 내용은 실제 컴퓨터상에서 프로그래밍 하여 익힌다."
2학년,2학기,1전선,HAEA0002,컴퓨터과학전공,컴퓨터구조,3,3,"컴퓨터의 구성 요소인 중앙 처리 장치(CPU), 명령어 세트, 성능 향상을 위한 파이프라인 방식의 이해, 메인 메모리, 캐쉬 메모리의 특성과 외부 메모리, 그리고 시스템 버스 및 입출력 장치 등 컴퓨터 구조의 전반적인 개념을 이해한다."
2학년,2학기,1전선,HAEA0003,컴퓨터과학전공,시스템소프트웨어,3,3,"컴퓨터 소프트웨어는 응용 소프트웨어와 컴퓨터 시스템의 작동을 기본적으로 제어하는 시스템 소프트웨어로 나누어진다. 컴퓨터 하드웨어의 제어와 밀접한 관련이 있는 어셈블리 언어를 배우고, 어셈블리 언어를 기계어로 바꾸어주는 어셈블러를 설계 구현한다. 또한 오브젝트 모듈을 하나의 수행가능 한 파일로 만드는 링커와 기계어 프로그램을 메모리에 올려주는 로더 등의 시스템 소프트웨어의 기능과 구조를 배움으로서 컴퓨터 시스템의 작동 원리를 보다 심도 있게 이해한다."
2학년,2학기,1전선,HAEA0010,컴퓨터과학전공,알고리즘,3,3,컴퓨터를 사용하여 주어진 문제를 풀고 해답을 얻어내는 과정을 기술한 것을 알고리즘이라고 한다. 본 강좌에서는 정렬 문제와 트리 및 그래프로 추상화된 문제들에 대한 여러 알고리즘을 공부하고 각 알고리즘들의 시간적 공간적 측면의 효율을 비교하고 분석하는 기법을 배운다.
2학년,2학기,1전선,HAEA9227,컴퓨터과학전공,정보보호,3,3,"본 과목은 컴퓨터/통신/인터넷 보안에 관한 전반적 기술적 사항을 다룬다. 본 과목에서 다루는 세부 사항은 다음과 같다. 보안 관련 기초 기술, 침입의 유형과 취약점, 침입의 기술적 방지 방법, 침입을 탐지하는 방법, 처치 방법 등이다."
2학년,2학기,1전선,HAEZ0002,컴퓨터과학전공,객체지향프로그래밍,3,3,"객체지향 분석, 설계 및 프로그래밍에 대한 개념과 다양한 객체지향 프로그래밍 언어의 특징과 기본을 배운다. 이를 통하여 객체지향 소프트웨어 시스템을 직접 개발하여 봄으로써 객체지향 패러다임을 이해하게 되며 객체지향 개념을 이용할 수 있는 소양을 쌓는다."
2학년,2학기,1전선,HAEZ0004,컴퓨터과학전공,데이터베이스,3,3,"실세계의 다양한 정보원들을 조직화하여 통합 저장하는 데이터베이스와 이를 중앙 관리하는 데이터베이스 관리 시스템 및 관련 이론과 기술을 배운다. 관계 데이터 모델을 기반으로 하여 관계 대수와 해석, 관계 질의어인 SQL과 QBE, 데이터베이스 설계의 대강, 데이터 종속성과 정규화 이론을 중점적으로 학습하며 데이터 마이닝이나 트랜잭션 처리, 인터넷 데이터베이스 등을 보조적으로 학습하며 최신 응용분야에 활용할 수 있는 안목을 기른다."
3학년,1학기,1전심,HAEA0004,컴퓨터과학전공,컴퓨터네트워크,3,3,"인터넷 프로토콜 스텍의 HTTP, FTP와 같은 어플리케이션 계층 프로토콜, TCP와 UDP의 트랜스포트 계층 프로토콜, IP 네트워크 계층 프로토콜 및 이더넷, ATM 등의 데이터링크 계층에서의 프로토콜들에 대한 이해와 인터넷에서의 트래픽 전송 특성 등에 대해 이해한다."
3학년,1학기,1전심,HAEA0005,컴퓨터과학전공,디지털신호처리,3,3,"디지털신호의 기본 개념과 프로그래밍 언어를 통해 디지털 신호 및 영상으로부터 패턴인식을 위해 필요한 특징벡터 추출 방법을 학습한다. 이를 위해 디지털신호의 산술연산, 컨볼루션 연산, 기하학적 처리등의 시간 및 공간 영역에서의 처리기법과 퓨리에 변환에 기반한 주파수 영역에서의 처리방법을 학습한다."
3학년,1학기,1전심,HAEA0008,컴퓨터과학전공,소프트웨어공학,3,3,"소프트웨어 공학은 소프트웨어 개발을 위한 구조화된 방법을 강의하는 과목이다. 요구사항 분석부터 유지보수까지 연구된 이론들을 살펴보고, 계별로 최신 관련 연구를 통해 현재의 연구 방향을 이해한다. 이러한 이론을 바탕으로 체계적인 방법을 통해 소프트웨어를 개발해 내도록 교육한다."
3학년,1학기,1전심,HAEA0012,컴퓨터과학전공,데이터모델링과마이닝,3,3,"본 교과목은 데이터베이스 개론 교과목의 지식을 바탕으로, 실제 사회의 업무를 사전에 분석하여 데이터를 모델링하는 방법과 모인 데이터로부터 사후에 새로운 지식을 발굴(마이닝)하는 방법을 모두 이해함으로써, 데이터 기반의 미래 사회에 능동적으로 참여할 수 있는 전문 소양을 기른다."
3학년,1학기,1전심,HAEA9239,컴퓨터과학전공,GPU프로그래밍,3,3,"컴퓨터 그래픽스 및 GPU 기술의 발달은, GPU 프로그래밍 기술의 중요성을 증가시키고 있다. 이 과목에서는 컴퓨터 그래픽스의 기초 이론을 소개하고, GPU를 이용한 프로그래밍 실습을 수행한다. 아울러 다양한 렌더링 기법들, 그래픽스 API, GPU의 구조 등 심화 주제들에 대해서도 함께 다룬다."
3학년,1학기,1전심,HAEZ0003,컴퓨터과학전공,운영체제,3,3,"운영체제는 사용자의 편리한 컴퓨터 사용을 도와주고 컴퓨터 시스템의 자원을 효율적으로 사용하도록 관리하는 중요한 시스템 소프트웨어이다. 관리해야 할 컴퓨터 시스템의 특성, 운영체제의 요건 등과 프로세스, 메모리, 파일시스템, 입출력시스템 등에 대한 설계 원리와 구현에 대하여 학습한다."
3학년,2학기,1전심,HAEA0011,컴퓨터과학전공,프로그래밍언어론,3,3,"본 과목은 프로그래밍 언어의 기본 이론을 소개한다. 먼저 귀납법(induction), 문맥 자유 문법(context-free grammar), 파싱(parsing) 등의 형식적(formal) 이론을 소개한 후 다양한 언어의 실제적인 의미(semantics)에 대하여 공부한다. 본 과목에서 다루는 자세한 내용은 귀납법, 문맥 자유 문법, 파싱, 식(expression) 중심 언어, 상태(state) 중심 언어, 형(type) 중심 언어, 객체(object) 중심 언어 등의 의미를 포함하고 있다. 본 과목에서 학생들은 여러 언어의 인터프리터를 구현해 봄으로서 배운 이론을 연습한다."
3학년,2학기,1전심,HAEA0013,컴퓨터과학전공,지능형사용자인터페이스,3,3,"소프트웨어를 개발하는 프로그래머들에게 여러 인터페이스 개발 방법들을 소개하고, 이 방법들을 적용 분야와 적용 목적에 따라 그 차이를 비교함으로서 보다 편리한 인터페이스를 개발하는 방법을 학습한다. 또한 소프트웨어들이 지금까지 사용해 왔던 방법들을 살펴보고 사용자 측면에서 문제점을 알아봄으로써 보다 효과적인 인터페이스 설계를 할 수 있도록 하는데 목적이 있다."
3학년,2학기,1전심,HAEA0014,컴퓨터과학전공,유닉스프로그래밍,3,3,"본 과목은 C 언어와 유닉스 시스템 호출 인터페이스를 사용한 프로그래밍 방법을 공부한다. 세부적인 기술 사항은 다음과 같다. 쉘(shell), 파일 입출력, 파일 및 디렉토리, 시스템 데이터 파일 및 정보, 프로세스 환경, 프로세스 제어, 소켓(socket), 신호(signal), 쓰레드(thread), 프로세스 간 통신(IPC) 등이다. 또한 이 과목에서는 공학 설계 및 컴퓨터 윤리를 다룬다."
3학년,2학기,1전심,HAEA9213,컴퓨터과학전공,분산시스템,3,3,"분산 환경에서 프로세서간의 통신, 분산화일 시스템, 분산자원의 관리, 분산 시스템의 구조, 보안, 신뢰도 등에 대한 연구 내용과 효율적인 분산시스템을 구축하기 위한 여러 기술에 대하여 공부한다."
3학년,2학기,1전심,HAEA9228,컴퓨터과학전공,고급객체지향프로그래밍,3,3,"객체지향 분석, 설계 및 프로그래밍에 대한 고급개념과 다양한 고급객체지향 프로그래밍 언어의 특징과 기본을 배운다. 이를 통하여 고급객체지향 소프트웨어 시스템을 직접 개발하여 봄으로써 객체지향 패러다임을 이해하게 되며 고급객체지향 개념을 이용할 수 있는 소양을 쌓는다."
3학년,2학기,1전심,HAEA9246,컴퓨터과학전공,사물인터넷프로그래밍,3,3,"본 교과목은 사물인터넷을 구성하는 구성요소들을 프로그래밍을 통해서 학습하는 것을 목적으로 합니다. 임베디드시스템에 센서를 연결하여 사물인터넷 통신을 사용하여 센싱 정보를 서버에 전송하고, 서버측에서 그 정보를 처리하는 일련의 과정을 학습합니다."
3학년,2학기,1전심,HAGH0030,컴퓨터과학전공,네트워크보안,3,3,"네트워크 보안에서는 네트워크의 기본적인 구성과 작동원리를 배우고, 이를 이용한 네트워크 시스템의 취약점 공격을 위한 해킹 기술과 분석, 그리고 방어 기술에 대해 배운다. 스캐닝과 스니핑, 스푸핑과 DNS 스푸팅, 하이재킹 부분에서는 취약점 발견과 공격 패턴에 대해 배우고, 터널링, DDOS, 방화벽, IPS, Honey Pot에서는 효과적인 방어 기술과 시스템에 대해 배운다. 이 과목은 강의와 실습을 병행하기 때문에 사전에 linux, UNIX에 대한 숙달이 요구된다."
4학년,1학기,1전선,HAEA0020,컴퓨터과학전공,캡스톤디자인1,3,3,"소프트웨어 개발의 중요한 단계들인 계획, 분석, 설계, 구현, 테스트, 유지보수 과정을 효과적으로 수행하기 위한 기법을 배우고 이를 직접 팀을 구성하여 프로젝트에 적용시켜봄으로써 적은 비용으로 품질 높은 소프트웨어를 개발하는 능력과 실무 응용력, 문제 해결능력을 기른다."
4학년,1학기,1전선,HAEA9229,컴퓨터과학전공,빅데이터와딥러닝,3,3,"본 교과목에서는 대용량의 데이터를 처리하고 분석하기 위한 프로그래밍 기법과 데이터 분석 방법론에 대하여 학습한다. 본 교과목을 통해 학생들은 맵리듀스 프로그래밍의 기본 개념, NoSQL 데이터 저장기법, 다양한 빅데이터 분석 기술들을 학습한다."
4학년,2학기,1전선,HAEA0026,컴퓨터과학전공,캡스톤디자인2,3,3,"소프트웨어 개발의 중요한 단계들인 계획, 분석, 설계, 구현, 테스트, 유지보수 과정을 효과적으로 수행하기 위한 기법을 배우고 이를 직접 팀을 구성하여 프로젝트에 적용시켜봄으로써 적은 비용으로 품질 높은 소프트웨어를 개발하는 능력과 실무 응용력, 문제 해결능력을 기른다."
4학년,2학기,1전선,HAEA9231,컴퓨터과학전공,클라우드플랫폼,3,3,"본 과목은 웹 정보 시스템을 구축하기 위한 프로그래밍 언어들을 다룬다. 이는 웹클라이언트 프로그래밍 기술 (HTML, CSS, JavaScript, jQuery, 등) 과 웹서버 프로그래밍 기술 (Servlet, JSP)를 포함한다."
4학년,2학기,1전심,HAEA9245,컴퓨터과학전공,고급문제해결기법,3,3,"이 과목은 backtracking, brach-and-bound, linear programming, computational geometry, spatial data structure 등 고급 알고리즘을 학습하며, 다양한 난이도의 문제를 통해서 학생의 목표와 능력에 부합하는 실전 응용 능력을 함양한다."
전체학년,하계 특별학기(A),1전선,HATB0028,컴퓨터과학전공,확산모델기반의소프트웨어개발방법론(특별),3,3,
1학년,1학기,1전선,HASW0001,SW융합학부,SW융합개론,3,3,"소프트웨어융합과 관련된 개념 및 이론, 기술들에 대한 입문 과목으로서 컴퓨터 HW와 SW, SW 융합 기술 및 이를 활용한 다양한 콘텐츠 제작 기술 등에 대해 폭넓게 소개한다."
1학년,2학기,1전선,HASW0002,SW융합학부,SW영어1,3,3,소프트웨어와 관련된 기술을 영어로 이해하고 표현할 수 있는 능력을 키운다.
1학년,1학기,1전선,HAGE0004,전기공학전공,전기회로1,3,3,"키르히호프의 전압/전류법칙, 테브닌정리, 노턴정리 등 전기공학 전반에 걸쳐 활용되는 다양한 기초이론들을 학습한다."
1학년,1학기,1전선,HAGE9218,전기공학전공,미적분학,3,3,"전공 학문의 이해를 높이기 위한 기초학문으로서 함수에 대한 기본이론은 물론 함수의 극한, 도함수, 미분 및 적분에 대한 풀이방법에 대해 학습한다."
1학년,1학기,교필,HALR1224,전기공학전공,교양과인성(전기공학),1,1,"본 교과목은 3-7명의 소그룹의 1학년 학생을 대상으로 학교, 학과, 전공에 대한 개괄적인 소개를 통하여 학교생활의 적응을 돕는 데 목적이 있다. 담당교수와의 소그룹 모임에서의 진솔한 대화를 통하여 친밀하고 인격적 관계를 형성하며 진로 및 학습상담, 학업, 인생관, 가치관 등 학생들의 주된 관심사에 대한 심도 깊은 대화와 토론을 실시한다."
1학년,2학기,1전선,HAGE0002,전기공학전공,공업수학,3,3,"공학문제 해결 및 설계에 필요한 복소수, 벡터, 행렬, 미분방정식, 라플라스변환 등 기본적인 수학지식을 학습한다."
1학년,2학기,1전선,HAGE0007,전기공학전공,전기회로2,3,3,"기초전기학에서 학습한 직류회로 해석기법을 바탕으로 전기기계, 전력공학, 전기응용 등에서 다루게 될 교류회로 해석기법은 물론 교류회로에서의 전압, 전류, 임피던스, 전력 등의 전기물리량에 대한 해석방법을 학습한다."
2학년,1학기,1전선,HAGE0009,전기공학전공,전력공학1,3,3,"3상 교류회로해석을 위한 이론을 학습함으로써 발전, 송전, 배전계통으로 구성된 전력계통의 회로적 특성을 이해한다."
2학년,1학기,1전선,HAGE0010,전기공학전공,전기회로실험,3,3,기초전기학에서 학습한 기초이론들을 실험을 통해 확인하고 전기회로를 구성하는 소자의 특성 및 회로 설계방법 등을 학습한다.
2학년,1학기,1전선,HAGE0023,전기공학전공,전자기학,3,3,"벡터 해석을 기반으로 쿨롱의 법칙, 가우스법칙, 멕스웰 방적식의 유도를 통해 정전계 및 전자계 현상에 대한 해석방법을 학습한다."
2학년,1학기,1전선,HAGE0038,전기공학전공,신재생에너지공학,3,3,"풍력, 태양광 등 에너지원으로서의 신재생에너지를 이해하고 기존 전력망과의 연계 등 관련 응용분야에 대해 학습한다."
2학년,1학기,1전선,HAGE0043,전기공학전공,에너지응용프로그래밍,3,3,4차 산업혁명과 관련된 기초기술을 응용프로그램 실습을 통해 학습한다.
2학년,2학기,1전선,HAGE0021,전기공학전공,전력공학2,3,3,"전기에너지의 전달특성 이해를 위해 전력 시스템 해석에 기본이 되는 전력조류계산, 경제급전, 상정고장, 사고해석기법에 대한 방법을 학습한다."
2학년,2학기,1전선,HAGE0030,전기공학전공,논리회로,3,3,"PLC회로, 시퀀스회로 및 디지털 논리회로를 설계하기 위한 기본 구성요소 및 설계방법 등을 학습한다."
2학년,2학기,1전선,HAGE0033,전기공학전공,임베디드프로그래밍,3,3,공학 해석에 널리 사용되고 있는 컴퓨터 언어의 기초와 문법을 학습한다.
2학년,2학기,1전선,HAGE0040,전기공학전공,신재생에너지실험,3,3,"태양광, 풍력 등 신재생에너지원의 전기적 출력특성은 물론 LED, 연료전지 등 에너지 고효율기기의 기본적인 동작특성을 실험을 통해 이해한다."
2학년,2학기,1전선,HAGE0042,전기공학전공,전기기기,3,3,"자기회로 및 전기기기 기초이론을 이해하고, 발전기 및 전동기의 동작원리 및 전기적특성에 대해 학습한다."
3학년,1학기,1전선,HAGE0047,전기공학전공,전력전자,3,3,다양한 전력전자소자를 이용한 전력변환의 기본 원리에 대해 이해하고 인버터와 컨버터의 구현방법에 대해 학습한다.
3학년,1학기,1전선,HAGE9211,전기공학전공,에너지시스템설계,3,3,"건물에너지관리시스템 학습을 통해 건물 내 에너지 사용 현황을 계량/계측하고, 수집된 데이터로 설비운영 분석과 에너지 소비분석을 통해 최적의 설비제어를 통해 에너지 절감을 극대화하는 시스템 구현을 이해한다."
3학년,1학기,1전선,HAGE9212,전기공학전공,전기기기실험,3,3,"유도전동기, 직류전동기, 동기전동기, 동기발전기 등 전기기기의 특성 및 작동 원리 등을 실험을 통하여 이해한다."
3학년,1학기,1전선,HAGE9216,전기공학전공,최적화이론,3,3,최적화 이론에 대해 학습하고 엔지니어링 시스템 최적화에 적용시킨다.
3학년,1학기,1전선,HAGE9219,전기공학전공,자동제어,3,3,"연속시간 시스템(Continuous Time System)의 해석 및 제어기 설계방법을 배운다. 수학적 모델링 방법, 전달함수, 되먹임제어의 개념 및 성질 Root-locus 방법, Bode 선도, Nyquist선도, 안정도, Phase Lead/Lag 제어, PID제어, Matlab등의 프로그램을 사용한 해석 및 설계방법을 학습한다."
3학년,2학기,1전심,HAGE0012,전기공학전공,에너지시스템과AI,3,3,"에너지의 개념은 물론 수력, 풍력, 원자력 등의 다양한 에너지원과 관련된 포괄적인 분야를 학습하고 나아가 에너지산업의 경제적, 구조적 특성에 대해 학습한다."
3학년,2학기,1전심,HAGE0045,전기공학전공,전력변환디바이스,3,3,"Diode, IGBT 등의 전력변환소자를 이용한 전력변환 장치와 가변속구동 장치에 대하여 학습하고, 시뮬레이션을 통해 관련 이론을 이해한다."
3학년,2학기,1전선,HAGE0049,전기공학전공,수치해석,3,3,"선형/비선형 방정식, 미분, 적분 등의 수치해석적 풀이는 물론 확률과 통계를 기반으로 데이터에 대한 효과적인 해석기법에 대해 학습한다."
3학년,2학기,1전심,HAGE9220,전기공학전공,송배전공학,3,3,전력망 내에서 에너지를 공급하는 다양한 발전 설비들에 대한 동작원리와 이론 및 최신동향 등을 학습한다.
3학년,2학기,1전심,HAGE9221,전기공학전공,전기설비기술기준,3,3,"전기설비의 공사ㆍ유지 및 운용에 있어서 인체에 위해나 물체에 장해, 손상 또는 공급에 지장을 주는 것을 사전에 예방하여 국민의 생명과 재산을 보호하고, 전기공급자나 전기사용자 및 공공의 안전을 확보하여 전기의 원활한 공급과 효율적 이용으로 국민생활 향상과 국가경제발전을 도모하기 위한 전기사업법 제67조 전기설비기술기준을 학습함"
4학년,1학기,1전심,HAGE0032,전기공학전공,전력경제,3,3,"경쟁적 전력시장의 최신이론, 전력시장 운영 규칙, 가격결정 기법을 기반으로 자유화된 전력시장에서의 합리적인 경제활동의 전략 및 정책에 대해 학습한다."
4학년,1학기,1전심,HAGE0036,전기공학전공,계측및제어,3,3,"스마트그리드에서 활용되는 전기신호의 계측 및 제어의 개념과 알고리즘, 센서네트워크, 운영 프로세서에 대해 학습한다."
4학년,1학기,1전선,HAGE0039,전기공학전공,창의적종합설계1(캡스톤디자인),3,3,전기공학과에서 학습한 지식들을 활용하여 에너지 및 스마트그리드 분야의 기술 과제에 대한 해결방법을 제시함으로써 사회진출에 앞서 진로에 맞는 전문지식을 습득한다.
4학년,1학기,1전심,HAGE9215,전기공학전공,에너지분석,3,3,"에너지수요 및 신재생에너지와 관련된 빅데이터 분석을 위한 기법을 학습하고 통계분석, 데이터마이닝용 오픈 소스 프로그램인 R-프로그래밍을 실습한다."
4학년,2학기,1전심,HAGE0046,전기공학전공,스마트그리드특론,3,3,"스마트그리드 및 그린에너지와 관련된 다양한 주제들에 대한 최신 기술 개발 및 시장 동향, 이론 등을 학습한다."
4학년,2학기,1전선,HAGE9223,전기공학전공,창의적종합설계2(캡스톤디자인),3,3,전기공학과에서 학습한 지식들을 활용하여 에너지 및 스마트그리드 분야의 기술 과제에 대한 해결방법을 제시함으로써 사회진출에 앞서 진로에 맞는 전문지식을 습득한다.
전체학년,1학기,1전선,HAGE0051,전기공학전공,일경험(전기공학),12,12,취업전 다양한 직무에서 일경험을 쌓을 수 있도록 지원해 구직의욕 고취와 직무능력 향상을 통한 취업 가능성을 제고하는 프로그램
1학년,1학기,1전선,HASW0001,SW융합학부,SW융합개론,3,3,"소프트웨어융합과 관련된 개념 및 이론, 기술들에 대한 입문 과목으로서 컴퓨터 HW와 SW, SW 융합 기술 및 이를 활용한 다양한 콘텐츠 제작 기술 등에 대해 폭넓게 소개한다."
1학년,2학기,1전선,HASW0002,SW융합학부,SW영어1,3,3,소프트웨어와 관련된 기술을 영어로 이해하고 표현할 수 있는 능력을 키운다.
1학년,1학기,1전선,HAEM0001,지능IOT융합전공,프로그래밍,3,3,"본 과목은 절차적 언어인 C 언어를 사용하여 전자공학 분야의 다양한 문제를 해결하는 프로그램을 작성하는 기술을 다룬다. 본 과목에서 학생들이 공부하는 주된 내용은 다음과 같다. C 언어 데이터 타입, 오퍼레이터, 식, 제어 흐름, 함수 및 프로그램의 구조, 포인터 및 배열, 구조체 및 입출력 등이다."
1학년,1학기,1전선,HAEM0033,지능IOT융합전공,미적분학,3,3,"전공 학문의 이해를 높이기 위한 기초학문으로서 함수에 대한 기본이론은 물론 함수의 극한, 도함수, 미분 및 적분에 대한 풀이방법에 대해 학습한다."
1학년,2학기,1전선,HAEM0002,지능IOT융합전공,이산수학,3,3,"본 과목은 전자공학 전공자에게 필요한 이산적인 수학적 구조와 원리를 공부하는 과목이다. 본 과목에서 다루는 주요 주제는 다음과 같다. 집합론, 수학적 논리, 그래프 이론, 불리언 대수, 계산 이론 등이다."
1학년,2학기,1전선,HAEM0003,지능IOT융합전공,확률론,3,3,"이 과목에서는 불가측성이 내재된 시스템의 해석 및 설계를 위하여 확률 이론의 기본적인 내용을 학습한다. 다루게 될 주요내용은 확률기초이론, 랜덤 변수, 확률분포와 밀도함수, 평균과 분산, 상관성과 대역밀도함수, 랜덤 프로세스이다. 이 과목의 학습 내용은 정보 통신, 제어 공학, 반도체, 전산학 등의 분야에 폭넓게 활용될 수 있다. 과제물은 C/C++을 이용하여 프로그래밍 능력을 향상시킨다."
1학년,2학기,1전선,HAEM0004,지능IOT융합전공,논리회로설계,3,3,"컴퓨터 하드웨어의 기본을 이루는 부울연산 및 논리 게이트에 대해 학습하고 가산기, 다중화기 등의 조합회로와 레지스터, 카운터 및 메모리 소자 등의 순서회로에 대한 이해를 통해 컴퓨터 하드웨어 설계에 응용할 수 있는 능력을 배양한다."
2학년,1학기,1전선,HAEM0005,지능IOT융합전공,IOT센서기초,3,3,본 과목은 사물인터넷(IOT)을 다룸에 있어서 주변환경을 인식하기 위한 센서의 동작원리와 특성을 이해하고 아날로그센서로부터 디지털로 데이터를 취득하기 위한 아날로그/디지털 변환에 대한 이해부터 센서 데이터 활용까지를 다루고 이론과 실습을 병행한다.
2학년,1학기,1전선,HAEM0006,지능IOT융합전공,신호및시스템,3,3,"본 교과에서는 연속시 및 이산시 선형시스템을 설계하고 해석하는데 필요한 분석 기법들을 학습한다. 주 내용은 콘볼류션, 변환 그리고 표본화 이론 등이다. 구체적으로 보면, 연속시 시스템에 관련하여, 신호와 시스템의 분류, 콘볼류션, 미분방정식, 푸리에 급수, 푸리에 변환, 쌍방향 라플라스 변환, 그리고 선형회로를 중심으로 연속시 선형시스템의 설계 및 분석 등을 학습한다."
2학년,1학기,1전선,HAEM0007,지능IOT융합전공,컴퓨터구조,3,3,"컴퓨터의 구성 요소인 중앙 처리 장치(CPU), 명령어 세트, 성능 향상을 위한 파이프라인 방식의 이해, 메인 메모리, 캐쉬 메모리의 특성과 외부 메모리, 그리고 시스템 버스 및 입출력 장치 등 컴퓨터 구조의 전반적인 개념을 이해한다."
2학년,1학기,1전선,HAEM0008,지능IOT융합전공,선형대수학,3,3,"본과목은 현상이나 시스템을 행렬로 표현하고, 덧셈과 곱셈의 연산을 통해 변화와 구조를 해석하는 능력과 행렬이론이나 벡터공간이론으로 선형방정식의 해를 구하여 현상을 행렬맵으로 표현하는 능력을 갖도록 한다."
2학년,1학기,1전선,HAEM0009,지능IOT융합전공,자료구조,3,3,"본 과목에서는 효과적인 컴퓨터 소프트웨어 설계를 위하여 필수적인 자료의 표현 및 처리 방법을 다룬다. 주된 내용은 자료구조와 알고리즘의 개념을 이해하고 다양한 자료구조인 배열, 스택, 큐, 리스트, 트리, 그래프 등의 개념 및 각각의 자료구조와 관련된 기본 알고리즘을 다룬다."
2학년,1학기,1전선,HAEM0010,지능IOT융합전공,객체지향프로그래밍,3,3,"본 과목에서는 객체지향 분석, 설계 및 프로그래밍에 대한 개념과 다양한 객체지향 프로그래밍 언어의 특징과 기본을 배운다. 이를 통하여 객체지향 소프트웨어 시스템을 직접 개발하여 봄으로써 객체지향 패러다임을 이해하게 되며 객체지향 개념을 이용할 수 있는 소양을 쌓는다."
2학년,2학기,1전선,HAEM0011,지능IOT융합전공,지능IOT개론,3,3,"본 과목은 인공지능과 사물인터넷이 결합된 엣지 컴퓨팅 시스템에 대한 전반적인 지식을 다룬다. 지능 IOT에 대한 기본 개념을 이해하고 엣지 컴퓨팅 시스템에서의 인공지능 기초 프로그래밍, 지능IOT의 구현을 학습한다."
2학년,2학기,1전선,HAEM0012,지능IOT융합전공,디지털신호처리,3,3,"본 교과에서는 이산신호를 해석하는데 필요한 분석 도구를 학습한다. 이산시 신호와 시스템의 분류, 콘볼루션을 복습하고, 차분 방정식, 그리고 쌍방향 Z변환, 이산시 푸리에 변환, 이산 푸리에 변환, 연속시 신호의 이산시 처리, 임펄스 인베리언스, 그리고 이산시 시스템의 설계와 분석등을 학습한다. 또한 웨이브릿 변환을 포함한 multi-rate 신호처리 기법에 대하여도 학습한다."
2학년,2학기,1전선,HAEM0013,지능IOT융합전공,데이터통신,3,3,"이 과목은 데이터 통신 네트워크와 OSI (Open System Interconnection) 모델의 기본 개념에 대해서 공부한다. OSI 모델은 물리계층에서부터 응용계층까지의 7개의 계층으로 구성되어 있으며, 각각 단계의 기능과 개념과 함께 여러 실례(LAN: Local Area Networks, 인터넷, ISDN: integrated services digital networks과 같은 실제적인 예)에 대해 이해한다."
2학년,2학기,1전선,HAEM0014,지능IOT융합전공,마이크로프로세서,3,3,"본 과목에서는 대부분의 현대적인 전자 기기에 사용되는 마이크로프로세서의 동작 원리 및 응용 기술에 대하여 가르친다. 본 과목에서 다루는 기술적인 사항은 다음과 같다. 마이크로프로세서의 구조, 명령어 집합, 어셈블리 프로그램, 예외 및 인터럽트 처리, 메모리의 구조, 주변 장치의 구조 등이다."
2학년,2학기,1전선,HAEM0015,지능IOT융합전공,유닉스시스템,3,3,"본 과목은 서버, 데스크톱, 임베디드, IoT 등의 시스템에서 현재 가장 널리 사용되는 운영체제인 유닉스 시스템에 대하여 공부한다. 본 과목에서 다루는 기술적인 사항은 다음과 같다. 유닉스 명령어, 쉘, 파일 입출력, 파일 및 디렉토리, 프로세스 환경, 프로세스 제어, 프로세스간 통신 등이다. 학생들은 리눅스 시스템에서 다양한 프로그래밍 실습을 통하여 본 과목에서 배우는 이론을 연습한다."
3학년,1학기,1전선,HAEM0016,지능IOT융합전공,인공지능과빅데이터,3,3,"본 교과에서는 기계학습을 포함한 다양한 인공지능 알고리즘을 소개하고 이를 적용하는 방법들을 학습한다. 주 내용은 통계적인 분석방법을 통한 기계학습 기법과 신경망을 근간으로 하는 인공 신경망 및 딥러닝 알고리즘 등을 다룬다.
또한 통계 분석 또는 인공 지능을 활용한 빅데이터 처리에 대한 실습을 통해 관련 지식을 학습한다."
3학년,1학기,1전선,HAEM0017,지능IOT융합전공,통신공학,3,3,"신호의 송수신 개념, 아날로그 전송 및 샘플링, 펄스 변조 등의 기본적인 통신이론을 습득하도록 한다. - AM 송수신, FM 전송 및 수신, PCM 통신에 관련된 기본 개념을 이해한다."
3학년,1학기,1전선,HAEM0018,지능IOT융합전공,멀티미디어신호처리,3,3,"본 교과에서는 디지털신호처리 이론을 바탕으로 멀티미디어 신호인 음향과 정지영상, 동영상에 대한 다양한 신호처리 기법을 학습한다. 다양한 필터링 기법과 멀티미디어의 압축과 관련된 기법에 대해서 학습한다."
3학년,1학기,1전심,HAEM0019,지능IOT융합전공,지능형영상처리,3,3,본 과목은 인공지능 시스템에서 영상 데이터 처리를 할 때 필요한 기술을 다룬다. 지능형 시스템을 구축할 때 가장 핵심 데이다양한 문제를 해결하는 기술을 다룬다. 본 과목에서 학생들은 디지털 신호처리 기술을 기반으로 영상처리 기술을 익히고 지능형 시스템에 적용할 때 필요한 기술을 익힌다.
3학년,1학기,1전심,HAEM0020,지능IOT융합전공,IOT보안,3,3,이 과목의 목적은 사물 인터넷 (IoT)을 위한 사이버 보안 분야의 새로운 발전에 학생들에게 소개하는 것이다. 또한 사물 인터넷의 보안 및 윤리 문제에 대한 지식과 이해를 다룬다.
3학년,2학기,1전심,HAEM0021,지능IOT융합전공,실시간커널,3,3,"본 과목은 임베디드시스템, IoT 시스템, 웨어러블 시스템, 로봇 시스템 등의 구현에 필수적으로 사용되는 실시간 커널을 설계하고 구현하는 기술을 다룬다. 본 과목에서 배우는 기술적인 사항은 다음과 같다. 실시간성의 개념, 쓰래드 관리, 시간 관리, 신호 관리, 타이머 관리, 세마포 및 뮤텍스 관리, 메모리 관리 등이다."
3학년,2학기,1전심,HAEM0022,지능IOT융합전공,컴퓨터네트워크,3,3,"인터넷 프로토콜 스텍의 HTTP, FTP와 같은 어플리케이션 계층 프로토콜, TCP와 UDP의 트랜스포트 계층 프로토콜, IP 네트워크 계층 프로토콜 및 이더넷, ATM 등의 데이터링크 계층에서의 프로토콜들에 대한 이해와 인터넷에서의 트래픽 전송 특성 등에 대해 이해한다"
3학년,2학기,1전선,HAEM0023,지능IOT융합전공,지능형오디오처리,3,3,음성과 오디오신호에 대한 이해와 분석 처리와 관련된 실습을 수행한다.
3학년,2학기,1전선,HAEM0024,지능IOT융합전공,패턴인식,3,3,"본 교과에서는 자동적 패턴 인식 시스템을 설계하는데 연관되는 컴퓨터, 정보 과학, 그리고 공학적인 측면을 다룬다. 패턴 인식은 데이터로부터 중요한 특징이나 속성을 추출하여 입력 데이터를 식별할 수 있는 부류로 분류하는 것으로 정의될 수 있으며, 이러한 특징이나 속성을 추출하고 분류하기위한 방법론을 학습한다."
3학년,2학기,1전선,HAEM0032,지능IOT융합전공,멀티미디어데이터분석,3,3,멀티미디어 신호(영상 및 음향)에 대한 특성을 이해하고 실제 응용분야에 기술을 적용하기 위한 기초 신호 해석 기술을 학습한다. 또한 멀티미디어 데이터를 다루기위한 시스템을 이해한다.
4학년,1학기,1전심,HAEM0025,지능IOT융합전공,캡스톤디자인1,3,3,본 교과에서는 지능IOT융합전공에서 배운 이론과 실기를 바탕으로 사물인터넷 분야에서 실무적 문제해결 능력을 키운다.
4학년,1학기,1전심,HAEM0026,지능IOT융합전공,임베디드시스템,3,3,"본 과목은 임베디드시스템을 구성하는 하드웨어 및 소프트웨어의 동작 원리 및 응용 방법에 대하여 공부한다. 본 과목에서 다루는 기술적인 사항은 다음과 같다. 임베디드 하드웨어의 구조, 임베디드 소프트웨어의 구조, 통신 소프트웨어 구조, 다양한 주변 장치의 구조, 다양한 센서의 구조 등이다."
4학년,1학기,1전심,HAEM0027,지능IOT융합전공,컴퓨터비전,3,3,"본 교과에서는 컴퓨터에 시각적 지능을 구현하는 방법들을 익힌다. 인간의 시각 시스템을 파악하고 카메라에서의 영상의 형성 모델, 신호의 양자화, 영역분할, 에지와 라인 추출, 카메라 캘리브레이션, 3차원 자세 및 형상 추정 (컨투어 이용법, 스테레오 이용법, 모션 이용법), 형상 분석 및 개체 인식, 형상 표현 및 정합, 내비게이션, DEM 제작, 멀티미디어를 비롯한 여러 응용 분야에 대하여 학습한다."
4학년,2학기,1전심,HAEM0028,지능IOT융합전공,캡스톤디자인2,3,3,본 교과에서는 지능IOT융합전공에서 배운 이론과 실기를 바탕으로 지능형 로봇 분야에서 실무적 문제해결 능력을 키운다.
1학년,1학기,1전선,HASW0001,SW융합학부,SW융합개론,3,3,"소프트웨어융합과 관련된 개념 및 이론, 기술들에 대한 입문 과목으로서 컴퓨터 HW와 SW, SW 융합 기술 및 이를 활용한 다양한 콘텐츠 제작 기술 등에 대해 폭넓게 소개한다."
1학년,2학기,1전선,HASW0002,SW융합학부,SW영어1,3,3,소프트웨어와 관련된 기술을 영어로 이해하고 표현할 수 있는 능력을 키운다.
1학년,1학기,1전선,HAGF0002,게임전공,게임프로그래밍입문,3,3,"본 교과목은 변수, 배열, 포인터 등의 자료 저장 방법과 반복문, 선택문, 함수 호출 등에 따른 프로그램의 흐름을 소개하고, 이를 바탕으로 학생들은 간단한 논리구조를 가지는 다양한 예제를 실습한다."
1학년,1학기,1전선,HAGF0006,게임전공,게임학개론,3,3,"본 교과목은 게임의 역사, 분류, 구성 요소 및 제작 과정에 대한 내용을 소개한다."
1학년,1학기,1전선,HAGF9211,게임전공,C프로그래밍,3,3,"본 교과목은 변수, 배열, 포인터 등의 자료 저장 방법과 반복문, 선택문, 함수 호출 등에 따른 프로그램의 흐름을 소개하고, 이를 바탕으로 학생들은 간단한 논리구조를 가지는 다양한 예제를 실습한다."
1학년,2학기,1전선,HAGF0003,게임전공,게임수학,3,3,"본 교과목은 수학에서 다루고 있는 다양한 개념 및 기본원리를 소개하고, 이러한 지식을 이해하여 게임 분야에 응용할 수 있는 능력을 배양한다."
1학년,2학기,1전선,HAGF0008,게임전공,JAVA프로그래밍,3,3,"본 교과목은 기초 프로그래밍에서 살펴본 자료 저장 방법과 프로그램의 흐름에 대한 학습내용을 바탕으로, 클래스, 상속, 다형성, 메소드 오버로딩과 같은 객체지향언어의 특징에 대해 소개한다."
1학년,2학기,1전선,HAGF0038,게임전공,게임컨셉디자인,3,3,"본 교과목은 게임의 재미 및 방향성에 관한 초기 컨셉을 설정하는 방법에 대해 학습한다. 이를 위해 게임 아이디어를 발굴하고, 게임으로 발전시키기 위해 구체화시키고, 이를 초기 게임 기획서로 작성하는 능력을 배양한다."
2학년,1학기,1전선,HAGF9216,게임전공,게임시스템구조의이해,3,3,"게임이 실행되는 컴퓨터의 기본적인 구성요소들인 중앙처리장치, 메모리, 입출력장치 간의 역할 및 , 이진 논리회로를 기반으로 한 구동원리를 이해한다. 이러한 컴퓨터 구조를 기반으로 게임이 실행될 수 있는 다양한 시스템 플랫폼을 이해하고, 플랫폼 특성에 따른 운영체제의 기본적인 구성과 특징을 이해한다."
2학년,1학기,1전선,HAGF9217,게임전공,게임객체지향프로그래밍,3,3,"본 교과목은 기본 프로그래밍을 익힌 학생들을 상대로 C++ 언어에 대해서 강의한다. C++ 언어의 개넘, 사용 환경 및 기본 문법을 소개한다. C++언어를 이용하여 객체 지향 언어의 전반적인 개넘에 대해서도 학습하게 된다."
2학년,1학기,1전선,HAGF9223,게임전공,확률과통계,3,3,"본 교과목은 확률적으로 발생하는 데이터의 생성과 처리, 통계적 모델을 설정하는 기법들을 익히며 실험을 통해 얻어진 데이터의 분석 및 처리 능력을 익힌다."
2학년,1학기,1전선,HAGF9225,게임전공,게임자료구조,3,3,"본 교과목은 리스트, 스택, 큐, 트리, 그래프와 같이 자료를 컴퓨터에서 효율적으로 표현하는 방법과 이와 관련된 정렬, 탐색 등의 문제를 해결하려는 알고리즘에 대해 소개한다."
2학년,2학기,1전선,HAGF0007,게임전공,콘텐츠서비스디자인,3,3,본 교과목은 콘텐츠 서비스 제작의 기초이론을 바탕으로 콘텐츠 서비스를 기획 및 설계하게 한다. 이를 통해 콘텐츠 서비스 제작에 대한 이해 및 창작 능력을 배양한다.
2학년,2학기,1전선,HAGF0016,게임전공,게임소프트웨어개발1,3,3,본 교과목은 게임제작의 기초이론을 바탕으로 게임 시스템을 기획 및 설계하고 게임제작에 대한 전반적인 기술 및 전문용어 등을 습득하여 실무에 적용 가능한 심층적인 학습을 제공한다.
2학년,2학기,1전선,HAGF9219,게임전공,웹콘텐츠개발1,3,3,본 교과목은 콘텐츠 서비스 제작의 기초이론을 바탕으로 콘텐츠 서비스를 기획 및 설계하게 한다. 이를 통해 콘텐츠 서비스 제작에 대한 이해 및 창작 능력을 배양한다.
2학년,2학기,1전선,HAGF9222,게임전공,알고리즘,3,3,"본 교과목은 분할정복 기법, 동적 프로그래밍 기법, 그래프 문제 해결 기법과 같은 다양한 알고리즘을 살펴보고, 이러한 알고리즘을 직접 실세계에 응용할 수 있는 능력을 배양한다."
2학년,2학기,1전선,HAGF9226,게임전공,게임서버프로그래밍입문,3,3,"본 교과목은 게임 서버 개발에 입문하기 위하여, 서버/백엔드 분야에 필요한 전반적인 이론을 학습하고 여러 실습을 통해 게임 서버 제작 기술을 익힐 수 있는 기본 능력을 배양한다."
3학년,1학기,1전심,HAGF0021,게임전공,게임소프트웨어개발2,3,3,본 교과목은 게임제작의 기초이론을 바탕으로 게임 시스템을 기획 및 설계하고 게임제작에 대한 전반적인 기술 및 전문용어 등을 습득하여 실무에 적용 가능한 심층적인 학습을 제공한다.
3학년,1학기,1전심,HAGF0024,게임전공,콘텐츠기획및프리젠테이션,3,3,"본 교과목은 다양한 디지털 콘텐츠의 개념을 이해하고 이를 기획하기 위한 환경, 정보 수집 및 분석, 아이디어 발상, 의사결정 계획 등의 기획 절차를 바탕으로 콘텐츠 기획서를 작성하고, 프리젠테이션을 준비할 수 있는 능력을 배양한다."
3학년,1학기,1전심,HAGF0028,게임전공,게임스토리텔링,3,3,"본 교과목은 게임의 주제, 세계관, 캐릭터, 사건, 매개체, 대사 등의 스토리텔링에 관한 내용을 학습한다."
3학년,1학기,1전선,HAGF9221,게임전공,웹콘텐츠개발2,3,3,"객체지향 분석, 설계 및 프로그래밍에 대한 고급개념을 바탕으로 객체지향 프로그래밍 언어의 특징과 기본을 배운다. 이를 통하여 응용 소프트웨어 시스템을 직접 개발하여 봄으로써 객체지향 패러다임을 이해하게 되며 고급객체지향 개념을 이용할 수 있는 소양을 쌓는다."
3학년,2학기,1전심,HAGF0022,게임전공,고급게임소프트웨어개발,3,3,본 교과목은 게임제작의 기초이론과 인공지능 이론을 바탕으로 게임 시스템을 기획 및 설계하고 게임제작에 대한 전반적인 기술 및 전문용어 등을 습득하여 실무에 적용 가능한 심층적인 학습을 제공한다.
3학년,2학기,1전심,HAGF0030,게임전공,콘텐츠비즈니스,3,3,"본 교과목은 디지털 콘텐츠의 개념과 이를 활용한 산업에 대해 이해하고, 콘텐츠 산업을 구성하고 있는 다양한 구성요소들과 각 콘텐츠 비즈니스의 핵심요소들을 습득한다."
3학년,2학기,1전심,HAGF9212,게임전공,게임심리학,3,3,"본 교과목은 게임이라는 가상현실의 다양한 상황 속에서 일어나는 현상들을 이해하고, 인과관계를 규명하고, 그런 현상을 예측하고 통제하는데 필요한 심리학적 이론들을 소개한다."
3학년,2학기,1전심,HAGF9218,게임전공,게임인공지능,3,3,"본 교과목은 인공지능의 핵심 기술인 탐색, 제약 만족 문제, 논리 프로그래밍, 기계 학습 기법, 딥러닝 기법에 대해 살펴보고, 이를 게임분야에 적용하여 새로운 게임 형태를 창출할 수 있는 능력을 배양한다."
4학년,1학기,1전선,HAGF0025,게임전공,캡스톤디자인1,3,3,"본 교과목은 게임 모바일 콘텐츠 분야의 산업체와 학생팀이 상호협력하여 프로젝트를 완성하도록 지원하면서, 학생들이 산업체에서 필요한 실무를 익히게 한다."
4학년,1학기,1전심,HAGF0027,게임전공,게임특강,3,3,"본 교과목은 게임 관련 핵심기술과 정보에 관한 최신 트렌드를 조사, 분석하고 세미나 형식으로 학습한다."
4학년,1학기,1전심,HAGF9227,게임전공,지능형혼합현실,3,3,본 과목은 메타버스를 구현하기 위한 지능형 가상현실 및 증강현실 기술의 핵심 요소와 이에 필요한 HW/ SW에 대해 이해하며 혼합현실을 위하여 활용될 수 있는 인간의 특성들에 대하여 탐구하고 실제로 구현하는 방법에 대해 학습하여 실제 제작하도록 한다.
4학년,2학기,1전선,HAGF0029,게임전공,캡스톤디자인2,3,3,"본 교과목은 게임 모바일 콘텐츠 분야의 산업체와 학생팀이 상호협력하여 프로젝트를 완성하도록 지원하면서, 학생들이 산업체에서 필요한 실무를 익히게 한다."
4학년,2학기,1전심,HAGF0036,게임전공,산업현장인턴십,3,3,본 교과목은 게임 모바일 콘텐츠 분야의 산업현장에서 학생들이 파트타임으로 일하면서 기업에 대한 올바른 이해 제고는 물론 기업에서 필요한 소양과 능력을 사전에 준비할 수 있는 기회를 제공한다.
전체학년,하계 특별학기(A),1전선,HATB0018,게임전공,게임프로그래밍입문(특별),3,3,
전체학년,하계 특별학기(A),1전선,HATB0038,게임전공,게임시스템구조의이해(특별),3,3,
1학년,1학기,1전선,HASW0001,SW융합학부,SW융합개론,3,3,"소프트웨어융합과 관련된 개념 및 이론, 기술들에 대한 입문 과목으로서 컴퓨터 HW와 SW, SW 융합 기술 및 이를 활용한 다양한 콘텐츠 제작 기술 등에 대해 폭넓게 소개한다."
1학년,2학기,1전선,HASW0002,SW융합학부,SW영어1,3,3,소프트웨어와 관련된 기술을 영어로 이해하고 표현할 수 있는 능력을 키운다.
1학년,1학기,1전선,HACT0001,애니메이션전공,게임엔진 기초,3,3,"이 과정은 학생들이 게임 개발, 인터랙티브 미디어 또는 애니메이션 프로젝트에 Unreal Engine과 같은 게임 엔진을 사용하는 방법에 대한 확실한 이해를 제공한다. 이론과 광범위한 실제 작업의 균형을 유지하여 학생들이 게임 및 대화형 게임에 직접 적용할 수 있는 기술을 개발할 수 있도록 함"
1학년,1학기,1전선,HACT0002,애니메이션전공,애니메이션 기초,3,3,"애니메이션의 기본 원리와 기법을 학생들에게 소개하는 기초 강좌. 이 과정에서는 타이밍, 간격, 스쿼시 및 스트레치와 같은 주요 개념을 포함하여 애니메이션 이론의 기본을 학습. 또한 예술 형식으로서의 애니메이션의 역사와 진화에 대해 학습
실습과 실습 프로젝트를 통해 학생들은 다양한 도구와 소프트웨어를 사용하여 애니메이션을 제작하는 실습 경험을 학습. 캐릭터 디자인, 스토리보드 및 프레임별 애니메이션의 원리를 탐구. 또한 애니메이션 작품을 분석하고 비평하는 비판적 안목을 개발하여 매체의 예술적, 기술적 측면을 이해하도록 한다. 
이 수업을 통해 애니메이션 원리와 기법에 대한 탄탄한 기초를 갖게 되며, 이를 통해 더 고급 과정을 준비하고 애니메이션 예술에 대한 더 깊은 이해를 갖추게 됨"
1학년,1학기,1전선,HACT0003,애니메이션전공,디지털 그래픽 기초,3,3,"애니메이션 전공 프로그램의 입문 수업.이 과정은 학생들에게 애니메이션 맥락에서 디지털 그래픽에 대한 기초적인 이해를 제공하도록 만들었으며, 일반적으로 다음의 주요 핵심내용이 있음. 
   
* 디지털 아트의 원리: 디지털 환경에서 예술 창작의 기본 개념을 이해
* 소프트웨어 도구 및 기술: Adobe Photoshop, Illustrator 등과 같은 디지털 그래픽용 업계 표준 소프트웨어를 소개하고, 여러 플랫폼을 탐색하고 기본 도구 및 기능을 사용하는 방법을 배우는 것이 포함
* 기본 그래픽 디자인: 색상 이론, 타이포그래피, 레이아웃 등 그래픽 디자인 요소를 살펴보고 이러한 요소가 디지털 미디어에 어떻게 적용되는지 학습
* 디지털 드로잉 및 페인팅: 학생들은 디지털 도구를 사용하여 드로잉, 스케치, 페인팅하는 방법을 배우고 전통적인 예술 기술을 디지털 영역으로 전환
* 이미지 편집 및 조작: 레이어, 마스킹, 필터를 포함하여 이미지를 편집하고 조작하는 기본 기술을 학습 

이 과정은 디지털 아트 및 애니메이션 기술에 대한 고급 연구의 토대를 마련함으로 애니메이션을 전공하는 학생들에게 매우 중요. 이론적 지식과 실제 기술을 결합하며 학생이 디지털 애니 세계로 첫 발을 내딛게 해주는 기본 수업"
1학년,1학기,1전선,HACT0004,애니메이션전공,모델링 기초,3,3,모델링 기초' 수업은 애니메이션과 시각효과에 있어서 중요한 기술인 3D 모델링의 본질을 학생들에게 가르치는 데 중점을 둔 기초 과목 이 과정은 애니메이션 학생들에게 3D 모델링의 강력한 기초를 제공하고 애니메이션 장면과 캐릭터의 구조적 기초를 만드는 데 필요한 기술을 갖추도록 고안. 수업은 이론적인 지식과 실제적인 실무 경험을 결합
1학년,2학기,1전선,HACT0017,애니메이션전공,라이팅앤렌더링,3,3,디지털 환경에서 조명 및 렌더링 장면을 만드는 예술과 과학을 가르치는 데 중점을 둔다. 디지털 미디어의 조명 및 렌더링의 복잡하고 미묘한 측면을 이해하고 숙달하는 데 도움이 됨. 이론적 지식과 실제 적용을 결합하여 학생들이 애니메이션과 게임의 실제 과제에 대비할 수 있도록 준비
1학년,2학기,1전선,HACT0018,애니메이션전공,애니메이션테크닉,3,3,"애니메이션 테크닉' 수업은 학생들에게 애니메이션의 기초와 고급 테크닉을 가르치기 위한 종합과목. 이 과정은 다양한 형태의 미디어에서 캐릭터와 장면을 생생하게 표현하는 데 필요한 기술을 개발하는 데 매우 중요. 움직임, 스토리텔링, 캐릭터 표현의 원리를 다루면서 학생들에게 전통 애니메이션 기술과 디지털 애니메이션 기술에 대한 철저한 이해를 제공하는 교과목"
1학년,2학기,1전선,HACT0019,애니메이션전공,캐릭터리깅,3,3,이 수업은 3D 모델을 위한 뼈 구조나 골격 프레임워크를 만들어 사실적으로 또는 양식화된 방식으로 움직일 수 있도록 하는 과정에 초점을 맞춘 전문 과목. 이 과정의 주요 목표는 학생들에게 애니메이션용 캐릭터를 조작하여 캐릭터가 움직이고 포즈를 취할 수 있도록 준비하는 방법을 가르치는 것. 여기에는 관절과 뼈의 역학을 이해하고 시뮬레이션된 환경에서 스킨과 클로스의 움직임과 어떻게 관련되는지 이해하는 것이 중요.
1학년,2학기,1전선,HACT0020,애니메이션전공,게임엔진 고급에셋활용,3,3,"이 수업은 학생들에게 게임 엔진 내에서 복잡한 자산을 효과적으로 활용하는 방법을 가르치고 게임 프로젝트의 시각적, 기능적 품질을 향상시키기 위해 만들어진 교과목으로 학생들에게 고품질의 효율적이며 몰입도 높은 게임 환경을 만드는 데 중점을 두고 게임 엔진의 다양한 에셋을 가져오고, 관리하고, 최적화하는 기술을 갖추도록 함."
2학년,1학기,1전선,HACT0007,애니메이션전공,카툰애니메이션,3,3,애니메이션 전공 2학년 학생들을 위한 '만화 애니메이션' 과정은 만화 스타일의 애니메이션을 제작하는 데 필요한 구체적인 기술과 창작 과정을 더욱 깊이 탐구하도록 설계. 이 과정은 1학년때 익힌 기본 기술을 바탕으로 만화 애니메이션 고유의 스타일과 표현 측면에 더 중점을 둔다. 학생들에게 만화적 캐릭터들의 스토리텔링 및 애니메이션에서 만화 예술의 독특한 미학을 강조하면서 매력적이고 표현력이 풍부한 만화 애니메이션을 제작할 수 있는 기술과 지식을 전수하는 교과목.
2학년,1학기,1전선,HACT0008,애니메이션전공,애니메이션스토리텔링,3,3,애니메이션 스토리텔링'은 영화 제작과정의 기초영상문법을 바탕으로 한 수업. 이 과정은 특히 애니메이션 맥락 내에서 스토리텔링의 독특한 측면을 탐구하는 수업. 애니메이션을 통해 생생하게 전달되는 설득력 있는 내러티브를 제작할 수 있는 기술을 학생들에게 갖추는 것을 목표. 영화 스토리텔링의 원리와 애니메이션이 제공하는 독특한 가능성을 혼합하여 애니메이션이라는 매체를 통해 매력적이고 정서적으로 공감되는 이야기를 전달할 수 있는 학생들의 능력을 개발하는 교과목.
2학년,1학기,1전선,HACT0033,애니메이션전공,Blender project,3,3,"""블렌더 프로젝트"" 수업은 학생들에게 종합적인 오픈 소스 3D 소프트웨어인 블렌더(Blender)를 직접 사용해 볼 수 있는 경험을 제공하기 위해 고안된 전문 과정으로 학생들에게 블렌더를 효과적으로 활용하여 상세한 3D 모델, 애니메이션 및 렌더링된 장면을 만드는 방법을 가르치는 것을 목표로 함. 따라서 이 수업의 주요 목표는 학생들이 모델링, 텍스처링, 리깅, 애니메이션 및 렌더링을 포함하여 3D 제작의 모든 단계를 다루는 Blender를 사용하여 완전한 프로젝트를 수행할 수 있도록 하는 것."
2학년,1학기,1전선,HACT0034,애니메이션전공,게임엔진애니메이션1,3,3,"""게임 엔진 애니메이션"" 수업은 게임 엔진 환경 내에서 애니메이션을 적용하는 특정 기술과 원리에 중점을 두며, 게임 개발에서 전통적인 애니메이션 기술과 실시간 애니메이션의 기술적 요구 사항 간의 격차를 해소하기 위한 교과목. 학생들에게 게임 엔진에서 애니메이션을 생성, 구현 및 최적화하는 기술을 제공하여 게임과 애니메이션에서 실시간 렌더링에 효과적이고 효율적인 작업 능력을 가르치기 위한 교과목"
2학년,2학기,1전선,HACT0021,애니메이션전공,게임애니메이션,3,3,"이 수업은 캐릭터 애니메이터를 위해 비디오 게임을 위한 높은 수준의 액션 기술을 만들고 구현하는 데 중점을 두며, 이 과정은 게임의 상호 작용 특성에 기본이 되는 역동적이고 매력적이며 반응이 빠른 동작과 동작을 애니메이션화하는 기술과 과학을 학생들에게 가르치기 위해 만든 수업. 학생들에게 게임 메커니즘, 플레이어 상호 작용 및 실시간 렌더링의 고유한 요구 사항을 강조하면서 정교하고 고품질의 비디오 게임 애니메이션을 제작할 수 있는 기술을 교육"
2학년,2학기,1전선,HACT0023,애니메이션전공,Compositing,3,3,"영화 및 애니메이션 교육의 '합성'이라는 과목은 실사 영상과 컴퓨터 생성 이미지(CGI)를 결합하는 기술과 원리에 초점을 맞춘 전문 과목. 이 과정은 현대 영화 제작에서 실제 요소와 가상 요소를 완벽하게 혼합하는 데 필요한 예술과 기술을 가르치기 때문에 시각 효과, 애니메이션 또는 영화 제작 분야에서 경력을 쌓는 학생들에게 필수적인 수업. 학생들에게 실사 및 CGI 요소를 합성하여 실제 세계와 가상 세계를 모두 통합하는 믿을 수 있는 장면을 만드는 기술을 습득하게 하고, 시각적 일관성의 예술적 측면과 합성에 사용되는 소프트웨어 및 도구의 기술적 측면을 모두 이해시키는 교과목."
2학년,2학기,1전선,HACT0035,애니메이션전공,애니메이션스토리메이킹,3,3,"이 수업은 애니메이션에 특화된 매력적인 내러티브의 개념화, 기획 및 제작에 중점을 두고 학생들의 스토리텔링 능력을 개발하기 위해 만든 과정.  이 수업은 애니메이션의 중추로서 스토리의 중요성을 강조하며 학생들에게 청중의 공감을 불러일으키고 시각적 경험을 향상시키는 스토리를 만드는 방법을 학습시킨다. 또한 학생들이 애니메이션 영화, 시리즈 또는 단편을 위한 흥미롭고 독창적인 스토리를 구상, 개발 및 구성하는 기술을 갖추도록 하며, 풍부한 상상력으로  환상적인 내러티브의 잠재력을 고려하여 애니메이션 스토리텔링의 고유성을 베우는 교과목."
2학년,2학기,1전선,HACT0036,애니메이션전공,게임엔진애니메이션2,3,3,"이 과정은 첫 번째 부분에서 습득한 기본 기술을 바탕으로 게임 엔진 내에서 애니메이션의 보다 정교한 기술과 응용을 더 깊이 탐구합니다. 게임 엔진 애니메이션에 대한 기본적인 이해가 있고 기술을 더욱 향상시키려는 학생들을 위해 만든 교과목으로, 게임 내 애니메이션의 상호 작용성, 사실성 및 전반적인 품질 향상에 중점을 두고 게임 엔진 내에서 복잡한 애니메이션을 만들고 구현하는 학생들의 기술을 향상시키는 수업."
3학년,1학기,1전심,HACT0009,애니메이션전공,단편애니메이션기획,3,3,"단편 애니메이션 제작의 사전 제작 및 기획 단계를 이해하는 과정. 컨셉 개발부터 스토리보드 작성 및 사전 시각화에 이르기까지 모든 것을 다루면서 자신의 아이디어를 일관되고 효과적인 단편 애니메이션으로 개발하는 과정을 학습한다. 자신만의 애니메이션 필름을 제작하려는 학생들에게 매우 중요하며, 창의적인 아이디어를 실현 가능한 애니메이션 프로젝트로 전환하기 위한 체계적인 접근 방식을 제공. 이 수업은 성공적인 제작을 위한 토대를 마련하여 학생들이 후속 제작 단계에서 자신의 비전을 실현할 수 있도록 도와주는 교과목."
3학년,1학기,1전심,HACT0010,애니메이션전공,크리처애니메이션,3,3,"이 수업은 영화와 애니메이션에서 인간이 아닌 캐릭터, 특히 생물과 괴물을 애니메이션화하는 기술과 기술에 중점을 둔다. 이 과정은 학생들에게 환상적이고 상상력이 풍부한 생물체에 생명을 불어넣는 방법을 가르치고 이야기의 맥락 내에서 그들의 움직임이 믿을만하고 영향력이 있도록 표현할 수 있게 학습하는 테크니컬 수업. 각 생물의 해부학적 특성과 특성에 맞는 사실적이고 표현력이 풍부한 움직임을 만드는 데 중점을 두고 신화에 나오는 짐승부터 외계 괴물까지 다양한 생물을 애니메이션화할 수 있는 기술을 학생들에게 가르치는 교과목."
3학년,1학기,1전심,HACT0011,애니메이션전공,인터렉티브 CGI 1,3,3,"이 교과목은 인터랙티브 컴퓨터 생성 이미지(CGI) 콘텐츠 제작에 중점을 두며, 게임 엔진과 애니메이션에 대한 기초 지식을 바탕으로 비디오 게임, 가상 현실(VR), 대화형 설치 등 다양한 응용 프로그램에 필수적인 대화형 CGI 제작의 세부 사항을 탐구하도록 만든 과정. 애니메이션, 사용자 상호 작용 및 실시간 컴퓨팅의 통합을 강조하면서 대화형 CGI 프로젝트를 설계하고 개발하는 데 있어 학생들에게 포괄적인 이해와 실용적인 기술을 학습하는 교과목."
3학년,1학기,1전선,HACT0012,애니메이션전공,VFX project A,2,2,"본 과목은 애니메이션과 영화에서 시각효과(VFX)의 제작과 활용에 중점을 두며, 학생들이 VFX 개발 및 적용에 대한 실습 전문 지식을 습득하고 전문가 수준의 작품 제작을 목표로 하는 실용적인 프로젝트 중심 수업. 기술적 역량과 예술적 창의성을 결합하여 효과를 창출하는 기술적 능력을 양성. 이 과정은 학생들에게 애니메이션과 실사 영화 프로젝트 모두에 시각 효과를 디자인, 제작 및 통합하는 데 대한 포괄적인 지식과 실제 경험을 제공."
3학년,2학기,1전선,HABH0050,애니메이션전공,일본TV애니와표현기법,3,3,"일본은 전세계 애니메이션 시장의 60%를 차지하고 있는 강국이다. 최근 OTT를 통해 전 세계에 발신되고 있는 일본의 애니메이션은 그 영향력이 더욱 증가하고 있다. 영화, 드라마, 캐릭터, 게임 등의 원천소스가 되고 있는 애니메이션에 대한 수업은 대중문화콘텐츠 이해를 위해 반드시 필요하다. 본 교과목에서는 애니메이션 역사상 주요한 작품과 최근 방영되었거나 방영중인 TV애니메이션 작품 위주로 세계관, 캐릭터 조형, 내러티브 표현기법을 살펴본다."
3학년,2학기,1전선,HACT0016,애니메이션전공,VFX project B,2,2,"이 고급 과정은 ""VFX 프로젝트 A""를 완료한 학생들을 위해 강좌. VFX 프로젝트 A수업에서 습득한 기본 기술과 개념을 바탕으로 보다 복잡하고 정교한 시각 효과(VFX) 기술과 프로젝트의 실행에 중점을 둔다. 수업은 이러한 VFX 기술을 활용하여 영화와 애니메이션에 적합한 고품질 효과를 생성하는 것.  이 과정은 시각 효과 영역에서 탁월한 성과를 원하는 학생들에게 매우 중요. 영화, TV 프로그램, 광고 또는 애니메이션 전반에 걸쳐 적용할 수 있는 VFX 업계의 전문 경력에 필요한 고급 기술과 실제 프로젝트를 탐구."
3학년,2학기,1전심,HACT0025,애니메이션전공,Animation Workshop,2,2,"이 수업은 학생들에게 이전 교과 과정에서 배운 애니메이션 기술을 적용 및 통합하고 워크숍 환경에서 기술을 연마할 수 있는 기회를 제공. 다양한 애니메이션 방법과 원리에 대한 학생들의 이해력과 전문성을 향상시키는 학습과정. 주로 애니메이션 프로젝트 개발을 중심으로 하며, 기술적인 능력을 향상시킬 뿐만 아니라 미래의 경력을 쌓기 위한 실용적인 기술을 전수하는 교과목."
3학년,2학기,1전심,HACT0027,애니메이션전공,인터랙티브 CGI 2(캡스톤디자인),2,2,"""인터랙티브 CGI 2""는 인터랙티브 미디어, 게임 개발, VR/AR 개발 또는 인터랙티브 컴퓨터 생성 이미지 제작에 고급 기술이 필요한 모든 분야를 전문으로 하고자 하는 학생들을 위한 중추적인 과정. 이 수업은 이전 과정에서 얻은 기본 지식과 기술을 바탕으로 대화형 컴퓨터 생성 이미지(CGI) 생성에 대해 더 깊이 학습. 여기에는 고급 프로그래밍 기술, 정교한 사용자 상호 작용 디자인, 더욱 복잡한 애니메이션과 효과의 통합을 포함하며, 교과 과정은 대화형 CGI의 보다 복잡한 측면에 중점을 둔다."
3학년,2학기,1전심,HACT0047,애니메이션전공,단편 story reels,3,3,"""단편 스토리 릴"" 과정은 스토리보드 애니메이션화와 포괄적인 애니메이션 제작을 위한 기초 작업 마무리에 대한 실용적인 통찰력을 제공. 애니메이션 졸업작품을 준비하는 학생들에게 필수과목. 이 과정의 초점은 사전 시각화와 최종 애니메이션 사이의 연결 역할을 하는 역동적이고 일관된 시각적 내러티브를 만드는 데 있음.  타이밍, 속도, 오디오 요소를 통합하여 스토리보드를 애니메이션 스토리 릴로 전환하는 데 필요한 기술과 지식을 학생들에게 제공하여 매력적인 내러티브 흐름을 만드는 데 중점을 가지는 교과목"
4학년,1학기,1전선,HACT0013,애니메이션전공,CG Workshop 1,2,2,이 수업은 컴퓨터 그래픽의 다양한 측면에 대한 학생들의 기술과 이해를 심화시키기 위해 만든 과정. 학생들이 고급 CG 기술을 적용하여 정교하고 전문적인 수준의 작품을 만드는 실습형 프로젝트 기반 학습에 중점을 둔다.
4학년,1학기,1전심,HACT0015,애니메이션전공,Short Film Animation 1,2,2,"학생들이 자신만의 단편 애니메이션을 제작하기 위해 이수하는 수업. 이 과정은 학습 전반에 걸쳐 습득한 기술과 지식의 정점을 나타내며 학생들은 이를 포괄적인 프로젝트에 적용할 수 있음. 초기 컨셉부터 최종 제품까지 완벽하고 세련된 애니메이션을 만드는 데 수업의 목표가 있음. 학생들이 자신의 기술적 능력, 스토리텔링 능력 및 개인적인 예술적 스타일을 보여주는 단편 애니메이션 영화를 개념화, 계획 및 제작할 수 있게 만든다."
4학년,1학기,1전심,HACT0026,애니메이션전공,3D Effect,3,3,플랫폼 내에서 3D 효과를 생성하고 구현하는 데 중점을 둔 수업. 고급 3D 효과를 사용하여 게임이나 대화형 미디어의 시각적 매력과 몰입형 경험을 향상시키려는 사람들에게 매우 중요. 학생들에게 다이나믹 3D 효과를 만들고 게임 엔진에 통합하여 게임이나 기타 3D 대화형 응용 프로그램의 시각적 품질과 상호 작용성을 향상시키는 기술을 학습하는 교과목
4학년,2학기,1전심,HACT0028,애니메이션전공,Unreal 고급릴 제작,2,2,"언리얼 고급 릴 제작'은 4학년 애니메이션 학생들을 위한 전문 과정으로, 대표적인 게임 엔진인 언리얼 엔진의 고급 활용을 통해 고품질 애니메이션 릴을 제작하는 데 중점을 두고 있음. 이 수업은 자신의 재능과 기술적 능력을 보여주는 전문가 수준의 릴 제작 기술을 연마하는 것을 목표로 애니메이션과 언리얼 엔진에 대한 기초적인 이해를 갖춘 학생들을 위한 교과목."
4학년,2학기,1전심,HACT0029,애니메이션전공,Short Film Animation 2,2,2,"학생들이 자신만의 단편 애니메이션을 제작하기 위해 이수하는 수업. 이 과정은 학습 전반에 걸쳐 습득한 기술과 지식의 정점을 나타내며 학생들은 이를 포괄적인 프로젝트에 적용할 수 있음. 초기 컨셉부터 최종 제품까지 완벽하고 세련된 애니메이션을 만드는 데 수업의 목표가 있음. 학생들이 자신의 기술적 능력, 스토리텔링 능력 및 개인적인 예술적 스타일을 보여주는 단편 애니메이션 영화를 개념화, 계획 및 제작할 수 있게 만든다."
4학년,2학기,1전선,HACT0030,애니메이션전공,CG Workshop 2,2,2,이 수업은 컴퓨터 그래픽의 다양한 측면에 대한 학생들의 기술과 이해를 심화시키기 위해 만든 과정. 학생들이 고급 CG 기술을 적용하여 정교하고 전문적인 수준의 작품을 만드는 실습형 프로젝트 기반 학습에 중점을 둔다.
1학년,1학기,1전선,HASW0001,SW융합학부,SW융합개론,3,3,"소프트웨어융합과 관련된 개념 및 이론, 기술들에 대한 입문 과목으로서 컴퓨터 HW와 SW, SW 융합 기술 및 이를 활용한 다양한 콘텐츠 제작 기술 등에 대해 폭넓게 소개한다."
1학년,2학기,1전선,HASW0002,SW융합학부,SW영어1,3,3,소프트웨어와 관련된 기술을 영어로 이해하고 표현할 수 있는 능력을 키운다.
1학년,1학기,1전선,HABH0001,한일문화콘텐츠전공,일본문화의이해,3,3,"일본의 문화콘텐츠를 이해하고 나아가 한국의 문화콘텐츠와의 공통점과 차이점을 이해하기 위한 기본적인 소양을 기른다. 역사별 일본 문화 콘텐츠의 종류와 특징을 알아보고 정치 사회적 요인에 따라 문화콘텐츠가 어떻게 만들어지고 향유되어 왔는가를 고찰한다. 일본의 의식주와 같은 일상생활을 비롯한 마츠리, 다도, 스모, 회화, 연중행사 등를 알아보고 한국과의 공통점과 차이점을 논의하여 양국의 문화콘텐츠를 이해하기 위한 기초를 마련한다."
1학년,1학기,1전선,HABH0002,한일문화콘텐츠전공,베이직일본어1,3,3,일본어 입문과정으로서 초급의 전반적인 ‘읽고’ ‘쓰고’ ‘말하고’ ‘듣는’ 종합적인 기초능력을 습득한다.
1학년,1학기,1전선,HABH0034,한일문화콘텐츠전공,여가콘텐츠와일본현대문화,3,3,"문화유산, 도시문화 등의 여가콘텐츠를 학습하고 경험함으로써 일본 현대 문화콘텐츠 전반에 대한 이해를 높이는 것을 목표로 한다."
1학년,1학기,1전선,HABH0040,한일문화콘텐츠전공,문화콘텐츠입문,3,3,"문화콘텐츠 학습 전반에 필요한 기초적인 개념을 정립한다. 우리 주변에서 실제 접하는 문화콘텐츠의 다양한 사례를 살펴보고, 인접 학문과의 융합이라는 측면에서 문화콘텐츠의 방향성에 대해 모색한다."
1학년,2학기,1전선,HABH0003,한일문화콘텐츠전공,콘텐츠기획과문화융합,3,3,"일본문화콘텐츠를 시대적, 문화적, 산업적 측면에서 총체적으로 살펴보고, 콘텐츠 강국 일본이 형성되는 배경을 문화콘텐츠의 핵심 키워드인 상상력과 기획을 통해 이해한다."
1학년,2학기,1전선,HABH0004,한일문화콘텐츠전공,베이직일본어2,3,3,베이직 일본어 1의 학습 내용에 이어 초급 후반까지의 ‘읽고’ ‘쓰고’ ‘말하고’ ‘듣는’ 종합적인 기초력을 습득한다.
1학년,2학기,1전선,HABH0048,한일문화콘텐츠전공,언어와컴퓨터,3,3,인간의 언어체계를 이해하고 언어 공학을 바탕으로 컴퓨터에서 언어가 응용되는 과정 및 방법을 학습함으로써 인공지능 시대에 필요한 언어학적 지식과 소프트웨어와의 융합능력을 갖춘다.
1학년,2학기,1전선,HABH0051,한일문화콘텐츠전공,기초일본어회화와작문실습,3,3,ㅇㄴ혼ㅅ어ㅗ허ㅏㅏㅕㅛㅗㅡㅏㅇ노ㅗㅛㅘㅡㅛㅏㅗ
2학년,1학기,1전선,HABH0005,한일문화콘텐츠전공,한일대중문화콘텐츠의이해,3,3,한국과 일본의 다양한 대중문화의 콘텐츠를 이해하고 비교 분석하여 경쟁력을 가진 새로운 문화콘텐츠에 적용할 수 있는 능력을 기른다.
2학년,1학기,1전선,HABH0006,한일문화콘텐츠전공,문화여행과SW콘텐츠기획,3,3,최근 문화트랜드를 반영한 문화콘텐츠 기반 여행문화 소재를 발굴하고 이를 지식콘텐츠화 하는 프로젝트를 통해 인문-SW융합적인 디지털콘텐츠 기획 역량을 기른다.
2학년,1학기,1전선,HABH0007,한일문화콘텐츠전공,한일언어와행동문화,3,3,"언어행동에 대한 이론적 기반을 구축하고, 한국어와 일본어에 나타나는 언어행동 및 비언어행동을 비롯해 언어생활, 경어행동 등의 특징과 차이에 대해 학습한다."
2학년,1학기,1전선,HABH0014,한일문화콘텐츠전공,커뮤니케이션일본어1,3,3,"베이직일본어 1, 2에서 습득한 기초력을 바탕으로 중급 초반 일본어를 종합적으로 학습하고 소통 능력을 높이도록 연습한다."
2학년,1학기,1전선,HABH0024,한일문화콘텐츠전공,한일문화트렌드,3,3,"문화와 사회는 늘 새로운 변화가 나타나고 그에 따른 관심사가 달라진다. 한국과 일본의 다양한 문화적, 사회적 변화를 감지하고 그 의미를 해석함으로써 미래 사회, 산업, 문화의 모습을 예측하고 대응하는 힘을 기른다."
2학년,1학기,1전선,HABH0054,한일문화콘텐츠전공,일본문학과문화,3,3,"일본을 대표하는 근현대 작가의 작품을 통해 메이지, 타이쇼, 쇼와 시대의 일본인들의 삶을 알아보는 수업이다. 문명 개화기부터 현대까지의 일본의 사회상, 생활상, 사고 등은 어떠했는지 생각해보기로 한다."
2학년,2학기,1전선,HABH0009,한일문화콘텐츠전공,커뮤니케이션일본어2,3,3,커뮤니케이션일본어 1의 학습 내용에 이어 중급 후반까지의 일본어를 종합적으로 학습하고 소통 능력을 높이는 연습을 한다.
2학년,2학기,1전선,HABH0012,한일문화콘텐츠전공,추리텍스트의미디어콘텐츠활용,3,3,"일본 추리소설에 내재된 스토리텔링의 구조와 기본 원리를 습득하고, 다양한 디지털 미디어에서 활용되는 양상을 통해 대중의 기호를 분석 예측하는 역량을 키운다."
2학년,2학기,1전선,HABH0038,한일문화콘텐츠전공,문화코드와콘텐츠,3,3,빅데이터 분석을 통해 방대한 정보량과 복잡성을 가진 문화콘텐츠를 이해하고 새로운 문화콘텐츠를 생산할 수 있는 능력을 기른다. 빅데이터를 활용해 문화콘텐츠 코드 추출 기법을 알고 문화콘텐츠가 가진 메타적 의미를 이해할 수 있다.
2학년,2학기,1전선,HABH0047,한일문화콘텐츠전공,문화콘텐츠와인공지능,3,3,문화콘텐츠 분야의 인공지능 활용 사례를 통해 사용현장을 파악한다. 인공지능에 대한 기본지식을 배우면서 학생 스스로 문화콘텐츠 분야에서 향후 어떤 인공지능 활용이 가능한지 살펴본다.
2학년,2학기,1전선,HABH0052,한일문화콘텐츠전공,초?중급일본어마스터,3,3,"일본어 기초 및 중급과정에서의 언어 4기능(듣기, 읽기, 쓰기, 말하기)을 비롯해 단계별 어휘와 문법, 문형을 익힌다. 이를 통해 일상생활에 필요한 일본어 의사소통능력을 기르고 동시에 일본어능력시험(JLPT) 2급을 취득할 수 있는 능력을 갖추도록 한다."
2학년,2학기,1전선,HAFU0016,한일문화콘텐츠전공,영상콘텐츠제작과한일문화교류,3,3,"본 수업은 한일문화콘텐츠학과와 경영학과가 개설하는 융?복합 수 업임. 한일 문화콘텐츠산업 및 중요 사례들을 통한 이해를 기반으로, UX(User Experience) 중심의 문화콘텐츠 개발방법론 및 마케팅 에 관련된 중요 기초콘셉트, 이론, 프레임워크를 이해한다. 이를 기반으로 한일문화콘텐츠 개발을 비롯해 문화마케팅 전략 및 실행 계획을 수립하는 워크숍을 가진다."
3학년,1학기,1전심,HABH0017,한일문화콘텐츠전공,한일영상문화비교,3,3,"한국과 일본의 영화, 드라마 등 다양한 영상콘텐츠를 한일 간 문화적 차이에 대하여 비교하고 스토리텔링의 관점에서 분석하여 창의적인 콘텐츠를 기획하기 위한 능력을 배양한다."
3학년,1학기,1전심,HABH0018,한일문화콘텐츠전공,이문화커뮤니케이션,3,3,이문화간 접촉 장면에서 발생하는 유형을 파악하여 의사소통 과정에서 발생하는 오해를 방지하고 보다 효율적으로 자신의 의사를 전달하는 능력을 배양한다.
3학년,1학기,1전선,HABH0019,한일문화콘텐츠전공,매스미디어일본어,3,3,각종 매스미디어를 활용하여 일본어의 독해와 청해 능력을 향상시킨다.
3학년,1학기,1전선,HABH0020,한일문화콘텐츠전공,일본애니메이션분석과스토리텔링,3,3,일본 애니메이션을 시대배경과 선행자료를 참고로 분석하는 방법을 배운다. 그리고 애니메이션에 관련하여 스토리텔링을 시도한다.
3학년,1학기,1전심,HABH0021,한일문화콘텐츠전공,동아시아공연예술,3,3,"한국과 일본의 고전 문학작품, 설화 등을 통해 한국과 일본의 고전서사의 문화적 특성을 이해하고 그 기초 위에서 한국과 일본의 고전서사가 문화콘텐츠로 어떻게 변용될 수 있는지를 살펴보고 창조적 응용 능력을 배양한다."
3학년,1학기,1전심,HABH0029,한일문화콘텐츠전공,취업일본어실습,3,3,"다양한 비즈니스 현장에서 필요한 기본 표현이나 매너 등을 학습해, 상황에 따라 적절한 커뮤니케이션을 할 수 있도록 연습한다. 일본의 IT ? 콘텐츠 분야, 기타 일본 관련 현지 취업이나 국내 취업의 정보를 조사해 준비한다."
3학년,1학기,1전선,HABH0041,한일문화콘텐츠전공,동영상플랫폼과콘텐츠문화,3,3,한국과 일본에서 유튜브 등 동영상플랫폼이 어떤 영향을 끼치며 어떻게 진화하고 있는지 다양한 활용양상을 이해하여 새로운 문화적 가치를 창출하는 콘텐츠를 기획 능력을 습득한다.
3학년,2학기,1전심,HABH0025,한일문화콘텐츠전공,K콘텐츠의글로벌화전략,3,3,"한국의 다양한 문화적 소재를 영상콘텐츠로 기획 및 제작하고, 이를 일본에 디지털플랫폼을 통해 유통하게 하여 한국과 일본의 문화교류를 촉진하는 가치 창출을 목표로 한다."
3학년,2학기,1전선,HABH0042,한일문화콘텐츠전공,베스트셀러와미디어스토리텔링,3,3,"웹툰, 영화, 애니메이션, 웹 콘텐츠, 모바일 콘텐츠 등 다양한 매체에 내재된 서사 분석과 스토리텔링 기법을 탐구하여 미디어스토리텔러로서의 역량을 기른다."
3학년,2학기,1전심,HABH0043,한일문화콘텐츠전공,한일콘텐츠산업분석,3,3,"한국과 일본의 콘텐츠산업에 대해서 기본적인 기업연구를 한다. 게다가, 각기업의 과제를 찾고 문제해결의 방법을 생각한다."
3학년,2학기,1전선,HABH0045,한일문화콘텐츠전공,문화융합과콘텐츠,3,3,"기존의 문화요소와 새로 전파된 다른 사회의 문화적 요소의 상호 작용으로 새로운 문화가 나타나는 문화융합에 대해 이해하고 나아가 문화적 요소와 기술적 요소, 서로 다른 분야가 조화를 이루어 만들어지는 다양한 융복합적 콘텐츠의 사례에 대해 학습한다. 학습한 사례에서 습득한 융합적 요소를 함께 생각해보고 이를 활용하여 창의적인 콘텐츠 제작을 해본다."
3학년,2학기,1전선,HABH0050,한일문화콘텐츠전공,일본TV애니와표현기법,3,3,"일본은 전세계 애니메이션 시장의 60%를 차지하고 있는 강국이다. 최근 OTT를 통해 전 세계에 발신되고 있는 일본의 애니메이션은 그 영향력이 더욱 증가하고 있다. 영화, 드라마, 캐릭터, 게임 등의 원천소스가 되고 있는 애니메이션에 대한 수업은 대중문화콘텐츠 이해를 위해 반드시 필요하다. 본 교과목에서는 애니메이션 역사상 주요한 작품과 최근 방영되었거나 방영중인 TV애니메이션 작품 위주로 세계관, 캐릭터 조형, 내러티브 표현기법을 살펴본다."
3학년,2학기,1전심,HABH0055,한일문화콘텐츠전공,일본문학감상,3,3,문학작품은 사회를 비추는 거울의 기능을 가지고 있어 문학작품을 읽어가며 일본사회를 조감하고 파악하기로 한다. 일본문학과 일본 사회에 공통된 키워드를 인식하는 과정을          통해  일본문학에 투영된 사회상을 고찰한다.
4학년,1학기,1전선,HABH0053,한일문화콘텐츠전공,한일문화콘텐츠기획실습(캡스톤디자인),3,3,한일문화콘텐츠 전공의 종합적 역량을 활용한 프로젝트형 교과목으로 콘텐츠 기획 및 제작을 실습한다.
4학년,2학기,1전심,HABH0026,한일문화콘텐츠전공,영상통번역연습,3,3,"다양한 영상콘텐츠 및 플랫폼 등이 증가하면서 통번역 시장이 확대되고 있다. AI를 활용한 통번역도 존재하지만 여전히 인간의 손에 의해 문맥과 상황에 맞는 자연스러운 통번역이 이루어지고 있다고 보기는 어렵다.  본 수업에서는 영화, 드라마, 애니메이션, 유튜브 등 영상콘텐츠의 ①통번역의 기본 이론　 ②일본어 능력  ③ 해석 능력   ④ 요약 능력 　⑤ 표현 능력　⑥ 조사능력 ⑦프로그램 활용 능력을 목표로 한다."
4학년,2학기,1전선,HABH0028,한일문화콘텐츠전공,미디어믹스실습(캡스톤디자인),3,3,미디어믹스의 기본개념을 이해하고 이를 기반으로 한 스토리텔링 과정에 대한 통찰력을 함양하고 콘텐츠 개발에 활용할 역량을 기른다.
4학년,2학기,1전선,HABH0031,한일문화콘텐츠전공,한일문화와웹페이지및기타콘텐츠제작(캡스톤디자인),3,3,한일문화콘텐츠관련 기업 등 문화산업 현장에서 현장 감각을 습득하여 사회진출 후 현장업무에 응용 가능한 실무능력을 배양한다. 예컨대 여행사 멘토링을 받아 외국인 관광객을 대상으로 한 서울 관광 코스를 개발한다. 그 성과물을 여행사 홈페이지에 올리는 것을 목표로 웹사이트 구축 관련 기술을 배운다.
전체학년,하계 특별학기(A),일선,HATB0044,한일문화콘텐츠전공,일본어·일본문화현장체험(특별),3,3,
1학년,1학기,1전선,HAUS0014,생명화학공학부,미적분학,3,3,"자연과학 및 공학을 공부하는데 필요한 대수학, 벡터 space, 행렬식 선형 시스템의 구조와 이론 및 전개등의 방법을 익히는 과정이다."
1학년,2학기,1전선,HAUS0015,생명화학공학부,전산학,3,3,"컴퓨터의 사용을 위해 체계적으로 익혀야 할 기술적 사항으로서 기계의 구조와 소프트웨어의 사용, 데이터의 구성, 연산능력 등을 공부하고 널리 사용되는 operation system 및 기본적인 프로그램 등에 대한 예비지식을 확보한다."
1학년,1학기,1전선,HABT0002,생명공학전공,일반생물학실험1,2,2,본 수업에서는 일반생물학의 기본적인 원리를 이해하기 위한 기본적인 실험 기법들을 배우게 될 것이다.
1학년,1학기,1전선,HABT0042,생명공학전공,생명공학진로탐색,1,1,본 교과목은 생명공학 기술을 활용하는 다양한 산업 및 연구 분야에 대한 이해를 돕고 관련 직무수행을 위해 요구되는 역량을 탐색하면서 이를 함양하기 위한 자기주도적인 대학생활 설계를 목표로 한다.
1학년,1학기,1전선,HAFX0009,생명공학전공,일반화학1,3,3,"화학의 기본개념, 원자와 분자의 정의, 화학결합 및 반응, 기체, 액체, 고체의 특성, 주기율표의 이해 등 일반적인 화학을 이해하는 것을 목표로 한다."
1학년,1학기,1전선,HAFX0013,생명공학전공,일반생물학1,3,3,"생물체 내에서 일어나는 다양한 생명현상을 이해하며, 생명과학 분야에 대한 전반적인 기초를 다진다."
1학년,2학기,1전선,HABT0004,생명공학전공,생명공학입문,3,3,"생명공학은 자연과학 뿐 아니라 공학과 컴퓨터 과학을 포함하는 종합적인 학문으로서 생명체의 기본적인 특성에서부터 유용물질의 생산에 이르기까지 생명공학의 발전 역사와 핵심이 되는 기본 원리, 그리고 다양한 생명공학의 분야를 소개함으로써 기초를 쌓는다."
1학년,2학기,1전선,HABT0005,생명공학전공,일반생물학2,3,3,"일반생물학Ⅰ 강좌에 이어서 생명현상의 기본원리를 소개하고 형태와 기능, 유전과 진화, 발생, 생물과 환경을 다루어 전공과목에 관한 기초를 다지는 것을 목표로 한다."
1학년,2학기,1전선,HABT0006,생명공학전공,일반생물학실험2,2,2,본 수업은 일반생물학실험 I의 연장과목으로 일반 생물학의 기본적인 원리를 이해하기 위한 기본적인 실험 기법들을 배우게 될 것이다.
2학년,1학기,1전선,HABT0008,생명공학전공,생화학,3,3,"본 과목에서는 모든 생명체의 구성성분인 단백질, 탄수화물, 지질, 핵산 등의 분자 구조 및 기능이 소개되며, 나아가 생명 현상과 결부된 이들 물질들의 생합성, 분해, 생체 반응조절의 원리를 분자적인 메커니즘을 학습한다."
2학년,1학기,1전선,HABT0009,생명공학전공,생화학실험,2,2,"본 실험 과목에서는 주요 생체분자들의 분자적 특성을 학습한 후, 생체분자들의 생화학적 특성을 기본적인 실험을 통하여 측정 및 관찰 한다."
2학년,1학기,1전선,HABT0010,생명공학전공,유전학,3,3,"본 교과목에서는 유전공학의 핵심 기술인 유전자 재조합 기술과 관련한 지식을 습득한다. 또한 형질전환, 재조합 단백질 생산과 분리, 유전공학 기술의 응용, 그리고 생물정보학의 활용 등을 다룬다."
2학년,1학기,1전선,HABT0011,생명공학전공,유전학실험,2,2,"본 실험 과목에서는 유전학 기술의 기본이 되는 유전물질의 추출, 유전자 증폭, 클로닝, PCR 등 유전자 조작에 필요한 실험을 다룬다."
2학년,1학기,1전선,HABT0013,생명공학전공,생명공학소프트웨어활용,1,1,생명데이터 분석을 위해 생명과학 소프트웨어 분석 기술이 필요하다. 본 과목은 생명현상 정보 분석을 위한 기본적인 컴퓨터 활용툴과 소프트웨어를 제공한다.
2학년,1학기,1전선,HABT0019,생명공학전공,식물생명공학,3,3,"식물은 광합성을 통하여 모든 생명체에 에너지를 제공하여 생명의 근간을 이룬다. 산업적 측면에서는 식량부족문제가 첨예한 국제적 이슈로 대두되고 있어, 식물생명공학의 중요성이 크게 대두되고 있다. 본 교과에서는 식물의 발달 및 생리에 대한 전반적인 이해를 기반으로, 다양한 유전공학적 연구를 통한 농업, 식품, 및 의약분야에서의 식물생명공학 연구에 대하여 학습한다."
2학년,1학기,1전선,HAFU0009,생명공학전공,아동과학지도,3,3,"아동의 과학적 개념 발달과 과학교육의 이론을 살펴보고, 이를 바탕으로 과학교육을 수준별로 계획, 실행, 및 평가할 수 있는 방안을 탐색한다. 또한 다양한 교육적 매체를 활용한 아동 과학 교육의 교수방법, 교구의 선택 및 제작방법에 대해 학습하고 현장관찰 및 실습을 통해 이를 적용해 본다."
2학년,2학기,1전선,HABT0007,생명공학전공,세포생물학,3,3,"모든 생명체의 기능적, 구조적 기본 단위인 세포에 대하여 세포막과 수송기작, 유전체, 세포골격, 세포주기 조절기작, 유전자 신호전달, 세포내 대사과정 등을 학습한다. 또한 이들의 구조와 기능을 생화학 및 분자적 수준에서 이해한다. 이를 바탕으로 세포생물학 기본원리 뿐만 아니라 분자생물학, 유전학, 생리학 등의 연구에 필요한 기초지식을 습득하게 하는데 그 목적이 있다."
2학년,2학기,1전선,HABT0015,생명공학전공,생리학,3,3,"본 과목은 인간이 시시각각 변화하는 다양한 환경 스트레스에 적응해나가는 항상성 개념에 중점을 둔다. 구체적으로, 분자에서 개체 수준에 걸쳐 신경계, 내분비계, 순환계, 호흡계, 소화계, 체액 조절, 체온 조절 그리고 생식계 등의 기능과 조절 원리에 대해 학습한다. 또한 현재 활발히 이루어지고 있는 생리학의 의학, 약학, 생명공학 등으로의 응용에 대해 소개한다."
2학년,2학기,1전선,HABT0016,생명공학전공,생리학실험,2,2,"본 실험과목은 이론 강의에서 학습한 원리들을 보강하고 학생들에게 필수적인 실험기술과 기구에 익숙해지도록 설정하였다. 이론 강의에서 얻은 지식을 실용적으로 응용하는 능력을 배양하기 위해, 예를 들어 생식소 절제와 같은 수술 또는 실험적으로 당뇨를 유도한 동물에서의 생리적 변화들을 측정하기 위한 실험을 설계하고 수행한다."
2학년,2학기,1전선,HABT0017,생명공학전공,미생물공학,3,3,"미생물은 공기, 물, 토양과 같은 환경과 생물체에 널리 존재하여 인간생활과 밀접한 관계를 맺고 있다. 본 강좌에서는 미생물의 종류, 구조와 기능 및 특성에 대하여 강의함으로서 인간생활과 미생물의 관계를 이해하고, 미생물을 이용한 생명공학 기술에 대한 지식을 습득하게 한다."
2학년,2학기,1전선,HABT0018,생명공학전공,미생물공학실험,2,2,"미생물공학 실험 기구의 사용법, 멸균법, 배지 제조와 배양기술, 염색법, 생장측정법, 환경요인의 영향, 운동성, 유전자 조작 등에 관한 실험을 하여 미생물공학실험의 기술을 익힌다."
3학년,1학기,1전심,HABT0020,생명공학전공,발생공학,3,3,"발생공학은 다세포 생명체를 형성하는 메커니즘에 대한 이해를 통해 이를 생명공학에 직접 응용하는 학문으로, 발생과 노화의 연속성을 분자와 세포 수준에서 고찰하며, 특히 이러한 과정을 설명하는 현재의 모델들의 실험적 기초에 중점을 둔다. 분화의 분자생물학적 메커니즘, 시공간적 조절, 발생유전학, 형질전환동물 전략, 그리고 배아/성체 줄기세포의 응용에 대해 강의한다."
3학년,1학기,1전심,HABT0021,생명공학전공,생물정보학,3,3,"생명공학의 기본정보인 바이오정보를 수집, 관리, 분석, 활용하는 개념과 기술 전반에 대한 이론과 실제를 다룬다. 이를 통해 학생들이 이를 기초로 하여 상급 과정을 이해할 수 있게 하고 이를 활용한 여러 응용분야로 진출하게 한다."
3학년,1학기,1전선,HABT0022,생명공학전공,분자생물학,3,3,"분자생물학은 다양한 생명현상을 분자수준에서 규명하는 학문분야로, 특히 유전자의 구조 및 기능을 연구한다. 본 교과에서는 DNA, RNA, 그리고 Protein에 이르는 유전자 발현의 전 과정 및 유전자의 복제, 재조합, 전이, 그리고 유전체의 특성에 대한 지식을 최신 연구결과를 중심으로 학습한다."
3학년,1학기,1전선,HABT0023,생명공학전공,분자생물학실험,2,2,"본 교과에서는 유전자 발현에 대한 실험적 지식을 제공하기 위하여, DNA, RNA, 그리고 Protein을 대상으로 하는 다양한 실험을 수행한다. 유전자 클로닝을 중심으로 분자생물학의 핵심 실험인 DNA 추출, PCR, DNA restriction enzyme digestion, ligation, transformation, SDS-PAGE, Immunoblot analysis 등의 실험을 수행한다. 나아가 단백질 분리 및 정제실험을 통하여 단백질의 기능을 확인한다."
3학년,1학기,1전선,HABT0024,생명공학전공,생물정보학실험,2,2,생명공학의 기반인 생물정보학의 이론과 과정을 이해하도록 한다. DNA와 단백질 데이터 분석을 위한 소프트웨어 사용에 대한 실습을 실시한다.
3학년,2학기,1전심,HABT0026,생명공학전공,생물독성학,3,3,"독성학은 생화학, 유기화학, 생리/병리학, 유전학의 기본 지식을 바탕으로 하는 복합 학문이다. 본 교과에서는 화학물질, 의약품, 천연물질 등이 생명체에 미치는 유해한 영향과 독성을 일으키는 작용 기전과 생물체에 대한 화학물질의 위해성을 평가하는 방법 등을 다룬다."
3학년,2학기,1전심,HABT0027,생명공학전공,해양생명공학,3,3,"해양은 다양한 서식지에 미래의 잠재적 이용가치가 높은 생물자원을 갖고 있다. 본 과목은 해양환경의 구조와 기능 및 생물다양성의 관계를 이해하고, 생명공학기술을 이용한 해양생물의 활용을 소개한다."
3학년,2학기,1전선,HABT0029,생명공학전공,생물소재공학,3,3,"생명공학의 기초가 되는 생물소재의 화학적, 구조적 성질과 특성을 다룬다. 천연 생물소재들은 생명공학의 다양한 분야에 응용이 되고 있다. 그리고, 천연 생물소재를 중심으로 이들의 물리적, 화학적, 기계적 특성, 응용분야에 대한 내용을 제공한다."
3학년,2학기,1전심,HABT0036,생명공학전공,단백질공학,3,3,"단백질은 그 종류와 양에 따라 생명체의 다양한 생리현상을 조절하는 핵심적 기능을 담당한다. 본 교과에서는 단백질의 생성, 구조, 및 기능에 대한 기본적 지식을 바탕으로 유전공학적 기술에 기반하는 재조합단백질의 대량생산, 분리정제, 및 이용목적에 따른 단백질의 재설계 등 의약산업적 이용 전반에 걸친 핵심적 기술을 학습한다."
4학년,1학기,1전심,HABT0031,생명공학전공,면역학,3,3,"본 과목은 질병과 면역계, 그리고 인간 질병 치료에의 응용에 대한 기초 지식을 제공함을 목표로 한다. 주요 주제들로는 선천적 면역(innate immunity), 획득 면역(accqired immunity), 항체의 다양성과 작용 기작, 면역관련 질병, 종양면역학, 장기 이식, 백신, HIV와 flu이며, 면역 감시와 진단, 감염 예방, 전염병과 공중 보건 등 면역학 및 실험 기술들의 응용에 대해 학습한다."
4학년,1학기,1전선,HABT0032,생명공학전공,생물반응공학,3,3,"이 과목은 미생물에 관한 이해를 돕고, 생물반응기 내에서 미생물 생장과 산물 생성의 메커니즘을 알아봄으로써 실제 배양에 대한 기본 지식을 늘리고자 한다. 이들의 대사 반응에 관여되는 발효과정과 조절현상을 분석하고 미생물을 이용하는 여러 방법론에 대해 강의한다."
4학년,1학기,1전심,HABT0034,생명공학전공,생명공학종합설계,3,3,"본 교과는 각 교수 연구실에서 수행중인 연구에 참여하여 연구 분야별 지식을 습득하고, 필요한 연구 방법을 습득함으로써 창의적 문제해결 능력을 배양하는 것을 목표로 한다."
4학년,1학기,1전선,HABT0035,생명공학전공,바이오산업의이해,1,1,본 교과는 바이오산업 분야의 최신 연구 동향을 파악할 수 있도록 한다.
4학년,1학기,1전심,HABT0037,생명공학전공,생물공정공학,3,3,"본 과목에서는 생명공학 제품의 효율적 산업화를 위한 생물공정의 공학적 원리와 고농도 세포배양, 대규모화, 공정 자동화 등과 같은 생물공정기술의 전반적인 지식을 이해한다."
4학년,2학기,1전선,HABT0028,생명공학전공,생물배양공학,3,3,세포배양공정에 대한 원리를 바탕으로 세포성장에 대한 이해와 세포배양 방법론을 학습하고 바이오의약품 생산과 관련된 실용 배양공학기술을 강의한다.
4학년,2학기,1전선,HABT0033,생명공학전공,생명공학특수연구,1,1,"이 과목은 생명공학 분야의 연구자로서 일하면서 겪게 되는 연구계획서 작성, 연구논문, 학위논문 등의 다양한 글쓰기와 학술대회 발표에 대한 실용적인 지침을 제공한다."
4학년,2학기,1전선,HABT0038,생명공학전공,유전공학,3,3,세포가 부착되어 자랄 수 있는 매트릭스와 세포의 성장 및 분화를 조절할 수 있는 각종 인자를 적절히 이용하여 여러 조직 재생 및 인공적인 장기복원 관련 세포조직공학 기술을 학습한다.
4학년,2학기,1전선,HABT0039,생명공학전공,유전체학,3,3,인간의 비롯한 다양한 생물 유전체의 구조와 기능에 대한 정보를 제공한다. 개인맞춤의학 등 유전체를 활용한 새로운 경향들도 소개한다.
4학년,2학기,1전선,HABT0043,생명공학전공,생명공학세미나,1,1,본 교과목은 다양한 바이오산업 분야 전문가를 활용하여 최신 연구 동향과 관련 전문 기술에 대한 이해를 돕고 이를 통해 진로 탐색의 기회를 제공하고자 한다.
1학년,1학기,1전선,HAUS0014,생명화학공학부,미적분학,3,3,"자연과학 및 공학을 공부하는데 필요한 대수학, 벡터 space, 행렬식 선형 시스템의 구조와 이론 및 전개등의 방법을 익히는 과정이다."
1학년,2학기,1전선,HAUS0015,생명화학공학부,전산학,3,3,"컴퓨터의 사용을 위해 체계적으로 익혀야 할 기술적 사항으로서 기계의 구조와 소프트웨어의 사용, 데이터의 구성, 연산능력 등을 공부하고 널리 사용되는 operation system 및 기본적인 프로그램 등에 대한 예비지식을 확보한다."
1학년,1학기,1전선,HACN0002,화학에너지공학전공,일반화학실험1,2,2,"화학약품의 재결정, 카페인 추출, 지시약의 작용 원리와 물질량 측정 등 일반화학 실험실습을 진행한다."
1학년,1학기,1전선,HAFX0009,화학에너지공학전공,일반화학1,3,3,"화학의 기본개념, 원자와 분자의 정의, 화학결합 및 반응, 기체, 액체, 고체의 특성, 주기율표의 이해 등 일반적인 화학을 이해하는 것을 목표로 한다."
1학년,1학기,1전선,HAFX0012,화학에너지공학전공,일반물리학,3,3,"다양한 자연과학 및 공학 분야의 문제를 해결하는데 필요한 물리학의 기본 원리와 법칙, 파동현상, 전자기현상 등을 체계적으로 이해하여 응용능력을 향상시키고자 한다."
1학년,1학기,1전선,HAFX0013,화학에너지공학전공,일반생물학1,3,3,"생물체 내에서 일어나는 다양한 생명현상을 이해하며, 생명과학 분야에 대한 전반적인 기초를 다진다."
1학년,2학기,1전선,HACN0005,화학에너지공학전공,일반화학실험2,2,2,"알코올 증류, 크로마토그래피, 질산포타슘의 용해도, 화학반응속도, 아스피린 합성 등 일반화학 실험실습을 진행한다."
1학년,2학기,1전선,HACN0038,화학에너지공학전공,반응기초,2,2,"친핵성 치환반응, 산-염기 반응, 반응속도, 반응 메커니즘 등의 화학반응을 이해하는 것을 목표로 한다."
1학년,2학기,1전선,HACN0047,화학에너지공학전공,일반물리학2,3,3,"고전역학적으로 회전운동을 어떻게 기술하는지 배우고, 전기와 자기의 기본 개념, 전자기장 유도에 대한 기본 개념들을 공부한다."
1학년,2학기,1전선,HAFX0010,화학에너지공학전공,일반화학2,3,3,"산화수의 이해, 전기화학 총론, 화학 평형, 산염기 이론과 유기화학 입문 등 화학의 기초를 학습한다."
1학년,2학기,1전선,HAFX0011,화학에너지공학전공,공학수학,2,2,"화학 및 공학 분야에서 요구되는 수학 중에서 특히 무한급수, 특수함수, 복소함수, 연산자, 벡터와 벡터공간, 행렬, 텐서해석 등 물질구조를 이해하기 위해 응용 및 적용할 수 있는 수학을 학습한다."
2학년,1학기,1전선,HACN0008,화학에너지공학전공,에너지유기재료1,3,3,일반적인 유기화학물질의 성질 및 반응에 대한 기초를 배운다.
2학년,1학기,1전선,HACN0009,화학에너지공학전공,분석화학,3,3,"화학 및 공학에 사용되는 습식분석, 화학양론, 농도, 산-염기반응, 침전반응, 평형 및 데이터 계산을 배운다."
2학년,1학기,1전선,HACN0010,화학에너지공학전공,에너지유기재료실험1,3,3,에너지 유기재료1에서 학습한 이론을 바탕으로 실험실습에 적용시켜 실험과정과 결과를 분석하고 경험한다.
2학년,1학기,1전선,HACN0011,화학에너지공학전공,분석화학실험,3,3,"화학 및 공학에 사용되는 습식분석, 화학양론, 농도, 산-염기반응, 침전반응, 평형 및 데이터 계산 등 분석화학 이론에서 학습한 내용을 바탕으로 직접 실습하고 경험한다."
2학년,1학기,1전선,HACN0042,화학에너지공학전공,고체결정학,3,3,"고전역학적으로 회전운동을 어떻게 기술하는지 배우고, 전기와 자기의 기본 개념, 전자기장 유도에 대한 기본 개념들을 이해할 수 있다."
2학년,2학기,1전선,HACN0013,화학에너지공학전공,에너지유기재료2,3,3,"에너지유기재료1에 이어 알코올과 에테르, 알켄, 알데히드와 케론, 카르복실산과 그 유도체들, 아민 등 지방족 화합물들에 대한 구조와 성질, 합성법 및 그들 반응의 메커니즘을 이해하고, 연습 시간을 통하여 문제 풀이 능력을 향상시킴으로써 관련 지식의 이해를 높이고 유기고분자에 대한 소재로서의 지식도 함께 학습한다."
2학년,2학기,1전선,HACN0014,화학에너지공학전공,에너지유기재료실험2,3,3,에너지 유기재료2에서 학습한 이론을 바탕으로 실험실습에 적용시켜 실험과정과 결과를 분석하고 경험한다.
2학년,2학기,1전선,HACN0015,화학에너지공학전공,에너지열역학,3,3,에너지 변환 및 저장 과정의 이해에 있어 근본이 되는 중요 열역학 이론에 대해서 학습한다.
2학년,2학기,1전선,HACN0016,화학에너지공학전공,에너지열역학실험,3,3,"열역학 이론을 기반으로 에너지 변환이 수반되는 다양한 화학 반응에 대한 실험을 진행하고, 반응계에서의 에너지 변환과정과 온도 변화, 반응 조건과 에너지 변환의 효율 등에 대해 보다 심층적으로 학습한다."
2학년,2학기,1전선,HACN0024,화학에너지공학전공,에너지무기재료1,3,3,"태양광 에너지의 이용을 위하여 빛과 물질의 상호작용과 그로부터 파생되는 현상에 대한 물리적, 화학적 과정을 학습한다. 원자의 구조로부터 분자 오비탈과 군론, 분자의 광흡수로부터 광유발 전자전달, 흥분상태에서의 동력학, 광화학 반은 및 광화학의 응용에 이르기까지 다양한 광물리 및 광화학 현상과 자연계의 광합성 과정에 대해 학습한다."
2학년,2학기,1전선,HACN0027,화학에너지공학전공,에너지무기재료실험1,3,3,"에너지 광화학을 심층적, 실용적으로 이해하기 위한 실험과 분석을 수행한다. 컴퓨터를 이용한 계산과 실험 데이터의 분석, 양자화학 모델링 프로그램을 이용한 분자 구조 모델링, 광화학의 기본적 분광학 실험을 수행한다."
3학년,1학기,1전심,HACN0017,화학에너지공학전공,에너지무기재료2,3,3,"미시적 수준의 전이금속 화합물과 거시적 수준의 고체 무기 물질 및 무기 나노 입자 등 에너지 변환 및 저장과 관련된 무기 재료 화합물에 대한 화학 구조와 결합, 전자 및 자기적 성질, 광학적 성질의 근본 원리와 응용을 학습한다."
3학년,1학기,1전선,HACN0018,화학에너지공학전공,에너지무기재료실험2,3,3,"에너지무기재료의 이론에서 학습한 내용을 바탕으로 전이 금속 화합물, 나노물질, 무기 고체 물질 등의 무기소재 합성과 물리, 화학적 분석을 수행한다."
3학년,1학기,1전심,HACN0020,화학에너지공학전공,양자역학과분광학,3,3,"IR, NMR 등 분광분석법의 기반이 되는 양자역학에 대해 학습하고, 이를 바탕으로 다양한 분광분석법에 대한 전문적인 지식을 습득한다."
3학년,1학기,1전심,HACN0043,화학에너지공학전공,고체재료공학1,3,3,"배터리, 불균일 촉매와 관련된 다양한 고체 재료의 특성을 이해하고 활용할 수 있다."
3학년,1학기,1전선,HACN0044,화학에너지공학전공,고체재료공학실험,3,3,"배터리, 불균일 촉매와 관련된 다양한 고체 재료 제조 및 특성 분석에 대한 실습"
3학년,2학기,1전심,HACN0019,화학에너지공학전공,전기화학,3,3,"전기분석화학, 에너지저장과 변환, 분광학의 기초적인 이론을 학습한다."
3학년,2학기,1전선,HACN0022,화학에너지공학전공,전기화학과 배터리실험,3,3,"전기화학의 측정, 전지 구성 및 조립과 적정 등을 연습하여 직접 실험실습을 수행한다."
3학년,2학기,1전선,HACN0023,화학에너지공학전공,에너지환경공학,3,3,"에너지환경공학에 대한 기본적인 개념 및 원리를 이해하고, 다양한 분야에 활용되는 기술에 대해 학습한다."
3학년,2학기,1전선,HACN0026,화학에너지공학전공,나노공학실험,3,3,나노물질의 합성 및 반응에 대한 원리를 익히고 직접 실험실습을 수행하여 확인한다.
3학년,2학기,1전선,HACN0045,화학에너지공학전공,고체재료공학2,3,3,"배터리, 불균일 촉매와 관련된 다양한 고체 재료의 특성과 활용에 대해 공부하는 교과목"
4학년,1학기,1전심,HACN0030,화학에너지공학전공,고분자나노공학,3,3,"고분자나노공학에 대한 기본적인 원리, 특징, 분석법을 공부하고, 다양한 분야에 활용되는 고분자나노복합체 개념에 대해 공부 한다."
4학년,1학기,1전심,HACN0031,화학에너지공학전공,유기금속과촉매,3,3,"산업적으로 사용되거나 향후 산업적 응용 가능성이 높은 유기금속 촉매에 대한 합성, 구조, 결합, 반응,  반응 메카니즘에 대해 학습하고 이를 응용할 수 있는 역량을 갖춘다."
4학년,1학기,1전선,HACN0033,화학에너지공학전공,캡스톤디자인,2,2,"나노바이오화학의 지식을 종합적으로 점검하는 과목으로서, 학생들은 지도교수와 공동으로 연구 프로젝트를 진행하여 창의적 문제해결 능력을 배양한다."
4학년,2학기,1전선,HACN0032,화학에너지공학전공,화학소프트웨어활용,3,3,"컴퓨터 프로그램 중 화학 분야에 필요한 분자 모델링 및 시뮬레이션, 분자 구조 시각화, 데이터 분석 및 통계 소프트웨어 활용법을 이해한다."
4학년,2학기,1전심,HACN0035,화학에너지공학전공,에너지변환공학,3,3,에너지를 생산하는 장비 및 기구로 에너지를 변환하여 생활에 사용하여 도움을 줄 수 있는 다양한 예를 설명한다.
4학년,2학기,1전선,HACN0036,화학에너지공학전공,기기분석,3,3,"분리분석, 질량분석, 전기화학분석, 대기환경분석 등을 학습한다."
4학년,2학기,1전심,HACN0037,화학에너지공학전공,유기합성,3,3,다양한 유기화합물의 합성방법을 학습한다.
전체학년,1학기,1전선,HACN0039,화학에너지공학전공,현장실습학기제(화학에너지공학),15,15,학교에서 배운 이론과 산업체에서 필요한 실무교육을 강화할 수 있도록 현장실습을 통하여 실습함으로써 현장실습의 직무 만족이 취업에 도움이 될 수 있도록 한다.
1학년,1학기,1전선,HAUS0014,생명화학공학부,미적분학,3,3,"자연과학 및 공학을 공부하는데 필요한 대수학, 벡터 space, 행렬식 선형 시스템의 구조와 이론 및 전개등의 방법을 익히는 과정이다."
1학년,2학기,1전선,HAUS0015,생명화학공학부,전산학,3,3,"컴퓨터의 사용을 위해 체계적으로 익혀야 할 기술적 사항으로서 기계의 구조와 소프트웨어의 사용, 데이터의 구성, 연산능력 등을 공부하고 널리 사용되는 operation system 및 기본적인 프로그램 등에 대한 예비지식을 확보한다."
1학년,1학기,1전선,HACI8001,화공신소재전공,일반화학실험,2,2,"질량측정, 재결정, 탄산염의 분석, 아보가드로 수의 결정, 몰질량의 측정, 기체상수의 결정, 카페인의 추출과 분리, 크로마토그래피, 알코올의 종류, 이산화탄소의 승화열, 용해열과 과냉각 상태, 엔탈피의 측정, 산-염기 분석, 인산의 적정과 완충용액, 산화-환원 적정, 이온 교환과 EDTA 적정에 대한 강의 및 실험을 통하여 화학이론을 보다 깊게 이해시키고자 한다."
1학년,1학기,1전선,HACI9216,화공신소재전공,화학공학개론,3,3,"본 화학공학입문 교과목은 생명화학공학부 1학년 학생들과 화학공학에 관심을 가진 타전공의 학생들을 대상으로 하는 교과목으로서 화학공학을 배우는 학생들이 설계의 개념을 가지고 고학년의 전공 교육과정을 이수할 수 있도록 도와주는 설계 지향적 교육과정의 학부 공통 기초 교과목이다. 이 교과목은 화학공학을 전공하는 1학년생이나 화학공학에 대한 개관을 얻고자 하는 비전공 학생들을 위해, 화학공학이 무엇이며 화학공학에서 가르치는 교과목들은 무엇이 있는지를 알아보고 화학공학자 또는 화공엔지니어들이 정유 및 석유화학에서부터 반도체, 배터리, 바이오화학공학에 이르는 다양한 산업 현장에서 주로 어떤 업무를 수행하는지 그리고 화학공학적인 설계란 무엇인지에 대해 다룬다."
1학년,1학기,1전선,HAFX0009,화공신소재전공,일반화학1,3,3,"화학의 기본개념, 원자와 분자의 정의, 화학결합 및 반응, 기체, 액체, 고체의 특성, 주기율표의 이해 등 일반적인 화학을 이해하는 것을 목표로 한다."
1학년,1학기,1전선,HAFX0012,화공신소재전공,일반물리학,3,3,"다양한 자연과학 및 공학 분야의 문제를 해결하는데 필요한 물리학의 기본 원리와 법칙, 파동현상, 전자기현상 등을 체계적으로 이해하여 응용능력을 향상시키고자 한다."
1학년,2학기,1전선,HACI6001,화공신소재전공,일반물리학실험,2,2,"일반물리학에서 다룬 이론과 기본 법칙을 실험을 통하여 더 분명하게 이해하는 것을 목적으로 한다. 전자기현상, 파동현상 등에 관련된 실험을 이해하고 실험결과를 직접 보고서로 작성한다."
1학년,2학기,1전선,HACI8013,화공신소재전공,신소재공학기초,3,3,"다양한 자연과학 및 공학 분야의 문제를 해결하는데 필요한 물리학의 기본 원리와 법칙을 체계적으로 이해하여 응용능력을 향상시키고자 한다. 파동현상, 전자기 현상 등을 이해시킨다."
1학년,2학기,1전선,HAFX0010,화공신소재전공,일반화학2,3,3,"산화수의 이해, 전기화학 총론, 화학 평형, 산염기 이론과 유기화학 입문 등 화학의 기초를 학습한다."
1학년,2학기,1전선,HAFX0011,화공신소재전공,공학수학,2,2,"화학 및 공학 분야에서 요구되는 수학 중에서 특히 무한급수, 특수함수, 복소함수, 연산자, 벡터와 벡터공간, 행렬, 텐서해석 등 물질구조를 이해하기 위해 응용 및 적용할 수 있는 수학을 학습한다."
2학년,1학기,1전선,HACI0001,화공신소재전공,화공양론및프로그래밍,3,3,화공신소재학과에 입학한 신입생들에게 현재의 화학공업에 대한 화공신소재학과의 역할과 화공신소재학과의 교과과정과 아울러 화학공업의 발전추세에 대하여 개괄적으로 강의함으로써 학생들의 수학계획과 세부전공 선택에 지침이 되도록 한다.
2학년,1학기,1전선,HACI8005,화공신소재전공,물리화학,3,3,"물리화학에서는 열역학 제1법칙, 열화학과 열역학 제2, 3법칙, 용액의 상평형 등을 다룬다."
2학년,1학기,1전선,HACI8006,화공신소재전공,물리화학실험,3,3,"물리화학실험은 점도, 어는점 그림, 중화열, 평형분배, 끓는점, 오름법에 의한 분자량, 전기전도 유기산의 흡착등을 다룬다."
2학년,1학기,1전선,HACI8007,화공신소재전공,유기공업화학실험,3,3,"유기화학실험상의 기본조작 즉, 용해, 추출, 증류, 분별증류, 여과, 재결정, 융점 및 비점측정 등을 다루고 또 간단한 유기화합물의 합성방법 등을 다루며, 아울러 합성한 유기화합물의 확인방법을 취급한다."
2학년,1학기,1전선,HACI8008,화공신소재전공,유기공업화학,3,3,"유기화학 공업에 기본이 되는 각종 유기화합물들의 합성법, 구조, 명명법 및 각종 유기화학 반응기구를 체계적으로 이해한다. 특히, 원자와 분자, 궤도함수이론, 이성질현상, 입체화학 등 유기화학의 기본이론을 교육한다."
2학년,2학기,1전선,HACI0026,화공신소재전공,화공열역학1,3,3,"열역학의 기본적인 원리인 열역학 제 1,2 법칙과 유체의 열역학적 성질, 흐름공정의 열역학, 냉동공정 및 동력생산공정 등을 다루며 효율적인 에너지 전환에 관한 응용을 중점 학습한다."
2학년,2학기,1전선,HACI0034,화공신소재전공,화학공정계산,3,3,"화학공학에서의 공학단위, 중량단위, 기초단위의 환산능력을 배양시키며 화학공학 공정의 해석에 필요한 물질수지와 에너지수지를 통하여 여타의 공정에서도 응용할 수 있는 능력을 부여시킨다."
2학년,2학기,1전선,HACI6006,화공신소재전공,공정제어및프로그래밍,3,3,화학공학의 대표적인 과목중 하나로서 화학공정의 자동화를 위한 제어시스템의 원리와 수학적 해석에 대해 배운다.
2학년,2학기,1전선,HACI8016,화공신소재전공,화공열역학실험,3,3,"화학공정에서 필요한 기체상수 R값, 분자량, 분자지름, 증기압, 표면장력, 몰랄 부피, 기액평형, 용해열, 연소열 등을 실험을 통하여 보다 깊이 이해한다."
2학년,2학기,1전선,HACI9217,화공신소재전공,재료공학,3,3,"본 강의는 신소재 공학에 대한 심화학습을 목표로 하며, 재료의 구조, 열역학, 기계적 특성, 전자기 광학적 특성, 열적 특성, 상태도, 상변화 등 재료공학의 주요 원리와 응용에 대해 강의한다."
3학년,1학기,1전심,HACI0031,화공신소재전공,화공열역학2,3,3,"상평형의 기본원리와 비이상혼합물의 물성 추정 및 상평형 계산, 화학반응의 평형 등을 강의하여 평형을 이루고 있는 계의 성질들 간의 관계와 평형 열역학의 전반적인 원리 및 응용을 이해시킨다."
3학년,1학기,1전선,HACI0035,화공신소재전공,무기소재공학(캡스톤디자인),3,3,"화학에 대한 기초를 쌓은 학생들에게 공업적으로 매우 중요한 산, 알칼리, 암모니아 및 각종 비료, 무기화학약품 등의 반응기구, 반응속도, 생성물의 분리 및 분석방법을 설명하고 제조공정과 장치들에 대하여도 고찰한다."
3학년,1학기,1전심,HACI0036,화공신소재전공,무기소재화학실험,3,3,"공업분석의 기초인 정량분석과 정성분석에 대한 기초 이론과 조작법을 익히고 무게 분석, 부피분석 및 침전분석에 관한 실험을 정량적, 정성적 방법으로 실시하여 화학공학공정의 전반과정에서의 분석능력을 습득시킨다."
3학년,1학기,1전선,HACI0040,화공신소재전공,고분자소재공학,3,3,"고분자화학의 기초이론을 확립하기 위해 생성론, 반응기구, 물성구조 등에 관하여 강의하고 천연 및 합성 섬유류 고무, 수지, 도료 등으로 대별되는 고분자물질의 실례를 들어 이론과 원리를 뒷받침하도록 한다."
3학년,1학기,1전심,HACI8010,화공신소재전공,고분자소재공학실험,3,3,고분자 물질의 특성에 대한 이해를 바탕으로 고분자의 합성 및 제반 물성의 측정을 위하여 장치의 조작 및 결과의 분석 방식 등을 직접 체험하는 실험 과정
3학년,1학기,1전선,HACI8011,화공신소재전공,이동현상,3,3,다양한 화학공정에서 공통적이고 필수적인 유체의 이동과 열전달 현상에 대해 해석 원리와 수학적 모델링을 이해하고 그 풀이 및 응용 방법을 익힘으로써 화학공정 설계능력을 키운다.
3학년,1학기,1전선,HACI9219,화공신소재전공,배터리화학공학,3,3,"배터리 화학공학은 생명화학공학부 학생들과 배터리공학에 관심을 가진 타 전공 학생들을 대상으로 하는 교과목으로서 2차 전지를 중심으로 한 미래 친환경 에너지 소재와 제조 공정에 대해 다룬다. 최근 전세계적으로 큰 이슈가 되어 있는 배터리용 친환경에너지 소재와 관련한 재료 공학적 원리 및 제조공정에서 발생하는 현상들에 대한 공학적 해석과 설계, 그리고 실제 산업현장에서의 기술적 흐름과 이슈에 대해서도 배운다."
3학년,2학기,1전선,HACI0038,화공신소재전공,화공단위조작,3,3,"유체역학, 열전달, 물질전달의 이동현상와 열역학적 지식을 활용하여 기체흡수, 증류, 추출, 건조, 흡착, 막분리, 결정화 등 단위 화학공정의 실제적인 설계와 적정 운전 조건 설정 방법을 배운다."
3학년,2학기,1전심,HACI0041,화공신소재전공,무기공업분석실험,3,3,"화공신소재에서 다룬 기본적인 실험조작법, 실험자료의 처리 및 해석 방법과 무기, 유기 단위공정에서 배운 이론적인 내용을 실험으로서 이해하게 함으로써 독자적으로 실험을 수행할 수 있는 실습능력을 배양시킨다."
3학년,2학기,1전심,HACI0046,화공신소재전공,반응공학,3,3,"화학반응을 수반하는 공정에서 반응기의 설계와 조작의 원리를 이해시키기 위하여 단일반응과 복합반응에 대한 반응기의 설계, 온도와 압력의 효과, 비균일상 반응계의 설계 및 고체 촉매반응 등을 다룬다."
3학년,2학기,1전심,HACI0051,화공신소재전공,유기소재공학(캡스톤디자인),3,3,"전기, 전자 및 화학산업 등의 산업분야와 생활전반에 걸쳐 응용하고 있는 유기소재의 제조방법, 물성 등에 대하여 강의하고 현재 진행중인 신기능성 소재관련 연구동향을 소개한다."
3학년,2학기,1전선,HACI6007,화공신소재전공,화공반도체공정,3,3,"무기단위공정의 물질수지, 에너지수지 및 최적화 이론을 도입하여 유용한 공정을 개발하기 위한 수학적 능력과 판단을 기준으로 하여 급속히 개발되고 있는 새로운 무기재료 합성공정의 설계에 대하여 공부한다."
3학년,2학기,1전심,HACI8012,화공신소재전공,화공단위조작실험,3,3,"이동현상과 화공단위조작 과목의 이론에서 배운 내용을 바탕으로 레이놀즈 유동 실험, 베르누이 원리 응용, 액체의 확산, 기-액 평형, 스핀 코팅 등의 실험을 수행하여 이론에 대한 이해도를 높이고 실험 방법과 보고서 작성 방법을 배운다."
4학년,1학기,1전선,HACI0028,화공신소재전공,3D프린팅고분자융합소재(캡스톤디자인),2,2,"3D 프린팅 기술의 발달로 소품종 대량생산에서 다품종 소량주문생산으로 제품의 다양화 및 개인의 요구에 맞는 제품으로 변화함에 따라 향후에는 개인화된 제품들을 직접 제작할 수 있다. 이 때문에 3D 프린팅 가능한 소재의 개발이 미래 핵심소재로 부상하고 있다. 본 교과목에서는 3D 프린팅 기술에 대한 이해와 3D 프린팅 소재, 특히 고분자소재에 대한 기초 원리와 응용을 학습하는 것을 목적으로 한다. 3D 프린팅 기술의 발달은 한 가지 부품에 여러 가지의 기능성이 필요로 하는 첨단재료산업제품에 맞추어 재료의 기능 및 물성을 설계하고 이에 따라 제품을 생산하는 과정을 요구한다. 캡스톤디자인을 통해 학생들이 3D프린팅으로 응용할 수 있는 제품과 각종 응용환경에 적합한 최적의 재료를 선택하여 설계 능력을 배양하는 것을 목적으로 한다."
4학년,1학기,1전심,HACI0049,화공신소재전공,소재및정밀화학,3,3,"화학공업 전반에 걸쳐 가장 중요한 에너지원과 중간체 자원으로 활용되고 있는 천연가스, 원유 및 석유제품의 제조공정에 관하여 강의하고 아울러 이러한 석유화학공업으로부터 얻을 수 있는 각종 정밀화학제품들의 성능과 응용에 대하여 고찰한다."
4학년,2학기,1전선,HACI0052,화공신소재전공,친환경융합공학소재(캡스톤디자인),2,2,"21세기에서 주요사업으로 부각되는 반도체, 디스플레이, 이차전지, 연료전지, 태양광 관련 신기술이 증가할수록 이 기술들에 의한 환경오염문제 또한 급격히 부각되고 있다. 본 강의에서 이러한 신기술들의 공정을 이해하고, 신소재 기반 융합공학으로 각 기술의 공정과 후공정을 친환경 공정으로 융합설계하는 방법에 대하여 학습한다."
4학년,2학기,1전선,HACI0053,화공신소재전공,분리공정설계(캡스톤디자인),3,3,막을 통하여 목적하는 성분을 분리하는데 필요한 기초적인 이론과 응용분야를 이해시키기 위하여 각종 분리막 및 분리공정에 대하여 강의한다.
전체학년,1학기,1전선,HACI0055,화공신소재전공,현장실습학기제(화공신소재),15,15,학교에서 배운 이론과 산업체에서 필요한 실무교육을 강화할 수 있도록 현장실습을 통하여 실습함으로써 현장실습의 직무 만족이 취업에 도움이 될 수 있도록 한다.
1학년,1학기,1전선,HACL0002,식품영양학전공,현대인의영양과건강,3,3,"영양소의 소화와 흡수, 기능, 급원 및 체내 대사과정을 이해하고 영양권장량 및 균형식의 뜻과 중요성을 공부하며 현대인에서의 주요 영양 및 식사관련 건강문제를 학습한다."
1학년,1학기,1전선,HACL0003,식품영양학전공,식품학개론,3,3,"본 과목은 식품의 주요 구성 성분인 탄수화물, 단백질 및 지질에 대한 물리화학적 특성 및 조리?가공?저장 시 일어날 수 있는 변화에 대해 강의하고, 건강과 관련된 최근 이슈에 대해 서로 의견을 나눈다."
1학년,1학기,1전선,HACL0004,식품영양학전공,외식산업운영및실습,3,3,외식산업에 대한 총론으로서의 성격을 지니는 본 과목은 외식산업을 둘러싼 내?외적인 환경조건 하에서 외식산업의 효율적이고 과학적인 경영을 위한 이론 및 실무내용을 강의한다. 또한 학생들이 사례연구를 통하여 외식산업에서의 문제해결 능력을 함양할 수 있도록 내용을 구성한다.
1학년,1학기,1전선,HACL6004,식품영양학전공,글로벌외식커뮤니케이션,2,2,"본 강좌는 작문, 말하기, 상호간의 의사소통에 초점을 두고 있다. 서비스 관련한 학생들의 의사소통을 돕고, 효율적인 전달방식을 배우게 된다."
1학년,1학기,1전선,HACL9223,식품영양학전공,퀴진&스타일링,3,3,"외식을 기반으로 한 음식산업의 영역은 조리영역에서 확대되어 음식을 어떻게 선보여 소비자의 시선을 사로잡을 수 있는지에 대한 상당한 관심이 생겨났으며, 음식을 다루는 기업들은 음식과 스타일링을 하나의 개념으로 경쟁 무기로 사용하기까지 하고 있다. 이에 본 교과목에서는 조리를 어떻게 스타일링을 구성하여서 소비자의 시선을 사로잡을 수 있는지를 실습하고자 한다."
1학년,2학기,1전선,HACL0008,식품영양학전공,한국조리,3,3,"한식문화를 세계에 알리기 위해 한국 전통음식에 담긴 건강철학, 전통 음식문화의 역사, 전통음식의 종류, 향토음식, 영양학적 가치 등을 탐구하고 실습을 통해 전통 음식의 다양한 조리법을 익힌다."
1학년,2학기,1전선,HACL9001,식품영양학전공,식품화학,3,3,"식품의 기본성분인 탄수화물, 지질, 단백질, 수분, 비타민 및 무기질, 색소 등의 화학적인 구조, 성질, 반응 등을 배우고 식품과 관련된 각종 식품 효소들의 특성과 이것들이 식품의 품질에 미치는 영향 등을 다룬다. 아울러, 심화된 전공지식의 확장을 위한 기본 유기화학의 개념도 함께 다룬다."
2학년,1학기,1전선,HACL0001,식품영양학전공,생리학,3,3,"소화, 호흡, 순환, 신장, 내분비, 신경, 근육생리 등 인체생리에 대하여 전반적으로 다룬다."
2학년,1학기,1전선,HACL0006,식품영양학전공,식생활과문화,3,3,"선사시대 생존을 위한 수렵채취 활동에서 시작되어 오늘날 세계화 시대를 맞아 타문화와의 융합으로 탄생한 퓨전(fusion) 음식의 출현까지 각 시대별로 동서양 음식문화의 형성과정을 사회, 경제, 영양인류학적 관점에서 고찰해 봄으로써 미래 식생활문화의 발전적 방향을 모색해 본다."
2학년,1학기,1전선,HACL0007,식품영양학전공,고급영양학,3,3,"생체 내에서 전개되는 영양소 대사과정, 생체역학, 생체산화와 영양소 대사상의 상호관계를 깊이 있게 공부한다."
2학년,1학기,1전선,HACL6014,식품영양학전공,서양조리,3,3,"본 강의는 서비스관련 학과에서 서양조리와 관련된 다양한 부분들을 실습한다. 조리과정, 조리실습, 조리표현 등을 배우게 된다."
2학년,1학기,1전선,HACL6017,식품영양학전공,고급식품학,3,3,"식품성분과 2차 산물의 구조, 성질, 반응을 학습하고, 식품 내 기능성 성분의 종류와 생체 내에서의 기능성 발현작용 등에 관한 최근 연구 동향을 문헌고찰을 통해 파악한다."
2학년,1학기,1교직,HATT0010,식품영양학전공,교육학개론,2,2,교육의 제 원리와 그 실제에 대한 학문적 이해를 통해 앞으로의 교직과목 이수에 요구되는 교육학적 지식의 기초를 마련한다. 현대 교육학의 기본 개념과 이론적 구상들을 통해 교육의 목적과 의미를 개관한다.
2학년,1학기,1교직,HATT0040,식품영양학전공,교육사회,2,2,"교육사회학은 교육이란 활동을 사회라는 거대한 조직과 연결하여 교육현장에서 활용할 수 있는 사회학적 지식을 체계화 한 것이란 관점에서, 교육의 사회적 기능 및 사회?문화간의 관계를 기존의 이론적 틀 속에서 규명하여 새로운 교육의 미래를 진단한다."
2학년,1학기,1교직,HATT0212,식품영양학전공,디지털교육,1,1,"본 강의는 시대에 부합하는 인재 양성 및 교육의 효과성 제고를 위해 예비교사의 AI?디지털 교육에 대한 이해 및 실천 역량을 키우는 것을 목적으로 한다. 본 강의는 AI?디지털에 대한 개념과 원리를 다루고, AI?디지털 기술의 올바른 사용과 윤리적 실천에 대한 비판적 관점과 논의를 진행한다. 학습자들은 예비교사로서 AI?디지털 융합 및 활용 교육의 개념을 이해하고 관련 사례를 접함으로써 교육 현장에서의 AI?디지털 기술을 효과적으로 활용할 수 있는 기초 소양을 기른다."
2학년,2학기,1전선,HACL0009,식품영양학전공,생애주기영양학,3,3,"가족의 연령별 영양대사의 특성과 인구문제, 식습관, 식품공해 등 여러 환경적 요인으로부터 초래되는 영양문제를 다루고 영양원리에 입각한 식생활방안을 깨닫게 한다."
2학년,2학기,1전선,HACL0017,식품영양학전공,푸드스타일링및경영,3,3,"푸드 스타일링은 음식을 조리하기 이전 단계에서 메뉴를 기획하고 조리과정이 끝난 후 메뉴를 어떻게 보이도록 할 것인지를 배우는 과정이다. 현장을 이해해야 하며, 작업의 흐름 및 기초 스타일링 기술을 배운다."
2학년,2학기,1전선,HACL6008,식품영양학전공,급식경영및인사관리,3,3,"급식소의 효과적인 경영을 위해 필수적인 인적자원의 계획과 확보, 유지와 활용 및 개발을 체계적으로 강의한다."
2학년,2학기,1전선,HACL9215,식품영양학전공,식품영양통계학,3,3,"식품영양 통계학은 식품, 영양, 외식 분야의 자료를 분석하고, 분석한 자료를 기반으로 전략을 수립할 수 있는 사고를 기르는 교과목이다."
2학년,2학기,1전선,HACL9219,식품영양학전공,식생활평가,3,3,"식생활관리의 목표인 영양면, 경제면, 노력, 시간면을 고려한 식단 작성 방법을 배우고 실습을 통해 실무적 역량을 강화한다. 작성된 식단에 대해 영양적/경제적 평가를 통해 식단 계획 및 관리, 식품 구매 등에 관한 융복합 실무적용능력을 배양한다."
2학년,2학기,1전심,HACL9221,식품영양학전공,식품미생물학,3,3,"본 교과목은 미생물의 분류, 동정, 명명법 등 미생물의 기본적인 내용을 학습하며식품에 서식 및 오염은 물론 식품의 제조 및 가공 등에 영향을 미치는 미생물의 종류와 특성을 학습하고 식품의 부패 및 발효와 이들 미생물과의 관계에 대해서 이해한다. 발효식품 및 제조를 포함하는 식품 및 바이오산업에서 미생물의 중요성에 대해서 학습하고 이해하고 미생물을 이용한 앞으로의 산업과 마이크로바이옴과의 관계에 대해서도 다룬다."
2학년,2학기,1전선,HACL9222,식품영양학전공,식품소재학실습,3,3,"잘못된 식생활은 질병으로 이어질 가능성이 높기 때문에 각 질병의 특징을 고려한 식품소재 선택 및 지속적인 맞춤형 소재 개발이 필요하다. 본 교과목에서는 각 질병과 관련한 천연 식품소재 및 새로운 식품소재개발과 관련한 강의, 문헌(논문)조사 및 내용발표, 그리고 각 질병을 타겟으로 하는 식품소재개발 프로젝트로 구성하여 진행된다."
2학년,2학기,1전선,HAFU0004,식품영양학전공,식품과운동생리학,3,3,"신체활동과 운동시 인체의 생리학적 변화를 연구하는 운동생리학을 이해하고 식품에 대한 대사작용을 학습한다. 결국 섭취한 음식에 대한 운동시 대사작용을 이해하는 것이 주요 목적이며, 영양학전공자와 체육학 전공자들의 융합적 사고를 증진시켜 창의적이며, 시너지를 낼 수 있는 관련분야 창의적 융합형 인재를 양성하는 것이 본 교과의 목적이다."
2학년,2학기,1교직,HATT0002,식품영양학전공,교육과정,2,2,"교육과정의 개념, 이론, 유형, 변천사, 그리고 최근의 교육과정 쟁점 등을 탐구하고, 교육과정 문해력을 함양하며, 교육과정을 편성, 재구성 및 개발하고 운영할 수 있는 능력을 배양한다."
2학년,2학기,1교직,HATT0020,식품영양학전공,교육심리,2,2,"가르치고 배우는 과정과 관련된 인간의 심리를 체계적으로 이해하고, 교육현장에서 만나는 학생들의 심리적 특성을 탐구한다."
2학년,2학기,1교직,HATT0030,식품영양학전공,교육철학및교육사,2,2,교육이론의 기저를 형성하는 상이한 인간이해 및 주요한 철학적 관점을 소개하면서 교육의 본질과 목적 그리고 교육적 가치의 역사?문화적 요인들을 논의한다. 다양한 교육사상가와 교육철학을 비교?평가함으로써 교육의 기본적인 문제점들과 그에 대한 해결방안을 모색하며 그에 따른 교육의 이론과 철학의 동향을 연구한다.
2학년,2학기,1교직,HATT0104,식품영양학전공,교직실무,2,2,교직에 대한 이해를 높이고 교사의 실질적 업무를 개괄함으로써 바람직한 교사가 되기 위한 소양을 기른다. 1. 교사의 삶과 교직에 대한 자신의 견해를 확인하며 왜 교사가 되고자 하는지를 숙고한다. 2. 교사의 다양한 업무에 대해 실질적으로 이해한다.
2학년,2학기,1교직,HATT0200,식품영양학전공,교육봉사활동1,1,2,"초중등 학생들의 학습지도 등을 통하여 현장에서 학생들과 상호작용하는 경험을 쌓고, 예비교사로서 인성과 자질을 함양한다."
2학년,2학기,1교직,HATT0206,식품영양학전공,교육봉사활동2,1,2,"예비교사로서 학생들과 실질적인 교류를 경험하고, 이것을 통해 교직에 관한 마음가짐을 새롭게 한다."
3학년,1학기,1전선,HACL0013,식품영양학전공,제과제빵학,3,3,"디저트 류에 관련된 이론과 원리 습득을 통해 다양한 종류의 페이스트리(pastry), 효모 빵(yeast bread), 머랭(meringues), 커스타드(custard), 디저트 소스(dessert sauces), 케잌, 쿠키 등 디저트에 관련된 모든 기초 아이템을 실습한다."
3학년,1학기,1전심,HACL6003,식품영양학전공,급식경영및마케팅전략(캡스톤디자인),3,3,"외식산업에 대한 전반적인 이론과 최근의 동향에 대해서 배우고, 외식산업에서 중요한 부분을 차지하는 마케팅에 대한 지식과 전략을 습득한다."
3학년,1학기,1전심,HACL6013,식품영양학전공,식품위생학및실험,3,3,"식품에 의해 직접 또는 간접적으로 일어날 수 있는 건강 장애인 식중독, 경구 전염병, 인축공통 전염병, 기생충 질환 및 HACCP에 대해 공부하고 위생 상태를 점검할 수 있는 능력을 터득한다."
3학년,1학기,1전심,HACL6016,식품영양학전공,식품가공및저장학,3,3,식품의 가공과 저장에 이용되는 다양한 방법과 그 원리를 탐구하고 식품의 가공과 저장중에 일어나는 이화학적 변화 및 그 응용방법을 공부한다.
3학년,1학기,1교직,HATT0003,식품영양학전공,교육평가,2,2,"교육평가에 관련된 검사문항 제작법, 검사의 양호도를 의미하는 타당도, 신뢰도, 객관도, 실용도, 문항의 난이도, 변별도 등에 관련된 이론을 살펴보고 이들 교육평가 분야에서의 최근 연구 동향을 파악하여 교육현장에서 효율적으로 활용할 수 있도록 한다."
3학년,1학기,1전선,HATT0071,식품영양학전공,조리교과교육론,3,3,"조리교과의 특성에 맞는 교과목표를 기술하고 효율적인 학습방법을 발견하여 그 내용을 연구한다. 즉, 조리교과의 목표, 중요성, 교과내용의 탐구, 학습지도의 기술 및 적용, 효과적인 학습지도의 실제 등을 배운다."
3학년,1학기,1교직,HATT0090,식품영양학전공,교육행정및교육경영,2,2,"교육행정 전반에 걸친 주요개념 및 이론들을 탐색하고 각 개념 및 이론들이 어떻게 교육현장에서 구현되고 있는지 이해한다. 교육조직, 직무동기, 교육리더십, 의사소통 및 의사결정, 인사행정, 재정, 장학, 학교 및 학급경영 등 교육행정 주요영역별 이론들을 실제적 적용 관점에서 탐구한다."
3학년,1학기,1교직,HATT0103,식품영양학전공,특수교육학개론,2,2,"본 교과는 일반교육 예비교사를 대상으로 특수교육 대상자에 대한 이해, 특수교육과정, 장애영역별 특성 및 교수-학습 방법, 통합교육, 장애인을 위한 제반 서비스 지원과 관련된 사항을 교육함으로써 장애학생 통합 상황에서 교사로써의 역할을 준비하기 위한 과목이다."
3학년,1학기,1교직,HATT0200,식품영양학전공,교육봉사활동1,1,2,"초중등 학생들의 학습지도 등을 통하여 현장에서 학생들과 상호작용하는 경험을 쌓고, 예비교사로서 인성과 자질을 함양한다."
3학년,1학기,1교직,HATT0206,식품영양학전공,교육봉사활동2,1,2,"예비교사로서 학생들과 실질적인 교류를 경험하고, 이것을 통해 교직에 관한 마음가짐을 새롭게 한다."
3학년,1학기,1교직,HATT0210,식품영양학전공,학교폭력예방및학생의이해,2,2,"중등 교육현장에서 생활지도의 주요한 쟁점이 되는 학교폭력을 효과적으로 다룰 수 있는 역량을 갖추기 위하여, 학교폭력의 구조, 유형, 원인, 위험요인 전반에 대한 이론적 이해와 더불어 학교폭력 예방 및 대처를 위한 다양하고 실제적인 접근을 다룬다."
3학년,2학기,1전심,HACL0024,식품영양학전공,단체급식관리및실습,3,3,"학교, 기업체, 병원, 사회복지 단체 등 비영리 급식소, 급식위탁전문업체 그리고 외식업체 등 다수 인원을 대상으로 한 급식소에서의 급식관리에 관한 기본적인 이론을 배우고 실습을 통해 적용해 본다."
3학년,2학기,1전선,HACL5001,식품영양학전공,실험조리,3,3,식품이 조리과정을 통해 변화되는 기전에 대해 연구하고 과학적인 검토를 통하여 조리방법의 개발 능력을 키운다.
3학년,2학기,1전선,HACL5005,식품영양학전공,생화학,3,3,"당질, 지질, 단백질 및 핵산의 구조와 성질, 효소의 특성과 기능, 단백질 합성 등 유전정보에 대해 강의한다."
3학년,2학기,1전선,HACL6001,식품영양학전공,영양교육및상담,3,3,"현대인들에게서 발생하기 쉬운 영양문제를 이론적으로 다루며, 이를 예방하거나 해결하기 위한 교육 및 상담방법과 이론을 습득한다."
3학년,2학기,1교직,HATT0056,식품영양학전공,생활지도및상담,2,2,"청소년들의 전인적 발달과 정신건강을 돕기 위한 생활지도의 다양한 접근을 이해하고, 실제 학교 현장에서 활용할 수 있는 생활지도 방법을 학습한다."
3학년,2학기,1교직,HATT0070,식품영양학전공,교육방법및교육공학,2,2,"교육공학과 관련한 기초적인 교수-학습이론 및 교수설계이론들을 탐구해 보고, 교사로서 혹은 교수설계자로서 효과적인 교수-학습환경을 설계 및 적용할 수 있는 능력을 배양시키고자 한다. 본 교과에서는 다양한 교수설계모형에 따라 실제 수업을 설계해보고, 학교교육뿐만 아니라 기업교육 등 다양한 맥락에서 교육공학을 활용할 수 있는 역량을 갖추도록 한다."
3학년,2학기,1전선,HATT0098,식품영양학전공,조리교과교재연구및지도법,3,3,"조리교과의 학습지도안을 작성하고 실제수업에 임할 수 있으며, 이에 적합한 교편물을 제작할 수 있도록 학습지도안 작성요령, 교편물 이용 및 개발방안, 학습지도의 실제등을 학습한다."
3학년,2학기,1전선,HATT0205,식품영양학전공,조리교과논리및논술,2,2,본 교과목에서는 전반적인 조리과학의 기초지식을 배우고 각 식품의 조리과정에서 일어나는 과학적 원리를 이해하여 이를 논리적으로 설명 및 서술할 수 있는 능력을 기른다.
4학년,1학기,1전심,HACL0015,식품영양학전공,식사요법,4,4,질환과 영양소와 관련된 임상영양학의 중요성을 이해시키고 그에 따른 식이요법의 원리와 각종 환자식의 종류에 대해 공부한다.
4학년,1학기,1전심,HACL9220,식품영양학전공,건강기능성식품학,3,3,"본 교과목은 생체기능을 조절하고 질병예방을 목적으로 하는 건강기능식품이 무엇인지를 올바로 이해하고 어떻게 설계되고 이용되는지를 학습하고 이해하게 된다. 기능성을 나타내는 식품 및 식품성분의 종류와 특징은 물론 각 생리활성 및 기능성을 평가하는 방법과 시스템에 대해서 학습하고 건강기능식품이 어떻게 건강에 영향을 미칠수 있는지 원리를 이해한다. 또한, 식품산업에서 차지하는 비중과 전망에 대해서도 알아본다."
4학년,1학기,1교직,HATT0100,식품영양학전공,학교현장실습,2,2,예비로사로서 수양과 덕목을 쌓는 기회를 만든다.
4학년,2학기,1전선,HACL0028,식품영양학전공,푸드테크과학기술특론,3,3,"산업 환경의 변화에서 기능성 식품 분야의 연구개발 트랜드와 산업공학, 현재와 미래 과학기술에 대하여 이해하고 전공실무분야에 적용하고자 한다."
4학년,2학기,1전선,HACL6009,식품영양학전공,영양사현장실무,2,2,단체급식소에서의 일정기간 현장실습을 통하여 학교에서 배운 이론을 현장에 적용해 보고 현장에서 실질적으로 요구되는 능력과 자질을 학생 스스로 발견하게 한다. 이를 통해 급식 분야에서의 전문가적 자질을 강화하고 실습 후 고용의 기회를 마련하도록 한다.
4학년,2학기,1전심,HACL6010,식품영양학전공,영양판정,3,3,"영양상태 판정을 위해 사용되는 식이와 체위조사, 생화학적, 임상학적 도구 및 기초원리에 대하여 공부한다."
4학년,2학기,1전선,HACL9218,식품영양학전공,외식창업론(캡스톤디자인),3,3,본 과목은 외식서비스 사업체의 설립과 운영에 필요한 창의적 사고와 행동 역량의 개발 등에 관심 있는 수강생을 대상으로 설계된 창업 교과목이다.
4학년,2학기,1교직,HATT0100,식품영양학전공,학교현장실습,2,2,예비로사로서 수양과 덕목을 쌓는 기회를 만든다.
4학년,2학기,1교직,HATT0211,식품영양학전공,교직과미래교사,2,2,"이 과목은 교직과 교사의 개념, 교직의 전문성과 개발, 교사의 역할과 책임, 교사의 양성과 발달 프로그램, 교사의 인간관계와 교직 수행에 미치는 영향 등을 두루 살펴보고, 특히 급변하는 교직환경 속에서 교사로서의 진로 목표를 이해하고 가다듬고자 한다."
1학년,1학기,1전선,HACK0001,의류학전공,텍스타일기초,3,3,"글로벌 패션 비즈니스 환경에서 텍스타일의 역할을 이해하고 섬유와 원단에 대한 기초지식을 익힌다. 패션 텍스타일의 감성적 측면을 과학적으로 해석할 수 있는 역량을 키우며, 패션산업 관련하여 통용되는 다양한 텍스타일 실무용어를 익힌다."
1학년,1학기,1전선,HACK0003,의류학전공,패션마케팅커뮤니케이션,3,3,"패션마케팅의 개념, 패션마켓환경, 패션마케팅 전략 수립, 패션마케팅 믹스 관리에 관한 기초 지식을 교육함으로써 글로벌패션 비즈니스 및 패션비즈니스 창업 관련 교과목을 수강할 수 있도록 한다."
1학년,1학기,1전선,HACK0008,의류학전공,스타일분석및표현1,3,3,"디자인 프리젠테이션 및 의복제작을 위한 기초 작업으로서 드로잉 기법을 학습한다. 색연필, 마커, 과슈 등을 이용하여 다양한 의복의 스타일과 재질을 표현하고 아도브 포토샵과 아도브 일러스트레이터를 이용하여 시각적 효과를 증대시키는 방법을 연구한다."
1학년,1학기,1전선,HACK9224,의류학전공,패션소품제작,3,3,"이 교과목은 NCS의 ‘패션소품생산’과 ‘가죽?모피생산’을 참고하여 교과 내용을 구성하였다. 학생들은 패션제품생산에 필요한 기초 봉제, 부분 봉제, 장식 봉제 방법을 학습하고, 이를 바탕으로 다양한 패션소품을 제작해봄으로써 의류 제작의 기초 과정을 습득한다."
1학년,2학기,1전선,HACK0004,의류학전공,패턴과의류생산1,3,3,"이 교과목은 NCS의 ‘패턴’과 ‘제직의류생산’을 참고하여 교과 내용을 구성하였다. 스커트와 팬츠의 전체 제작과정(디자인, 소재 선정, 패턴 설계, 재단, 제작)을 실습해 봄으로써 체형과 의복의 구조, 패턴 설계 원리 등을 학습하게 되며 글로벌 의류 생산의 전반적인 개념을 습득한다."
1학년,2학기,1전선,HACK0020,의류학전공,패션리테일테크,3,3,"성공적인 리테일링의 기본 개념 및 전략적 관리에 대해 학습하며, 패션관련 상품을 판매하는 소매업체의 조직과 운영에 대한 이슈를 다룬다. 리테일 조직의 이익을 추구하면서 고객의 욕구를 만족시킬 수 있는 초기 계획과 운영 과정에 대해 강조한다."
1학년,2학기,1전선,HACK9001,의류학전공,스타일분석및표현2,3,3,디자인 및 생산 커뮤니케이션을 위한 수단으로서 플랫 스케치 위주로 드로잉 능력을 신장한다. 이를 통해 옷의 구조뿐만 아니라 실루엣 및 디테일의 아름다움을 이해하고 소통하는 능력을 키운다. 아도브 포토샵과 아도브 일러스트레이터를 이용하여 시각적 효과를 증대시키는 방법을 연구한다. (선수과목: 스타일분석 및 표현1)
1학년,2학기,1전선,HACK9015,의류학전공,현대패션,3,3,20세기 이후 패션과 관련된 다양한 현상들을 분석하고 패션과 소재의 관계를 파악하여 글로벌 패션 마켓에 적용할 수 있는 폭넓은 연구 재료들을 탐색한다.
2학년,1학기,1전선,HACK0002,의류학전공,패션색채기획,3,3,"색채이론을 학습하고 패션상품 기획 및 스타일링에 요구되는 배색 감각을 훈련한다. 브랜드별 색채이미지를 분석하고 패션아이템에 효과적으로 적용하는 능력을 배양한다. 색채 팔레트 구성은 반드시 패브릭을 이용하여 실질적인 패션색채 감각을 익히되, 기획 보드 작업을 위해서 포토샵과 일러스트를 활용한다. (선수과목: 스타일분석 및 표현2)"
2학년,1학기,1전선,HACK0007,의류학전공,패션신소재과학,3,3,"글로벌 패션산업의 현황과 그 속에서 패션소재의 역할에 대한 강의로, 실제 브랜드의 상품개발을 위해 고기능성 패션신소재를 개발하고 적절히 활용할 수 있도록 하기 위해 학생들은 다양한 기능성 신소재들의 기본 원리와 성능 평가방법을 이해하며, 더 나아가 다양한 신소재를 활용한 패션의 의복환경 쾌적성을 과학적으로 평가하는 방법을 익힌다."
2학년,1학기,1전선,HACK0009,의류학전공,패턴과의류생산2,3,3,"이 교과목은 NCS의 ‘패턴’과 ‘제직의류생산’을 참고하여 교과 내용을 구성하였다. 인체의 구조 및 활동에 따른 인체의 변화를 이해하고, 소재 및 재단, 봉제 방법 등에 따른 상호 관계를 분석하면서, 글로벌 의류 생산의 프로세스를 익히는 과정이다. 토루소, 소매, 칼라의 구조를 익히고, 원형을 활용한 다양한 디자인의 블라우스, 셔츠, 원피스 패턴을 개발하고 제작하는 과정에서 요구되어지는 스타일 여유 및 활동 여유분에 관한 감각, 고급 봉제기법, 그리고 완성된 제품의 품질을 평가할 수 있는 안목과 기술을 습득하게 한다."
2학년,1학기,1전선,HACK9231,의류학전공,패션디자인기초,3,3,"의복을 디자인하는데 기본이 되는 복종에 따른 아이템별 구성요소 및 구조를 이해하고 표현하며, 패션 트렌드 및 패션 이미지에 맞는 디자인 전개 방법을 익힌다."
2학년,2학기,1전선,HACK0011,의류학전공,컨셉개발,3,3,"본 교과는 리서치방법, 비판적사고, 표현기술 등을 익힘으로써 디자인 과정에서 당면할 수 있는 문제 해결력을 신장하는 것을 목표로 한다. 학생들은 이미지 맵, 색채 및 소재 맵, 패션 드로잉 및 도식화 작업 등을 통해 컨셉을 개발하여 패션으로 완성하는 과정을 경험한다. 포트폴리오는 포토샵과 일러스트레이터를 활용하여 제작한다. (선수과목: 색채기획)"
2학년,2학기,1전선,HACK0013,의류학전공,테일러링,3,3,"재킷과 코트의 제작 방법을 패턴설계, 가봉 및 보정, 프로덕션 패턴 제작, 봉제공정분석, 봉제완성, 품질평가의 순으로 대량생산 프로세스에 맞추어 실습해 봄으로써 의류생산을 위한 고도의 테크닉을 습득하는 과정이다. 완성된 재킷의 샘플제조지시서, 봉제공정분석도, 생산지시서, 원가계산서 등의 서식을 작성해 봄으로써 실무적응능력을 향상시킨다."
2학년,2학기,1전선,HACK0027,의류학전공,비주얼머천다이징,3,3,"비주얼머천다이징(Visual Merchandising)과 디스플레이의 기본적 이론과 구성능력을 기본으로 공간 감각을 키우며, 전시의 다양한 이미지 표현방법 및 실용적 비주얼머천다이징 전략에 관한 내용을 학습한다. 스케치업 등 비주얼 프로그램을 사용하여 VMD 전략을 수행한다."
2학년,2학기,1전선,HACK9006,의류학전공,패션캐드,3,3,이 교과에서 학생들은 패션 분야에서 필요한 포토샵과 일러스트레이터의 다양한 기능을 학습한다.  이를 활용하여 패션 이미맵을 창작하고 다양한 패션 아이템의 도식화를 구성한다.
2학년,2학기,1전선,HACK9227,의류학전공,패션트렌드와소재,3,3,"본 교과목에서는 패션디자이너와 머천자이저에게 필요한 패션 소재에 대한 실무지식을 다룬다. 학생들은 다양한 패션 트렌드 이미지를 표현하는 패션 소재들 현대 패션과 문화의 메가트렌드 속에서 이해하고, 이러한 감성적 측면을 과학적으로 해석할 수 있다."
3학년,1학기,1전선,HACK0013,의류학전공,테일러링,3,3,"재킷과 코트의 제작 방법을 패턴설계, 가봉 및 보정, 프로덕션 패턴 제작, 봉제공정분석, 봉제완성, 품질평가의 순으로 대량생산 프로세스에 맞추어 실습해 봄으로써 의류생산을 위한 고도의 테크닉을 습득하는 과정이다. 완성된 재킷의 샘플제조지시서, 봉제공정분석도, 생산지시서, 원가계산서 등의 서식을 작성해 봄으로써 실무적응능력을 향상시킨다."
3학년,1학기,1전심,HACK0018,의류학전공,테크니컬디자인,3,3,"생산기반의 글로벌화에 따라 고품질의 패션상품 개발 및 생산을 위해 제품개발단계인 패턴, 원부자재, 사이즈 스펙, 그레이딩, Fit 등 의류생산의 전반적인 흐름을 조정할 수 있는 테크니컬디자인에 관하여 학습한 후, 의류생산용 CAD 시스템을 사용하여 패턴을 설계하고, 산업용 패턴으로 제작하는 방법을 익힌다. (선수과목: 패턴과의류생산1, 패턴과의류생산2)"
3학년,1학기,1전선,HACK5005,의류학전공,패션디자인실무,3,3,"본 교과에서는 포멀웨어, 스포츠웨어, 아동복 등 다양한 복종별 디자인을 전개 방법을 학습하고, 학생들은 이미지맵, 색채 및 소재 맵, 패션 드로잉 및 도식화 작업 등을 통해 컨셉을 복종별 패션 상품으로 개발해 내는 교과목이다. 포트폴리오는 포토샵과 일러스트레이터를 활용하여 제작한다."
3학년,1학기,1전선,HACK9211,의류학전공,글로벌패션머천다이징,3,3,글로벌 관점의 패션 마케팅 및 머천다이징에 대한 이해와 지식을 바탕으로 성공적인 머천다이징 계획을 수립한다. 성공적인 머천다이징 전략 수립을 위해 다양한 데이터베이스를 사용하여 과학적 조사를 수행하는 방법을 학습한다.
3학년,1학기,1전심,HACK9228,의류학전공,드레이핑1,3,3,"드레이핑은 패션의 스타일을 이해하고 이를 인대 위에 천을 둘러서 3차원적으로 구성해 봄으로써 디자이너로서의 3차원적 상상력과 구성력을 기르는 수업이다. 드레이핑1에서는 블라우스, 셔츠 등의 패션 아이템을 구성하기 위한 기술을 익히고 이를 바탕으로 응용 작품을 구성한다."
3학년,2학기,1전심,HACK0005,의류학전공,졸업작품기획(캡스톤디자인),3,3,"졸업 작품 패션쇼를 진행하기 위한 선수과목으로 학생들은 ‘컨셉개발’에서 익힌 리서치 방법, 비판적 사고, 표현기술 등을 바탕으로 창의력 있는 패션 상품 디자인을 위한 아이디어 발상과 전개 방법을 훈련하여 개성 있는 콜렉션으로 발전시키며, 최종 결과물은 포토샵, 일러스트레이터를 활용한 디지털 포트폴리오를 제작된다. 교과과정 중 실무 전문가들이 상품 개발 및 생산에 관한 특강 및 디자인 리뷰를 진행하고, 학생들이 현장실무에서 사용되는 작업지시서를 작성할 수 있도록 훈련한다."
3학년,2학기,1전심,HACK0015,의류학전공,드레이핑2,3,3,"드레이핑은 패션의 스타일을 이해하고 이를 인대 위에 천을 둘러서 3차원적으로 구성해 봄으로써 디자이너로서의 3차원적 상상력과 구성력을 기르는 수업이다. 드레이핑2 에서는 테일러드 재킷, 기모노 코트 등의 패션 아이템을 구성하기 위한 기술을 익히고 이를 바탕으로 응용 작품을 구성한다."
3학년,2학기,1전심,HACK9009,의류학전공,글로벌패션비즈니스,3,3,"원재료, 부자재, 완제품 등을 사입하여 조달하는 패션 기업에게 요구되는 글로벌 아웃소싱에 대한 전반적 지식과 과정에 대해 학습한다. 패션글로벌 아웃소싱과 관련된 경제적, 사회적, 문화적 상황과 지속가능성에 대해 이해하고, 사례분석을 통하여 패션 기업을 위한 발전적 전략을 제시한다. 성공적인 소싱 전략 수립을 위해 다양한 데이터베이스를 사용하여 과학적 조사를 수행하는 방법을 학습한다."
3학년,2학기,1전심,HACK9013,의류학전공,패션소재기획,3,3,패션소재를 기획하는 머천다이저와 디자이너가 필수적으로 알아야 할 실무지식에 대해 학습한다. 학생들은 패션브랜드가 추구하는 스타일 실루엣을 창조하기 위해 이너웨어에서 아우터웨어에 이르기까지 한 시즌 전체 포트폴리오를 어떤 소재를 사용하여 구현할 것인가를 계획하는 패션소재기획에 대해 실습한다.
3학년,2학기,1전심,HACK9229,의류학전공,3D패션과2D패턴,3,3,"본 교과목에서는 패션디자이너, 패터너 또는 모델리스트에게 필요한 3D 패션과 2D 패턴에 대한 실무지식을 다룬다. 학생들은 3D 디지털 공간에서, 기존의 2D 패턴을 3D 패션으로 구현해 보고, 가상 봉제를 통해 아바타에게 가상착의 시뮬레이션을 해봄으로써, 패션디자인 개발을 위한 프로토 샘플 제작의 시간과 비용을 줄이고, 다양한 패션 아이템을 전개 및 발전시킬 수 있는 제작 능력과 창의성을 기른다."
4학년,1학기,1전심,HACK0017,의류학전공,패션마켓리서치와빅데이터분석,3,3,"패션과 관련된 리서치 종류 및 방법에 관하여 이해하고, 연구주제 선정부터 자료수집 및 분석, 보고서 작성에 이르는 일련의 과정을 창의적, 종합적으로 설계한다. 마케팅, 머천다이징, 리테일링 및 관련부서 등 다양한 패션 실무 분야에서 응용가능한 기초적이며 과학적인 리서치방법을 실습을 통해 학습한다. 최종 과제로 데이터를 수집하고 Excel, SPSS 등 통계 프로그램을 사용하여 분석하는 과정을 통해 과학적 조사를 수행한다."
4학년,1학기,1전심,HACK6006,의류학전공,졸업작품제작(캡스톤디자인),3,3,"‘졸업작품기획’에서 진행한 개별 디자인 포트폴리오에서 쇼에 출품할 디자인을 선정하고, 창의적이면서 트렌드를 선도할 수 있는 팀별 컬렉션을 구성하여 실물 제작, 발표한다. 패션쇼 진행을 통해 기획 연출, 무대디자인, 조명, 음악, 헤어&메이크업 등을 활용하여 패션의 상품 가치를 효과적으로 홍보하고, 디지털 포트폴리오를 제작한다."
4학년,1학기,1전심,HACK9225,의류학전공,패션테크놀로지,3,3,"학생들이 패션상품개발의 과정에서 활용될 수 있는 첨단 패션 디지털 테크놀로지에대한 기본 지식을 습득하고, 이를 통해 학생들이 더욱 창의적으로 패션상품을 개발하고 더욱 효율적으로 제품을 생산할 수 있는 융복합 역량 가질 수 있도록 교육하는 것을 목표로 한다."
4학년,2학기,1전선,HACK9230,의류학전공,취창업패션포트폴리오(캡스톤디자인),3,3,"학생들의 취업과 창업을 돕기 위해 패션 마켓 및 소비자의 니즈를 분석하고 실제 브랜드의 시즌 기획 포트폴리오 및 개인 브랜드 런칭, 컬렉션 포트폴리오를 제작한다."
1학년,1학기,1전선,HADN0021,스포츠무용학부,건강관리,3,3,"건강을 증진하기 위한 올바른 운동방법과 운동종목의 특성을 분석하여 운동이 현대인의 건강에 미치는 영향을 살펴보고 각종 성인병 예방법, 건강을 위한 생활습관에 관한 지식을 학습하도록 한다"
1학년,2학기,1전선,HAUS0013,스포츠무용학부,문화예술의이해,3,3,"문화, 예술이라는 폭넓고 큰 틀 안에서 각 분야의 주제를 다양한 시각으로 접근해보고 대표적인 작품 등을 선별하여 감상 및 비평, 이를 통해 이론적인 의미를 해석하며 문화, 예술의 전반적인 내용이해를 도모한다. 문화, 예술의 전반적인 내용을 이해하고 그에 따른 개념을 습득할 수 있도록 하며 이를 통해 문화, 예술의 다양하고 심화된 사고를 할 수 있도록 한다."
1학년,1학기,1전선,HADN8003,스포츠건강관리전공,배구,2,2,배구에 대한 전반적인 이론을 배우고 지도법과 기초적인 기술을 익힌다.
1학년,1학기,1전선,HADN9217,스포츠건강관리전공,"전공기초스포츠(육상,체조)",2,2,육상/체조에 대한 전반적인 이론을 배우고 지도법과 기초적인 기술을 익힌다.
1학년,2학기,1전선,HADN8005,스포츠건강관리전공,뉴스포츠,2,2,"뉴스포츠의 기본기술 습득으로 숙달된 자세와 연습 방법, 경기 운영 방법, 공격과 방어 훈련의 기본이 되는 민첩성, 교차성, 판단력, 지구력, 협동력 등의 기초가 되게 하고, 경기규칙 및 심판법을 습득한다."
1학년,2학기,1전선,HADN9218,스포츠건강관리전공,스포츠안전,2,2,스포츠 안전의 학습원리에 대해 배운다.
2학년,1학기,1전선,HADN0002,스포츠건강관리전공,리듬운동,2,2,"리듬 운동이 인체에 미치는 영향을 이론적으로 알고 이를 토대로 전반적인 지도방법 및 과정을 알아 지도 능력을 배양하며 심폐기능, 지구력 등을 발달시킨다."
2학년,1학기,1전선,HADN0012,스포츠건강관리전공,스포츠심리학,3,3,현대 스포츠심리학 이론을 배우고 현장적용점을 토론한다.
2학년,1학기,1전선,HADN0022,스포츠건강관리전공,스포츠교육학,2,2,"체육교육에 관한 전반적인 내용과 체육교수이론을 이해하고, 체육 지도자로서 가져야 할 신념 및 가치관을 형성케 함으로써 유능한 체육 지도자로서의 자질을 함양시킨다."
2학년,1학기,1전선,HADN8002,스포츠건강관리전공,농구,2,2,농구의 개인 기술을 습득하고 경기의 운영 및 응용기술을 습득함과 동시에 경기규칙과 심판법 및 지도법 등을 이해한다.
2학년,1학기,1전선,HADN9219,스포츠건강관리전공,하계스포츠,2,2,"하계 스포츠의 주요종목인 윈드서핑, 카누, 조정, 수상스키, 스킨 다이빙 등의 기초기량을 습득하여 수상 안전수칙을 숙지하며 이론과 실기를 겸비한 지도자를 배양하는데 교과 목표가 있다."
2학년,1학기,1전선,HADN9230,스포츠건강관리전공,헬스케어와스포츠과학의이해,2,2,체육학의 다양한 기초 전공이론을 스포츠과학의 사례 및 현장에 적용시켜 해석할 수 있는 능력을 키운다.
2학년,1학기,1전선,HAFX0002,스포츠건강관리전공,스포츠·무용생리학,3,3,인체의 생리학적 기능을 이해하고 이들이 운동 수행 시 어떠한 변화를 나타내는지 그리고 생리학적 요인들의 향상에 관련된 이론을 학습한다.
2학년,2학기,1전선,HADN0005,스포츠건강관리전공,운동기능해부학,3,3,"현대체육은 주로 사회학, 인류학, 심리학 및 생리학, 해부학 성장과 발달 등의 영역으로부터 그 과학적 기초를 발견하여야 하고 특히, 해부학적인 면을 고려하여 인체구조를 이해함으로써 신체활동 수행에 따른 구조적, 기능적인 변화를 파악하기 위한 기초를 마련한다."
2학년,2학기,1전선,HADN8001,스포츠건강관리전공,요가,2,2,요가 종목의 기초 실기능력 및 지도할 수 있는 역량을 학습한다.
2학년,2학기,1전선,HADN9211,스포츠건강관리전공,유아체육론,2,2,유아체육을 지도할 수 있는 기초 이론과 실기 프로그램의 구성 및 지도능력을 배운다.
2학년,2학기,1전선,HADN9216,스포츠건강관리전공,운동학습및제어,2,2,"인체 움직임의 신경학적 원리를 이해하고, 이를 바탕으로 운동기술 학습 이론과 적용 방법을 알아본다."
2학년,2학기,1전선,HADN9229,스포츠건강관리전공,특수체육론,2,2,"특수체육의  의미를 이해하고, 특수체육의 진단과 평가 및 지도전략을 학습한다. 지적장애인, 정서장애인, 자폐성장애인, 시각장애인, 청각장애인, 지체장애인 그리고 뇌병변장애인의 체육지도전략을 이해하고 실천할 수 있다. 또한 장애인 올림픽에 대한 지식과 종목별 등급분류에 대한 이해를 할 수 있다."
2학년,2학기,1전선,HADN9235,스포츠건강관리전공,트레이닝방법론,2,2,"보다 효율적이며 안전하게 체력을 단련하고 인체기능을 유지함으로써, 건강을 증진하고 무용실기수행능력을 향상시키려는 트레이닝의 제반 이론 관련 선행연구들을 탐색한다."
2학년,2학기,1전선,HAFU0004,스포츠건강관리전공,식품과운동생리학,3,3,"신체활동과 운동시 인체의 생리학적 변화를 연구하는 운동생리학을 이해하고 식품에 대한 대사작용을 학습한다. 결국 섭취한 음식에 대한 운동시 대사작용을 이해하는 것이 주요 목적이며, 영양학전공자와 체육학 전공자들의 융합적 사고를 증진시켜 창의적이며, 시너지를 낼 수 있는 관련분야 창의적 융합형 인재를 양성하는 것이 본 교과의 목적이다."
3학년,1학기,1전심,HADN0015,스포츠건강관리전공,필라테스,2,2,"필라테스 기본동작과 응용동작의 실기능력을 배우고, 이를 지도할 수 있는 프로그램 구성법과 지도법을 학습한다."
3학년,1학기,1전심,HADN0027,스포츠건강관리전공,운동처방론,3,3,"건강, 질병, 연령에 따른 다양한 운동처방 이론을 학습한다."
3학년,1학기,1전선,HADN8007,스포츠건강관리전공,테니스,2,2,"테니스의 기본 기술인 스트로크, 서브, 발리 등을 익히고 경기를 통하여 경기력을 높이고 앞으로의 전문 지도자의 자질을 습득하는 데 있다."
3학년,1학기,1전심,HADN9212,스포츠건강관리전공,스포츠통계및측정평가,3,3,"스포츠 및 피트니스 분야 양적 자료의 습득과 처리과정, 측정도구의 신뢰도와 타당도 개념과 적용원리를 배우고 실습한다."
3학년,1학기,1전선,HADN9213,스포츠건강관리전공,노인체육론(캡스톤디자인),2,2,이 교과목은 노인의 신체적 기능의 차이에 따라 요구에 맞는 프로그램의 원리를 탐구하는데 목적이 있다. 또한 노화현상에 대하여 살펴보고 그에 따른 기능 저하와 그에 맞는 맞춤형 운동프로그램을 개발할 수 있도록 전문지식과 과학적 근거에 기반을 둔 실제 프로그램개발의 기회를 제공한다.
3학년,1학기,1전심,HADN9221,스포츠건강관리전공,웨이트트레이닝,2,2,웨이트트레이닝에 대한 전반적인 이론을 배우고 지도법과 기초적인 기술을 익힌다.
3학년,1학기,1전선,HADN9231,스포츠건강관리전공,스포츠캡스톤프로젝트(캡스톤디자인),3,3,학생들은 스포츠 및 건강 과학에 대한 지식을 업계 주도의 문제에 적용한다. 학생들은 팀 단위로 학습하고 활동하며 프로젝트 관리 및 제품 생성 프로세스를 시도한다.
3학년,2학기,1전심,HADN0004,스포츠건강관리전공,골프,2,2,학생들이 골프의 기초적인것부터 시작하여 중급단계의 기술을 배운다.
3학년,2학기,1전심,HADN0013,스포츠건강관리전공,운동영양학,2,2,"영양의 개념, 작용, 식품과 영양가 등 기초적인 문제와 운동과 영양 체육활동 등과 관련된 영양문제에 관하여 강의한다."
3학년,2학기,1전선,HADN0036,스포츠건강관리전공,운동부하검사(캡스톤디자인),3,3,"운동자의 건강과 질환 상태를 진단, 치료 그리고 운동효과를 평가하기 위한 방법을 학습하고 이해한다."
3학년,2학기,1전심,HADN0041,스포츠건강관리전공,임상운동프로그램(캡스톤디자인),2,2,"현재까지 학습한 체육관련 이론을 모두 종합하여 비만, 아동, 노인 대상의 운동프로그램을 구성하고 평가할 수 있는 통합능력을 학습한다."
3학년,2학기,1전심,HADN9222,스포츠건강관리전공,동계스포츠,2,2,"스키, 스노보드, 또는 아이스 스케이팅의 원리, 기술, 컨디셔닝, 지도방법을 배우고 연습한다."
3학년,2학기,1전선,HADN9223,스포츠건강관리전공,스포츠경영,2,2,"스포츠산업을 효율적으로 경영하기 위한 management mind, 경영자의 역할과 유형, 경영관리의 원리, 계획 조직 지휘 통제의 기능이 유기적으로 순환되는 경영의 과정, 경영정보시스템의 구축과 활용 등에 관하여 학습한다."
3학년,2학기,1전선,HADN9224,스포츠건강관리전공,운동과공중보건(캡스톤디자인),3,3,"신체활동역학 이론과 연구물을 검토하고, 신체활동 부족으로 인한 만성질환 예방의 사회과학적 원리와 방법을 배운다."
4학년,1학기,1전선,HADN0045,스포츠건강관리전공,운동상해와재활(캡스톤디자인),2,2,다양한 운동상해에 대한 학습과 운동상해에 따른 체계적 재활단계를 이해하여 운동상해로 인한 합병증을 예방하고 운동상해 전 운동수준으로 회복 및 운동상해가 재발되지 않도록 하는데 관련한 재활프로그램을 이해하고 작성한다.
4학년,1학기,1전심,HADN9225,스포츠건강관리전공,,2,2,"배드민턴/탁구의 원리, 기술, 컨디셔닝, 지도방법을 배우고 연습한다."
4학년,1학기,1전선,HADN9233,스포츠건강관리전공,체육사,2,2,"인류의 발생에서부터 관계가 있는 운동, 스포츠, 체육의 변화에 대하여 안목을 기르도록 탐구하는 교과목으로,시대별, 문명권별로 다양한 형태를 보여온 스포츠에 대한 이해를 촉진하고자 하는데 그 목적을 두고 있다. 또한스포츠의 역사를 바라봄으로서 인간사회에서 스포츠의 역할에 대하여 폭넓게 이해하도록 학습하고자 한다."
4학년,1학기,1전선,HADN9237,스포츠건강관리전공,스포츠마케팅,2,2,현대 스포츠마케팅 이론을 배우고 현장적용점을 토론한다.
4학년,2학기,1전선,HADN0037,스포츠건강관리전공,병태생리학,2,2,질병의 발생과정과 원인을 밝히고 장애가 있는 생리학적 기능을 이해한다.
4학년,2학기,1전선,HADN9234,스포츠건강관리전공,스포츠사회와윤리,2,2,"스포츠 사회구조를 이해하고 스포츠의 사회학적 이해를 탐구를 기본으로 학습한다. 또한 스포츠의 윤리적 문제를 분석하고, 현장에서 발생하는 윤리적 이슈의 본질적 의미를 탐색한다. 스포츠 현장에서 나타날 수 있는 윤리적 이슈에 관한 자신의 의견을 논리적으로 사고하며. 스포츠 현장에서 드러나는 윤리적 문제의 다양한 관점을 이해하여 스포츠에 대한 안목을 넓힌다."
1학년,1학기,1전선,HADN0021,스포츠무용학부,건강관리,3,3,"건강을 증진하기 위한 올바른 운동방법과 운동종목의 특성을 분석하여 운동이 현대인의 건강에 미치는 영향을 살펴보고 각종 성인병 예방법, 건강을 위한 생활습관에 관한 지식을 학습하도록 한다"
1학년,2학기,1전선,HAUS0013,스포츠무용학부,문화예술의이해,3,3,"문화, 예술이라는 폭넓고 큰 틀 안에서 각 분야의 주제를 다양한 시각으로 접근해보고 대표적인 작품 등을 선별하여 감상 및 비평, 이를 통해 이론적인 의미를 해석하며 문화, 예술의 전반적인 내용이해를 도모한다. 문화, 예술의 전반적인 내용을 이해하고 그에 따른 개념을 습득할 수 있도록 하며 이를 통해 문화, 예술의 다양하고 심화된 사고를 할 수 있도록 한다."
1학년,1학기,1전선,HADE0020,무용예술전공,무용의시각화와프리젠테이션,2,2,"무용콘텐츠의 창작과 효과적인 공유를 위한 방법으로, 스토리텔링을 담은 디자인을 통해 창작자의 의도 및 정보를 효과적으로 전달하기 위한 역량을 습득하는 교과목이다. 무용의 시각화 자료를 시청하고 이에 대해 토론하며, 텍스트의 이해와 함축, 추상적 개념의 시각화, 효과적인 비주얼 스토리텔링을 모색하여본다."
1학년,1학기,1전선,HADE0070,무용예술전공,발레테크닉1(기초),2,2,"기본 Bar Work, Center Work(Level I, Ⅱ)를 통하여 다양한 레파토리와 바리에이션을 익힘으로써, 기교와 숙련-개성적 표현-창작의 단계에 이르는 창출 활동을 수행한다."
1학년,1학기,1전선,HADE0075,무용예술전공,한국춤기초원리,2,2,"한국무용의 기초가 되는 호흡법을 바탕으로, 정중동의 원리를 담은 다양한 기법을 습득한다. 기교와 숙련-변용과 확장-개성적 표현의 단계를 거쳐, 독창적인 기법을 탐색하도록 한다."
1학년,1학기,1전선,HADE0077,무용예술전공,현대무용테크닉1(기초),2,2,"현대무용의 기본 원리인 자연스러운 움직임과 테크닉, 바리에이션 등을 습득한다. 동작의 원천을 이루는 테크닉을 분석하여, 고도의 기교를 복합적으로 나타내는 예술적인 표현을 할 수 있도록 한다."
1학년,1학기,1전선,HADE0088,무용예술전공,발레레파토리1(기초),2,2,"기본 Bar Work, Center Work를 통하여, 바른 자세의 유지와 관절의 유연성 증대, 근력의 강화를 도모하는 것을 목표로 한다. 해부학적 접근법에 기초하여 신체의 움직임을 분석하고 이를 테크닉과 연계하여, 완성도 높은 발레동작을 수행하도록 한다."
1학년,1학기,1전선,HADE0089,무용예술전공,현대무용창작1(기초),2,2,"현대무용의 기본 요소로 작용하는 테크닉을 바탕으로, 작품의 소재 선택 및 가치 창출을 시도함으로써 현대무용 작품창작능력을 배양한다."
1학년,1학기,1전선,HADE0090,무용예술전공,전통문화유산과민속무용,2,2,"전통문화유산으로서의 가치를 함축하고 있는 민속무용의 춤사위를 재해석하여, 전통적인 기법을 이해하고 예술적인 미의식을 내면화한다. 전통의 계승을 통하여, 한국무용의 폭넓은 수용과 창안을 체화하도록 한다."
1학년,2학기,1전선,HADE0016,무용예술전공,한국춤창작원리,2,2,"한국춤의 기법을 토대로, 이미지의 변용과 확장, 개성적 표현의 단계를 거쳐 독창적인 기법을 탐색한다. 다원적인 융복합을 통하여, 고도의 예술적 상징성과 한국무용 작품창작능력을 배양하도록 한다."
1학년,2학기,1전선,HADE0017,무용예술전공,현대무용테크닉2(기초),2,2,"현대무용의 기본 원리인 자연스러운 움직임과 테크닉, 바리에이션 등을 습득한다. 동작의 원천을 이루는 테크닉을 분석하여, 고도의 기교를 복합적으로 나타내는 예술적인 표현을 할 수 있도록 한다."
1학년,2학기,1전선,HADE0073,무용예술전공,발레테크닉2(기초),2,2,"기본 Bar Work, Center Work(Level I, Ⅱ)를 통하여 다양한 레파토리와 바리에이션을 익힘으로써, 기교와 숙련-개성적 표현-창작의 단계에 이르는 창출 활동을 수행한다."
1학년,2학기,1전선,HADE0076,무용예술전공,전통연희와국악,2,2,"전통 타악의 기초를 다지는 것을 목표로 한다. 악기를 이용하여 추는 한국무용 작품 가운데 가장 대중적이며 예술적이라 평가되는 북춤, 장고춤, 소고춤 등의 기본 가락과 리듬을 익히고, 이를 춤 동작에 적용할 수 있도록 한다."
1학년,2학기,1전선,HADE0078,무용예술전공,현대무용창작2(기초),2,2,"현대무용의 기본 요소로 작용하는 테크닉을 바탕으로, 작품의 소재 선택 및 가치 창출을 시도함으로써 현대무용 작품창작능력을 배양한다."
1학년,2학기,1전선,HADE0086,무용예술전공,발레레파토리2(기초),2,2,"기본 Bar Work, Center Work를 통하여, 바른 자세의 유지와 관절의 유연성 증대, 근력의 강화를 도모하는 것을 목표로 한다. 해부학적 접근법에 기초하여 신체의 움직임을 분석하고 이를 테크닉과 연계하여, 완성도 높은 발레동작을 수행하도록 한다."
1학년,2학기,1전선,HADE0091,무용예술전공,공연예술과무대디자인,2,2,"공연예술무대의 역사와 무대디자인의 역할을 고찰하고, 실제적인 무대미술 프로세스(세트, 의상, 조명, 소품, 분장, 공간연출, 특수효과 등)를 이해하는 교과목이다. 무대공간의 조형논리와 표현방법, 표현기술 등 기초개념에 대한 이해를 토대로, 무대디자인을 통하여 공연콘텐츠 플롯의 분석과 해석을 구현하는 창의적 과정과 표현기법을 이해한다."
1학년,2학기,1전선,HADE1051,무용예술전공,무용인류학과역사,3,3,"무용에 대한 본질적 이해와 무용의 역사적, 문화적 변화과정을 이해하는 교과목이다. 무용인류학(Dance Anthropology), 민족무용학(Dance Ethnology), 민족안무학(Ethnochoreology) 등의 다양한 관점을 포괄하는 맥락에서, 문화행위로써의 무용을 통찰하는 안목을 키운다."
2학년,1학기,1전선,HADE0007,무용예술전공,무형문화재지정전통무용,2,2,"살풀이춤의 근원을 고찰하여 전통적인 춤 기법을 이해하고, 기능을 습득하는 데에 그 목표를 둔다. 살풀이춤의 기법을 활용할 수 있는 능력을 배양하고, 민족 고유의 정서를 표현할 수 있는 기회를 제공한다."
2학년,1학기,1전선,HADE0008,무용예술전공,현대무용테크닉3(발전),2,2,"동?서양 현대무용의 특성을 이해하고 각기 다른 차이점과 특성을 찾아 비교 분석함으로써, 현대무용 작품과 관련한 전반적인 지식과 무용의 미적 특성을 학습하도록 한다."
2학년,1학기,1전선,HADE0009,무용예술전공,발레테크닉3(발전),2,2,"발레의 기초적 성향을 이해하고, 그것을 기초로 한 응용된 테크닉을 습득한다. 내적?외적인 발레의 표현 능력을 기르는데 그 목적이 있다."
2학년,1학기,1전선,HADE0013,무용예술전공,타악과무용반주,2,2,"한국 전통 타악기에 대한 이론과 실습을 통하여, 한국고유의 기법을 체득하도록 한다. 한국무용에서 요구되는 타주법을 직접 연주해봄으로써, 리듬형식과 음악기법을 이해할 수 있다."
2학년,1학기,1전선,HADE0032,무용예술전공,현대무용창작3(발전),2,2,"현대무용의 기본 요소로 작용하는 테크닉을 바탕으로, 작품의 소재 선택 및 가치 창출을 시도함으로써 현대무용 작품창작능력을 배양한다."
2학년,1학기,1전선,HADE0033,무용예술전공,발레레파토리3(발전),2,2,"다양한 양식의 발레 작품을 실습함으로써, 작품에 대한 이해도를 향상시킬 수 있다. 기본 테크닉과 응용 테크닉의 조화로운 습득을 통해, 발레 테크닉의 완성도를 제고할 수 있다."
2학년,1학기,1전선,HADE0079,무용예술전공,문화예술경영론,3,3,"공연예술경영 형성의 역사와 흐름을 이해하며, 문화예술경영의 학문적 근거를 학습하는 것을 목적으로 한다. 문화예술작품의 기획 과정을 이해함으로써 문화예술작품의 질적 경쟁력을 높이고, 문화예술의 기획, 홍보, 마케팅에 대한 단계별 이해와 총체적 운영에 대하여 학습할 수 있다."
2학년,1학기,1전선,HADE0087,무용예술전공,컨템포러리댄스(기초),3,3,"건강과학, 움직임과학, 대체의학 관련 현장의 다양한 적용에 근간이 되는 실용적이고 실제적인 응용학문을 학습하는 교과목이다. 무용피트니스의 기초를 이해하고, 무용과학과 관련한 현장 임상, 인접분야인 스포츠 자연과학 분야에 대해 탐구한다."
2학년,1학기,1전선,HADE0092,무용예술전공,무용교육론,2,2,"무용교육을 위한 기본적인 개념과 이론을 전반적으로 살펴보고 현재 무용교육의 문제점을 분석하여, 무용교육의 발전적 방향을 새롭게 탐색하는 것을 목표로 한다. 무용교육의 기본개념과 무용교육 방법론, 무용교육 평가방법, 그리고 무용교육 수업모형을 탐구한다."
2학년,1학기,1전선,HADE9229,무용예술전공,무용음악제작및실습,2,2,"서양 음악과 무용의 역사적 배경에 대한 이해를 토대로, 무용음악을 제작하고 편집해보는 교과목이다. 음악 제작 및 편집과 관련한 전문적?기술적인 분야를 이해하고 체험할 수 있도록 한다."
2학년,1학기,1전선,HADE9234,무용예술전공,AI하이브리드무용창작,3,3,"본 교과목은 4차 산업혁명의 진화된 인공지능 기술에 대한 원리와 특징을 이해하고, 이러한 기술적 요소를 담아 무용의 외연을 확장할 수 있는 창의융합적인 역량을 함양하기 위한 것이다."
2학년,1학기,1전선,HAFU0023,무용예술전공,문화예술교육개론,2,2,"본 교과목은 문화예술교육 전반에 대한 거시적인 이해를
 토대로 문화예술교육사의 기본적인 소양을 기르기 위한 과목이다. 문화예술교육의 철학적, 정책적, 사회적, 교육적 배경을 통하여 교육에서 예술의 의미와 가치를 파악하고, 이를 기반으로 문화예술교육 프로그램의 개념과 특성을 이해할 수 있도록 한다. 또한 자신의 예술전문성을 확장하여 문화예술사교육사로서의 정체성과 책무성을 인식할 수 있는 기초를 마련한다."
2학년,1학기,1전선,HAFX0002,무용예술전공,스포츠·무용생리학,3,3,인체의 생리학적 기능을 이해하고 이들이 운동 수행 시 어떠한 변화를 나타내는지 그리고 생리학적 요인들의 향상에 관련된 이론을 학습한다.
2학년,2학기,1전선,HADE0018,무용예술전공,발레테크닉4(발전),2,2,"발레의 기초적 성향을 이해하고, 그것을 기초로 한 응용된 테크닉을 습득한다. 내적?외적인 발레의 표현 능력을 기르는데 그 목적이 있다."
2학년,2학기,1전선,HADE0035,무용예술전공,궁중전통문화와정재,2,2,"한국무용의 기초가 되는 호흡법을 바탕으로, 정중동의 원리를 담은 다양한 기법을 습득한다. 정재 중 하나인 춘앵전을 통하여, 전통적인 기법과 기교를 숙련할 수 있다."
2학년,2학기,1전선,HADE0036,무용예술전공,현대무용테크닉4(발전),2,2,"현대무용의 다양한 테크닉을 습득하고 이를 단계별로 심화하여, 다양한 테크닉과 바리에이션 동작을 연결한다. 현대무용의 테크닉과 감정표현 기법을 향상시킬 수 있도록 한다."
2학년,2학기,1전선,HADE0037,무용예술전공,발레레파토리4(발전),2,2,"음악을 통한 예술적 표현, 예술인의 올바른 인격을 통한 역할과 책임을 향상 시키고, 실기 수업을 통해 상체의 중요성과 팔, 다리, 머리의 조화를 이룰 수 있도록 학습한다."
2학년,2학기,1전선,HADE0093,무용예술전공,무용교수학습방법,2,2,"보다 체계적인 강의 실행에 관한 무용 교수학습 방법을 연구하여, 문화예술교육사의 학습자 연령대에 맞춘 무용교육 지도 역량을 강화하는데 목적이 있다. 이를 위하여 무용교육의 기본 개념과 무용교육 방법론, 무용교육의 평가방법, 그리고 무용교육 수업모형을 탐구한다."
2학년,2학기,1전선,HADE0094,무용예술전공,문화다양성과커뮤니티댄스,3,3,"다문화주의로부터의 문화적 다양성 뿐 아니라 신체장애와 한계를 뛰어넘는 커뮤니티 기반의 사회적 통합과 가능성, 사회적 관계와 치유로써 무용교육의 실천을 다루는 교과목이다. 커뮤니티무용의 개념에 대한 이해를 바탕으로, 예술치유로써의 커뮤니티댄스가 가지는 가치와 의의를 파악할 수 있다."
2학년,2학기,1전선,HADE5002,무용예술전공,한국춤창작심화,2,2,"한국춤의 기법을 토대로, 이미지의 변용과 확장, 개성적 표현의 단계를 거쳐 독창적인 기법을 탐색한다. 다원적인 융복합을 통하여, 고도의 예술적 상징성과 한국무용 작품창작능력을 배양하도록 한다."
2학년,2학기,1전선,HADE5003,무용예술전공,현대무용창작4(발전),2,2,"현대무용 실기수행능력을 갖춘 전문 무용수의 양성을 목표로, 현대무용 기본 테크닉과 다양한 바리에이션 동작을 습득하도록 한다."
2학년,2학기,1전선,HADE9235,무용예술전공,스마트미디어와댄스리터러시,2,2,"이 교과는 4차 산업혁명의 새로운 커뮤니케이션 테크로놀로지와 '스마트 미디어'에 대한 이해를 바탕으로 다양한 과학기술(AR,VR, 3D, VR 360 등)을 융합한 무용콘텐츠를 기획, 제작하는 확장된 개념의 댄스리터러시를 함양하기 위함이다."
2학년,2학기,1전선,HADE9236,무용예술전공,특수무용교육실습,2,2,무용의 특성화 및 다양한 현장체험을 바탕으로 특수무용교육 전문가 양성을 위한 NCS 기반 학습 모듈 개발 방안을 제시하고 교육과정을 분석하며 시사점을 도출하며 특수무용교육 전문가 양성을 위한 체계적 시스템을 구축하는데에 목표가 있다.
3학년,1학기,1전심,HADE0040,무용예술전공,캡스톤예술기획(캡스톤디자인),3,3,"현장에서 발생하는 다양한 문제들을 해결할 수 있는 능력을 함양하는 데에 그 목적이 있다. 무용 관련 아이디어를 개진하여 제안하고, 이를 구체화하여 프로젝트로 발전시킬 수 있는 능력을 배양한다."
3학년,1학기,1전심,HADE0049,무용예술전공,한국춤안무법,3,3,"한국춤의 기법을 바탕으로 안무 관련 지식을 풍부하게 하고, 안무 형태와 과정을 습득하게 함으로써 안무자로 성장할 수 있는 토대를 마련하는 교과목이다."
3학년,1학기,1전심,HADE0050,무용예술전공,현대무용창작5(심화),3,3,창의력과 상상력을 바탕으로 개성 있고 독창적인 현대무용 창작 능력을 증진시킬 수 있다. 현대무용 학습과정을 통하여 내면의 사상과 감정의 표현능력을 향상시킬 수 있다.
3학년,1학기,1전심,HADE0051,무용예술전공,발레교육교수법,3,3,학교교육에서 요구되는 발레의 가치와 이해를 탐색하도록 한다. 교육현장에서 요구되는 발레 레파토리를 프로그램화 할 수 있는 능력을 함양할 수 있다.
3학년,1학기,1전선,HADE9223,무용예술전공,무용교육프로그램개발,2,2,"무용교육에 대한 전반적인 지식을 습득하고, 이를 응용한 다양한 프로그램 개발 능력을 향상하도록 한다. 의미 있는 학습과정을 통하여, 무용 전공생들의 교수능력의 함양을 도모할 수 있다."
3학년,1학기,1전심,HADE9226,무용예술전공,무용큐레이션,3,3,"무용 콘텐츠의 창의적인 선별과 배치를 통해 대중들에게 무용의 이해와 향유를 돕는 무용큐레이션의 전문성을 습득하기 위한 교과목이다. 제4차 산업혁명으로의 전환으로 인한 정보 과잉 속에서, 무용콘텐츠의 창의융합적인 기획역량을 체계적으로 학습할 수 있도록 한다."
3학년,1학기,1전선,HADE9227,무용예술전공,문화예술정책및법제,3,3,"문화예술정책의 이론적 기초와 문화예술 관련 법제를 이해하고, 국내외 정책의 현황과 최신 동향을 분석하는 교과목이다. 팔길이 원칙, 문화예술 지원유형, 문화예술의 효과 등 문화정책에 관한 기초적인 이해를 토대로 예술진흥정책, 예술복지정책, 공연예술정책, 콘텐츠산업정책, 문화향유정책(문화복지, 생활문화정책) 등을 다룬다."
3학년,1학기,1전선,HADE9233,무용예술전공,모던핏과필라테스,2,2,"모던핏 필라테스란 현대무용과 피트니스 그리고 필라테스를 결합한 신개념 융복합 무용이다. 현대무용을 기초로 자세교정, 코어운동등의 자세교정에 용이하며 현대사회 심리적 정신적 안정에도 도움을 준다. 따라서 필라테스의 기본개념을 익히고 모던핏 프로그램을 창조할수 있는 전문적 지식을 쌓는것을 목표로 한다."
3학년,2학기,1전심,HADE0045,무용예술전공,문화예술현장직무체험(현장실습),3,3,"현장실습을 통하여, 현장에서 요구되는 경험과 능력을 함양하도록 하는 데에 그 목적이 있다. 이 교과목은 무용예술전공의 인턴십 가이드로서, 무용전공자들에게 새로운 진로대안을 제시하여 줄 수 있다."
3학년,2학기,1전심,HADE0057,무용예술전공,발레레파토리창작발표,3,3,"발레의 본질적인 성향을 습득하고, 그것을 기초로 한 응용된 테크닉을 습득할 수 있다. 창의적인 움직임을 통하여, 발레의 내?외적 측면을 전문적으로 탐구한다."
3학년,2학기,1전심,HADE0058,무용예술전공,현대무용레파토리,3,3,"현대무용가들의 다양한 레파토리를 중심으로 작품을 개발하고, 현대무용 관련 역사적 고찰과 테크닉 연구를 경험할 수 있도록 한다."
3학년,2학기,1전심,HADE0064,무용예술전공,한국춤융복합공연제작,3,3,"다양한 분야 간의 접목과 콘텐츠의 융합을 통하여, 하나의 공연을 제작하는 과정을 실습해보는 교과목이다. 상상력과 창의력을 바탕으로 공연을 기획하고 제작하여, 무대에서 실연하기까지의 과정을 경험하는 데에 그 목적을 둔다."
3학년,2학기,1전선,HADE0071,무용예술전공,무용교육공학,2,2,"무용교육 상황에서 효과적으로 학습이 이루어질 수 있도록 교육의 설계, 개발, 활용, 관리 및 평가에 관한 교육공학의 이론과 실제를 학습하는 교과목이다. 무용교육 상황에서의 매체활용, 의사소통, 실제적 실행에 관한 활용방법과 자원과 체제, 정보를 관리하는 전문성, 다양한 평가영역을 다룬다."
3학년,2학기,1전선,HADE0097,무용예술전공,무용공연기획및프로그램개발,2,2,"예술기업가정신 교육모델을 기초로 무용분야의 새로운 시장발굴, 예술문화상품과 부가가치 창출, 크리에이티브 일자리, 예술창업 비즈니스 플랫폼 등 다양한 가능성을 고려하며 경제 관점을 배가시키는 역량교육을 학습하는 교과목이다."
3학년,2학기,1전선,HADE9228,무용예술전공,공연예술아카이빙,3,3,"공연예술 자료를 수집하고 체계적으로 관리하는 아카이브의 기능, 더 나아가 아날로그 콘텐츠를 디지털화하여 DB화하는 작업, 그리고 창작의 원천자료로 활용될 수 있도록 연구, 개발하는 아카이빙 전문성에 대하여 학습하는 교과목이다."
3학년,2학기,1전선,HADE9232,무용예술전공,빅데이터와예술,2,2,"미래의 4차 산업혁명시대에서 빅데이터는 모든 산업에 있어 기초재료로 쓰여지며, 방대하게 쌓여지는 데이터 자료들은 공연예술문화분야에서도 새로운 발전가능성을 제시하는 역할이 되기도 한다. 따라서  문화예술분야에서 필요한 빅데이터에 대한 이해와 분석방법을 익히고 무용에 적용하고활용방안에 대한 전문적 지식을 쌓는것을 목표로 한다."
4학년,1학기,1전심,HADE0061,무용예술전공,한국춤과공연큐레이션실습,3,3,"무용큐레이션 관련 이론적 지식을 한국춤에 접목하여, 무용아카이브의 전시기획, 안무와 전시의 협업, 공연과 페스티벌의 기획 등의 무용큐레이션 역량을 다양한 방식으로 발휘할 수 있도록 실습하는 교과목이다."
4학년,1학기,1전심,HADE0062,무용예술전공,발레테크닉5(심화),2,2,"발레의 기초적 성향을 이해하고, 그것을 기초로 한 응용된 테크닉을 습득한다. 내적?외적인 발레의 표현 능력을 기르는데 그 목적이 있다."
4학년,1학기,1전심,HADE0063,무용예술전공,현대무용테크닉5(심화),2,2,"차원 높은 예술가로서의 자격을 갖추기 위해, 현대무용의 자유로운 사고와 움직임을 연구하는 교과목이다. 반복적인 훈련과 학습을 통하여, 자유로운 표현능력을 함양할 수 있다."
4학년,1학기,1전심,HADE0065,무용예술전공,현대무용창작워크숍,2,2,"인간의 실체를 매체로 한 새로운 아이템을 개발하고 이를 무용과 접목시켜, 시간적?공간적 예술로서의 현대무용의 독자적인 형태를 이해하도록 한다."
4학년,1학기,1전심,HADE0066,무용예술전공,발레레파토리5(심화),2,2,"심화 Bar Work, Center Work를 통하여 다양한 레파토리와 바리에이션을 익힘으로써, 기교와 숙련-개성적 표현-창작의 단계에 이르는 창출 활동을 수행한다."
4학년,2학기,1전선,HADE0038,무용예술전공,컨템포러리댄스의 이해,3,3,"무용피트니스의 기초를 기반으로, 무용피트니스, 헬스프로모션 등의 개념을 학습한다. 이와 관련한 국내?외의 무용피트니스 프로그램 개발 사례를 조사하고, 이를 직접 구상 및 개발할 수 있다."
4학년,2학기,1전선,HADE0067,무용예술전공,한국무용졸업작품연구,3,3,"작품대본과 안무노트를 근간으로, 한국 춤 기법을 활용하여 독창적인 한국무용 작품을 창출할 수 있도록 하는 데에 그 목적을 둔다."
4학년,2학기,1전선,HADE0068,무용예술전공,발레졸업작품연구,3,3,"발레 전막의 작품 내용을 연구하도록 돕는 교과목이다. 연구한 내용을 바탕으로 동작들을 직접 응용하여 재구성하고, 이를 발표하는 데에 그 목적이 있다."
4학년,2학기,1전선,HADE0069,무용예술전공,현대무용졸업작품연구,3,3,"현대무용 작품 안무 및 실습을 통하여, 자기주도적으로 현대무용의 창작 능력을 개발할 수 있다. 개성 있고 독창적인 예술가로 성장할 수 있도록 돕는 교과목이다."
4학년,2학기,1전선,HAFU0024,무용예술전공,문화예술교육현장의이해와실습,2,2,문화예술현장의 다양한 영역과 대상에게 적용할 수 있는 프로그램의 특성과 현장 사례 분석을 바탕으로 실제 현장에서 적용할 수 있는 문화예술프로그램을 기획하고 설계해 보기 위한 실습 교과목이다.
1학년,1학기,1전선,HADA1101,조형예술전공,드로잉,3,3,"인간, 사회, 자연에 대한 시각예술 전문가로서의 통찰력을 기르고, 그에 대한 체험들을 다양한 재료와 기법을 통하여 각자가 자신의 개성과 창의력에 따라 표현하는 방법을 추구할 수 있도록 하는 미술의 기본적 토대를 학습한다."
1학년,1학기,1전선,HADA1103,조형예술전공,기초컴퓨터그래픽1,3,3,컴퓨터와 뉴미디어에 기초한 예술의 기본적인 기법과 기술을 숙지하고 컴퓨터그래픽 작업에 있어서 가장 기본 이 되는 프로그램들에 대한 이해와 사용법을 학습한다.
1학년,1학기,1전선,HADA1104,조형예술전공,미술학개론,3,3,"시각예술, 공간예술 등으로도 불리는 다양한 조형예술의 세계와 그에 관한 학문들에 대해 개괄적으로 이해하 고, 향후 거치게 될 조형예술학부의 다양한 커리큘럼 전반과 더 나아가 미술문화에 대해 입문할 수 있도록 한다."
1학년,1학기,1전선,HADA1106,조형예술전공,입체조형,3,3,"물질과 공간에 기초한 3차원의 입체조형 및 구성, 
그리고 창의적인 조형연습을 통해 독자적이고 창의적인 사물관을 형성하고 조형하는 능력을 학습한다."
1학년,2학기,1전선,HADA1102,조형예술전공,평면조형,3,3,"관찰, 시각적 관점, 창의적 사고를 2차원적 
평면에 조형하고 시각화하는 연습을 한다."
1학년,2학기,1전선,HADA1108,조형예술전공,서양미술사,3,3,"서양미술의 발생과 시대적, 
지역적 양식 변천을 고찰함으로써 미술사적 시각에서 역사적 흐름과 특성을 이해시켜 앞으로의 창작활동에 필요한 기초지식을 갖추게 한다."
1학년,2학기,1전선,HADA2231,조형예술전공,인체드로잉과해부학,3,3,"미술해부학은 인체의 양감과 운동 등의 새로운 관계성을 추구하며 해부학적 형태와 구조를 미학적인 측면에서 조형성을 바탕으로 연구하는 학문이다. 
인체의 골격과 근육의 구조 기능 등을 연구하여 인체를 통한 표현능력을 키우고 새로운 조형성의 발견을 돕는데 있다."
2학년,1학기,1전선,HADA0045,조형예술전공,미디어기법,3,3,"목판화사진을 비롯한 이미지의 구성단위를 디지털화 시켜서 재구성하고
 새로운 이미지를 창출해내는 기초과정이다. 이미지구성, 디지털화의 기술적인 문제, 그것이 낳을 미학적인 문제를 다룬다."
2학년,1학기,1전선,HADA1110,조형예술전공,기초조소,3,3,"관찰, 시각적 관점, 창의적 사고를 3차원으로
 조형화하고 시각화하는 능력을 학습한다."
2학년,1학기,1전선,HADA3301,조형예술전공,한국및동양미술사,3,3,"중국을 중심으로 한 동아시아 미술의 시대와
 지역에 따른 변천과정을 양식사적으로 비교 고찰하고 상호간의 연관관계를 인식하여 창작활동과 이론적 인해의 기초를 확립한다."
2학년,1학기,1전선,HADA3341,조형예술전공,판화,3,3,"목판화, 드라이포인트, 동판화, 실크스크린의 
제작과정을 파악하고 판화작업의 특징인 반복과 간접성을 작업을 통해 습득하여 독창적이고 창의적인 조형작업으로 이어지도록 한다. 판화의 개념을 이해하여 다양한 기법을 창출하여 창의적 표현을 이끌어낸다."
2학년,1학기,1전선,HADA5002,조형예술전공,기초한국화,3,3,"우리나라의 전통적인 회화 표현기법과 이를 바탕으로 
전통의 새로운 해석과 가능성을 모색함에 중점을 둔다."
2학년,2학기,1전선,HADA0032,조형예술전공,이미지와프로덕션,3,3,"드로잉, 회화, 사진 등 평면뿐만 아니라 디지털, 입체 작업까지 포괄하는 다양한 시각 이미지들의 특성에 대해 
학습하고 이를 디지털에 기초한 다양한 작품제작 방법을 실습한다."
2학년,2학기,1전선,HADA0043,조형예술전공,기초회화,3,3,"조형언어의 이해와 실습을 통하여 회화의 기초개념을 정립하고, 
표현의 방법과 재료의 성격, 사용방법을 이해함으로써 자율적, 창의적 표현의 기초를 정립한다. 재현의 문제를 이해하고 자신의 감성, 지각, 철학과 연계된 창의적 표현의 가능성을 실험하고, 토론을 통한 객관적 분석을 통하여 독창적 표현을 정립한다."
2학년,2학기,1전선,HADA1022,조형예술전공,조형예술론,3,3,"조형예술의 범주인 회화, 조각, 공예 등 미술전반에 걸친 조형이론들을 체계화함으로써
 실기에 대한 이론적 뒷받침과 개개인의 예술적 사고 및 판단, 분석능력을 함양한다."
2학년,2학기,1전선,HADA9008,조형예술전공,한국화표현연구,3,3,"한국화의 전통 재료와 기법을 통해 현대 한국화의
 다양한 표현방법을 모색한다."
2학년,2학기,1전선,HADA9235,조형예술전공,공간과조형,3,3,"모든 공간을 White Cube 라고 보는 현 시점에서 공간에 대한 새로운 시각의 이해와 그에 따른 조형과의 접근을
시도해 본다."
3학년,1학기,1전심,HADA0004,조형예술전공,인체모델링(캡스톤디자인),3,3,"인체 조소를 통해 학생들이 인체에 대한 기본을 배우고
 이를 통해 작가적 기량을 극대화하는데 목적이 있다."
3학년,1학기,1전심,HADA0005,조형예술전공,문인화,3,3,"교양인의 기초가 되는 문인화의 기법을 익힘으로써
 예술적인 미의 이해와 먹의 농담, 모필의 운용 등 필력을 길러 전통예술의 본질을 이해시키며 현대회화에 활용할 수 있는 능력을 기른다."
3학년,1학기,1전심,HADA3321,조형예술전공,회화와재현(캡스톤디자인),3,3,"회화의 전통적인 관심사인 재현에 대해 연구하고
 각종 재료의 방법을 통한 재현능력을 향상시킨다."
3학년,1학기,1전심,HADA9234,조형예술전공,근현대미술사,3,3,"근대기의 '미술'의 성립과 서세동점으로 동서미술의 상호교류가 왕성해진 근대 한국 및 동서양 미술의 전개양상
을 조망함으로써 미술의 역사적 전개와 다양한 양상 안에서 자신의 정체성을 이끌어 낼 수 있도록 한다."
3학년,2학기,1전선,HADA0028,조형예술전공,뉴미디어아트(캡스톤디자인),3,3,"디지털화된 이미지를 3차원으로 재구성하여 
새로운 이미지를 창출해내고 이를 심화시켜 동영상과 설치 작업을 병행한다."
3학년,2학기,1전심,HADA1117,조형예술전공,독립작품연구(캡스톤디자인),3,3,"작품 제작을 위한 계획수립, 개념 설정, 표현방법모색, 전시방법 등을 연구하여 현대사회를 살아가는 
프로페셔널한 작가로서 작품제작과 실천 역량을 심화 발전시킨다."
3학년,2학기,1전심,HADA9004,조형예술전공,현대예술의쟁점,3,3,1945년 이후 한국을 비롯한 세계 현대미술의 주요 동향과 쟁점들을 정치?경제?사회?문화?과학 등 다양한 삶의 세계에 관한 인접 학문들의 연구성과들과 연계하여 통섭적으로 이해하고 비판적으로 검토 발표 토론함으로써 향후 진로와 실천적 방향 모색을 할 수 있도록 돕는다.
3학년,2학기,1전심,HADA9232,조형예술전공,창작드로잉(캡스톤디자인),3,3,"이 수업은 드로잉의 확장된 개념과 특성을 선과 표면, 
과장과 실험, 미완과 완결이라는 측면에서 알아본다. 나아가 다양한 매체들과 결합하는 드로잉을 통해 경계가 와해되고 미술가의 작업이 하나의 텍스트가 되는 동시대미술의 특성을 이해하는데 도움이 될 수 있도록 한다."
3학년,2학기,1전심,HADA9233,조형예술전공,스튜디오워크샵,3,3,"스튜디오워크샵은 동시대 미술의 흐름을 알아보고, 나아가 현대사회의 변화속에서  개개인의 관심사를 바탕으로 
창의적인 작품제작이 가능할 수 있도록 한다."
4학년,1학기,1전선,HADA9213,조형예술전공,미술과현장(캡스톤디자인),3,3,"미술현장을 직접적으로 접할 수 있는
 기회를 제공하여 미술의 다양한 발전가능성을 경험하고 이를 통   해 학습자로 하여금 향후 전공진로를 모색할 수 있도록 한다."
4학년,1학기,1전심,HADA9225,조형예술전공,졸업작품연구1,2,2,"작품 제작을 위한 계획수립, 개념 설정, 표현방법모색,
 전시방법 등을 연구하여 현대사회를 살아가는  프로페셔널한 작가로서 작품제작과 실천 역량을 심화 발전시킨다."
4학년,1학기,1전심,HADA9226,조형예술전공,창작워크샵1,2,2,"창작워크샵은 동시대 서양미술의 연구와 학생들의
 독립적인 미술작품의 능력을 제시하도록 하며 현대사회의 움임을 받아들일 수 있는 능력을 학생들마다 향상시키도록 한다."
4학년,1학기,1전심,HADA9236,조형예술전공,인공지능에기반한디지털콘텐츠제작기법,3,3,"1. 이 과목에서는 인공 지능 기법을 이용한 디지털 콘텐츠 제작 기법과 사례를 학습하고 적절한 프로그래밍을 통해서 실제 콘텐츠 제작을 수행하는 프로젝트를 진행한다.
2. 조형예술 전공자에게 인공지능에 기반한 디지털 콘텐츠 제작 기법을 학습하게 하고, 스스로 제작 기법을 활용할 수 있는 역량을 배양하도록 하며, 적절한 프로젝트를 통해서 실무적인 경험을 쌓도록 하는 교육 과정을 제공한다.
3.조형예술전공 학생들에게 인공지능에 기반한 정보기술분야와 융합된 디지털 콘텐츠 제작 기법의 새로운 응용사례와 핵심 기술을 접하도록 하여 트렌드에 익숙해질 수 있는 기회를 제공하고 인공지능 전공자와의 소통 능력을 향상시켜 융복합 핵심역량을 기를 수 있도록 함."
4학년,1학기,1전선,HAFU0020,조형예술전공,라키비움의이해,3,3,"기록 관리의 사회·문화적 중요성에 대한 인식을 바탕으로, 기록물의 평가, 입수, 인증, 보존, 접근점 제공 등 기록관리 분야의 이론, 실제, 현안에 대하여 학습하여, 향후 기록관리 전문가로 진출하였을 때 필요한 기본 지식과 태도를 갖출 수 있도록 한다."
4학년,2학기,1전심,HADA9214,조형예술전공,미술진로워크샵(캡스톤디자인),3,3,"미술이론연구를 통해 창작활동과 진로에 대한 이론적
 이해의 기초를 확립한다."
4학년,2학기,1전선,HADA9229,조형예술전공,졸업작품연구2,2,2,"작품 제작을 위한 계획수립, 개념 설정, 표현방법모색,
 전시방법 등을 연구하여 현대사회를 살아가는  프로페셔널한 작가로서 작품제작과 실천 역량을 심화 발전시킨다."
4학년,2학기,1전선,HADA9230,조형예술전공,창작워크샵2,2,2,"창작워크샵은 동시대 서양미술의 연구와 학생들의 독립적인
 미술작품의 능력을 제시하도록 하며 현대사회의 움임을 받아들일 수 있는 능력을 학생들마다 향상시키도록 한다."
4학년,2학기,1전심,HADA9238,조형예술전공,미디어리터러시,2,2,"본 교과목은 미디어 아트의 이론과 표현 방식에 대한 전문적 이론을 학습하고, 다양한 형태로 표현 및 적용하여 미디어를 통해 의사소통할 수 있는 능력을 키우는 것을 목적으로 한다."
1학년,1학기,1전선,HADB0105,생활예술전공,텍스타일디자인의이해,3,3,"텍스타일 디자인의 이해
섬유예술과 섬유디자인 영역을 이해하기위한 기초과목으로 이론과 실기를 병행한다. 
실기로는 비즈직조 기법을 익히고  기법을 활용하여 작품제작을한다"
1학년,1학기,1전선,HADB1162,생활예술전공,디자인드로잉1,3,3,"디자인 프로세스에서 중요한 과정인 3차원 대상물의 2차원 평면으로의 표현인 도면 제작과 2차원 도면을 3차원 입체의 형태로 구상화 시킬 수 있는 능력을 배양한다. 공간과 형태, 치수 스케일에 대한 능력을 향상시켜 보다 합리적이고 구체적인 창작활동에 기여하도록 한다."
1학년,1학기,1전선,HADB2211,생활예술전공,형태와구조,3,3,가구디자인에서 가장 기본적으로 사용되어지는 목재를 활용하여 가구의 기본 형태인 스툴(stool)을 연구하여 구조와 조형을 익힌다.
1학년,1학기,1전선,HADB4745,생활예술전공,NONWOVEN기법연구,3,3,펠트 기법과 종이작업 전통기법을 이해하고 그 기법들을 활용한 작품 개발 연구한다.
1학년,2학기,1전선,HADB0036,생활예술전공,디자인드로잉2,3,3,"디자인 프로세스에서 중요한 과정인 3차원 대상물의 2차원 평면으로의 표현인 도면 제작과 2차원 도면을 3차원 입체의 형태로 구상화 시킬 수 있는 능력을 배양한다. 공간과 형태, 치수 스케일에 대한 능력을 향상시켜 보다 합리적이고 구체적인 창작활동에 기여하도록 한다."
1학년,2학기,1전선,HADB2272,생활예술전공,기초가구디자인,3,3,웰빙과 로하스 등 현대인에게 있어 일상은 그 어느 시대보다 더 중요한 가치로 인식되고 있다. 가치 있는 일상생활을 영위하기 위하여 생활공간을 더욱 발전시킬 방향을 다양하게 고민해보고 실습과 제작을 통해 문제의식과 해결방법을 평가한다.
1학년,2학기,1전선,HADB4735,생활예술전공,Mixed Media,3,3,물성에 대한 이해를 바탕으로 다양한 표현방법과 재료별로 나타낼 수 있는 질감을 효과적으로 표현할 수 있는 능력을 개발한다.
1학년,2학기,1전선,HADB4737,생활예술전공,색채방법론,3,3,색채 이론과 실습을 통해 색채의 특성과 감성을 습득하여 예술디자인 분야에서 색채를 효과적으로 활용할 수 있는 능력을 배양하고 색채의 다양한 활용 방안에 대해 탐구한다.
2학년,1학기,1전선,HADB0034,생활예술전공,기초공구기법과구조,3,3,목공구 및 목공기계 휴대용 전동기계 등의 사용법을 이해하여 제작실습 과정에서 일어날 수 있는 안전사고로 인한 재해를 방지하고 가구를 직접제작 할 수 있는 능력을 기른다.
2학년,1학기,1전선,HADB0045,생활예술전공,Surface Art기법,3,3,Surface Art에서 활용하고 있는 염료와 섬유의 특성을 이해하고 다양한 표현기법들을 익혀 독창적인 표현능력을 개발한다.
2학년,1학기,1전선,HADB0106,생활예술전공,현대가구디자인사,3,3,서양 근?현대 가구디자인의 역사를 중심으로 시대 변화에 따른 가구디자인의 변화를 연구한다. 가구사의 흐름을 통해 가구디자인의 다양한 위치와 의미를 함께 이해하여 미래 가구디자인 문화의 방향을 이끌어 나갈 수 있는 능력을 배양한다.
2학년,1학기,1전선,HADB8001,생활예술전공,그래픽디자인,3,3,전문적인 텍스타일 프로그램의 전반적인 이해를 통하여 다양한 모티브를 개발하고 텍스타일 프로세스에 활용한다.
2학년,1학기,1전선,HADB9002,생활예술전공,Open Studio Design1,3,3,서로 다른 개념과 미디어가 만나 디자인을 풀어가는 프로젝트 기반 수업이다. 창의적인 아이디어 발상법과 스토리텔링방법을 연구하고 문제해결 과정을 통해 작업으로 도출해내는 방법을 익힌다.
2학년,1학기,1전선,HADB9224,생활예술전공,3D Software,3,3,"컴퓨터 환경을 이용한 가상의 입체 구현능력은 현대 디자인 및 제작 공정에 다양하게 활용될 수 있을 뿐 아니라, 미래 디자인 및 생산 시스템의 기본 역량이라 할 수 있다. 본 수업에서는 다양한 3D표현기법을 습득하고 전문적 디자인 과제에 적응 할 수 있는 3D소프트웨어 활용 능력을 습득한다."
2학년,2학기,1전선,HADB0035,생활예술전공,특수공구기법과조형,3,3,실습공구의 활용을 원활히 진행하여 가구제작에 대한 다양한 방법을 숙지하고 제작 시 발생하는 문제점을 해결 할 수 있는 능력을 기른다.
2학년,2학기,1전선,HADB0038,생활예술전공,재료연구(가구조형),3,3,"재료의 성질, 특성, 표현기법 등을 분석, 연구해서 전문가로서의 자질을 갖추게 하고, 작품 제작시의 응용능력을 향상시켜 이론적 지식을 바탕으로 한 창작 능력을 개발한다."
2학년,2학기,1전선,HADB0042,생활예술전공,OFF-LOOM직물기법,3,3,타피스트리 기법을 활용한 작품제작 및 실용성과의 연계를 통한 활용방안을 연구한다.
2학년,2학기,1전선,HADB4738,생활예술전공,기초니팅기법연구,3,3,크로쉐와 대바늘뜨기 기법을 학습하고 이를 활용한 응용작품 능력을 배양한다.
2학년,2학기,1전선,HADB9003,생활예술전공,Open Studio Design2,3,3,서로 다른 개념과 미디어가 만나 디자인을 풀어가는 프로젝트 기반 수업이다. 창의적인 아이디어 발상법과 스토리텔링방법을 연구하고 작업으로 도출해내는 방법을 익힌다.
3학년,1학기,1전심,HADB3361,생활예술전공,퍼니처캡스톤디자인1,3,3,"가구조형 Process와 가구의 생산과정을 습득하여 실무에 접근할 수 있는 방법을 익힌다. 기능성과 실용성, 조형성이 있는 가구를 디자인하고 제작하여 21세기 현대 사회에서 요구하는 독창적인 가구 디자이너의 능력을 갖추도록 한다."
3학년,1학기,1전심,HADB3381,생활예술전공,아트퍼니처캡스톤디자인1,3,3,가구에서의 기능이 조형에 있음을 추구하는 아트퍼니처에 대해 이해하고 자유로운 발상과 다양한 재료 및 표현을 통해 새로운 의미의 가구를 디자인한다.
3학년,1학기,1전심,HADB3442,생활예술전공,문화상품기획(캡스톤디자인),3,3,전통을 재해석한 현대적 텍스타일 문화 상품 디자인을 목적으로 한다. 또는 전통기법이나 재료 등을 연구하고 새로운가능성을 모색한다.
3학년,1학기,1전심,HADB4741,생활예술전공,Surface Capstone Design1,3,3,특수소재 기법에 대한 폭 넓은 이해를 바탕으로 새로운 표현양식을 개발한다. 개별 연구 작업을 통해 예술성과 디자인 원리를 개인별로 개념화해서 독창적인 기법을 개발한다.
3학년,1학기,1전심,HADB4742,생활예술전공,기초 On-Loom Capstone Design,3,3,"직물 디자인을 위한 조직도 그리기와 읽기, 직물제작 과정에 필요한 다양한 지식, 섬유의 재질감 표현 등을 직물디자인의 이론과 실기과정을 통하여 익힘으로써 기초적인 직물의 이해와 직물 창조 조형능력을 개발한다."
3학년,1학기,1전심,HADB4746,생활예술전공,특수니팅기법연구1,3,3,기본적인 기계 니트 기법을 학습하고 활용방안을 연구한다.
3학년,2학기,1전심,HADB0044,생활예술전공,퍼니처캡스톤디자인2,3,3,"가구조형 Process를 이해하고, 스타일과 재료 선정 및 하드웨어 선택, 제작상의 문제 해결력을 높이고 실무응용 방법을 익힌다."
3학년,2학기,1전심,HADB0102,생활예술전공,브랜딩방법론(캡스톤디자인),3,3,브랜딩에 대한 개념을 이해하고 다양한 방법과 활용에 대한 사례연구를 한다. 이를 바탕으로 퍼스널 브랜딩 즉 맞춤형 디자인 브랜딩을 진행한다. 창의적 사고를 고취하고 창업등 나만의 디자인 아이덴티니를 확립 할 수 있도록 한다.
3학년,2학기,1전심,HADB0104,생활예술전공,특수니팅기법연구2,3,3,전문적인 기계 니트 기법을 심도 있게 학습하고 그 응용방안과 활용방안을 연구한다.
3학년,2학기,1전심,HADB3472,생활예술전공,아트퍼니처캡스톤디자인2,3,3,다양하게 변화하는 가구 문화를 이해하고 새로운 조형을 창조하여 시대의 가치를 이끌어 낼 수 있는 디자인과 제작 기법을 통해 아트퍼니처를 완성한다.
3학년,2학기,1전심,HADB4743,생활예술전공,Surface Capstone Design2,3,3,특수소재 기법에 대한 폭 넓은 이해를 바탕으로 새로운 표현양식을 개발한다. 개별연구 작업을 통해 예술성과 디자인 원리를 개인별로 개념화해서 독창적인 기법을 개발한다.
3학년,2학기,1전심,HADB4744,생활예술전공,On-Loom Capstone Design,3,3,On-Loom 수업을 통하여 익힌 직조 디자인의 지식을 바탕으로 작가나 디자이너로서 작품 활동에 사용되는 직물 조직의 응용 구조를 연구 창작하여 새로운 구조를 이용한 창의적이고 독창적인 작품 제작을 목적으로 한다.
4학년,1학기,1전선,HADB0009,생활예술전공,디자인아트스튜디오I(캡스톤디자인),3,3,디자인아트는 아트와 디자인의 경계선에서 미래의 새로운 문화를 형성하고 있다. 창조적인 발상과 실험 등의 다양한 프로세스를 통해 작품을 구상하고 디자인의 완성도를 높인다.
4학년,1학기,1전선,HADB9004,생활예술전공,텍스타일리빙디자인스튜디오1(캡스톤디자인),3,3,"다양한 개인적, 사회적 현상을 분석하여 담론화하고 이를 생활의 문제로 발전한다. 이를 통해 디자인 소재를 발굴하고 문제를 해결하는 과정을 디자인 방법으로 수행하여 실무역량을 키운다."
4학년,1학기,1전심,HADB9225,생활예술전공,Life Art Project1,3,3,"인간생활전반에 폭넓게 관계하는 아트디자인 분야에서 창의적으로 기획하고 디자인의 통합적인 접근 방법을 통하여 졸업작품을 기획, 제작, 완성한다. 이를 바탕으로 프로젝트를 진행하여, 아트디자이너로서의 디자인 기획 능력을 배양한다."
4학년,1학기,1전선,HADB9231,생활예술전공,직물조형캡스톤디자인1,3,3,디자인아트는 아트와 디자인의 경계선에서 미래의 새로운 문화를 형성하고 있다. 창조적인 발상과 실험 등의 다양한 프로세스를 통해 작품을 구상하고 디자인의 완성도를 높인다.
4학년,1학기,1전선,HADB9232,생활예술전공,퍼니처리빙디자인스튜디오1,3,3,"다양한 개인적, 사회적 현상을 분석하여 담론화하고 이를 생활의 문제로 발전한다. 이를 통해 디자인 소재를 발굴하고 문제를 해결하는 과정을 디자인 방법으로 수행하여 실무역량을 키운다."
4학년,1학기,1전선,HADB9233,생활예술전공,lifeart&designproject1,3,3,"인간생활전반에 폭넓게 관계하는 아트디자인 분야에서 창의적으로 기획하고 디자인의 통합적인 접근 방법을 통하여 졸업작품을 기획, 제작, 완성한다. 이를 바탕으로 프로젝트를 진행하여, 아트디자이너로서의 디자인 기획 능력을 배양한다."
4학년,2학기,1전선,HADB0015,생활예술전공,디자인아트스튜디오2(캡스톤디자인),3,3,프리젠테이션을 통해 디자인 완성도를 높이고 새로운 제작방법과 재료를 연구하여 졸업을 위한 작품을 제작하고 전시한다.
4학년,2학기,1전선,HADB0049,생활예술전공,텍스타일리빙디자인스튜디오2(캡스톤디자인),3,3,"다양한 개인적, 사회적 현상을 분석하여 담론화하고 이를 생활의 문제로 발전한다. 이를 통해 디자인소재를 발굴하고 문제를 해결하는 과정을 디자인방법으로 수행하여 실무역량을 키운다."
4학년,2학기,1전심,HADB9226,생활예술전공,Life Art Project2,3,3,"인간생활전반에 폭넓게 관계하는 아트디자인 분야에서 창의적으로 기획하고 디자인의 통합적인 접근 방법을 통하여 졸업작품을 기획, 제작, 완성한다. 이를 바탕으로 프로젝트를 진행하여, 아트디자이너로서의 디자인 기획 능력을 배양한다."
4학년,2학기,1전선,HADB9234,생활예술전공,직물조형캡스톤디자인2,3,3,디자인아트는 아트와 디자인의 경계선에서 미래의 새로운 문화를 형성하고 있다. 창조적인 발상과 실험 등의 다양한 프로세스를 통해 작품을 구상하고 디자인의 완성도를 높인다.
4학년,2학기,1전선,HADB9235,생활예술전공,퍼니처리빙디자인스튜디오2,3,3,"다양한 개인적, 사회적 현상을 분석하여 담론화하고 이를 생활의 문제로 발전한다. 이를 통해 디자인소재를 발굴하고 문제를 해결하는 과정을 디자인방법으로 수행하여 실무역량을 키운다."
4학년,2학기,1전선,HADB9236,생활예술전공,lifeart&designproject2,3,3,"인간생활전반에 폭넓게 관계하는 아트디자인 분야에서 창의적으로 기획하고 디자인의 통합적인 접근 방법을 통하여 졸업작품을 기획, 제작, 완성한다. 이를 바탕으로 프로젝트를 진행하여, 아트디자이너로서의 디자인 기획 능력을 배양한다."
전체학년,하계 특별학기(A),1전선,HATB0047,생활예술전공,3D Software(특별),3,3,
3학년,2학기,1전선,HARF0005,문화예술대학,취업과창업(문화예술),1,1,"전공과정 3학년 학생을 대상으로 취, 창업 트렌드와 최신 정보 제공, 취업 선배 현직자 및 전문가 특강, 직업 선호도 검사, 자기소개서 작성 지도 및 면접스킬 특강 등을 통해 졸업 후 진로 설정에 도움을 주며, 취·창업 전략을 수립, 설계하고 준비할 수 있도록 한다."
1학년,1학기,1전선,HAGO0001,음악학부,전공실기1,1,1,"전공실기는 전 교과목 중 가장 긴요한 핵심적 과목이다. 매주 1회씩 교수, 학생간의 개인지도를 통하여  이루어지며, 교육과정은 자연히 학생 각자의 전공에 대한 실기 및 이론의 수준에 의거, 신축성 있게 이 루어진다. 개개인에 따른 체계적이고, 효율적인 교육을 통해 음악인으로서의 이론체계와 음악적 표현수 단을 최대한 개발시키는데 그 목적이 있다."
1학년,1학기,1전선,HAGO0002,음악학부,이태리어딕션1,1,1,이태리가곡의 뜻과 분위기를 잘 이해하고 그것을 전달하기 위해 연극적인 요소를 이용하여 의도한 감정을 충실히 전달한다.
1학년,1학기,1전선,HAGO0004,음악학부,관악ㆍ현악합주1,2,2,"현악합주는 현악기로만 이루어진 순수하고 아름다운 화성과 특별한 음색의 곡들을 연주실습을 통해 현 악기의 특성과 상대악기의 음색과 조화를 느끼고, 다양한 표현법을 교육한다.
관악합주는 목관, 금관, 타악기로 우렁차고 힘찬 행진곡 등 여러 협주곡의 연주실습을 통해 상대악기의 음색과 조화를 듣고 느끼면서 관악기만의 특성을 파악하여 작곡과 연주에 폭넓은 이해를 증진시킨다."
1학년,1학기,1전선,HAGO0005,음악학부,재즈화성실습,2,2,재즈와 팝음악에서 사용되는 화성의 구조와 진행을 분석하고 실습함으로써 실용음악 창작에 대한 이해를 높이고 기술을 공부한다.
1학년,1학기,1전선,HAGO0007,음악학부,실내악실기1,2,2,각 시대별 실내악곡 등을 통하여 독보력을 기르고 앙상블 연주에 필요한 음악성을 기르며 악기간의 조화를 이루는 기법과 표현력을 연마한다.
1학년,1학기,1전선,HAGO0008,음악학부,오케스트라및합창1(캡스톤디자인),2,2,"관현악 자체 악기군의 소리를 들으며 연주하는 실습과정으로 여러 종류의 관현악기로 구성되어 있는 오케스트라는 합주를 통한 조화의 균형 속에서 이루어지는 음악미를 창조케 함으로 18세기에서 현대에 이르는 관현악곡을 연주함으로써 보다 높은 기법의 습득과 협동정신을 기르는 데 목표가 있으며 합창은 발성의 기초 훈련부터 시작하여 올바른 발성, 정확한 리듬감, 화음감을 기르고 정확한 발음과 호흡법을 지도한다. 아울러 합창을 통해서 조화와 균형의 아름다움을 체험하고 풍부한 음악적 교양을 쌓는다."
1학년,1학기,1전선,HAGO0009,음악학부,반주법1,2,2,"피아노는 독주 악기인 동시에 다른 음악과의 합주 및 반주를 하는 활용범위가 광범위한 악기이므로 반 주 레슨과 개인 연습을 바탕으로 한 앙상블 훈련을 하고 협동과 조화의 정신을 배우며 여러 시대의 다양 한 레파토리를 통해 연주기법, 솔로리스트와의 호흡맞춤 등을 분석, 연구한다."
1학년,1학기,1전선,HAGO0012,음악학부,연주1,1,1,"연주는 각자의 전공을 연주시간을 통하여 청중들에게 발표함으로써 작곡가 또는 연주가로서의 자질을  향상시키고, 청중으로서의 음악적 분석 및 평가를 할 수 있는 능력배양과 타전공 분야에 대한 일반적인  소양을 갖출 수 있는 기회를 제공하여 훌륭한 음악가로서의 자질을 향상시킨다."
1학년,1학기,1전선,HAUS0016,음악학부,음악사1,2,2,"고대 음악에서 현대음악까지 여러 시대의 다양한 음악의 시대적 양식을 깊이 이해하고 그 시대의 역사적, 사회적, 문화적 교류의 배경을 연구함으로써 음악사의 전반적 흐름을 한층 더 깊이 있는 교육을 한다."
1학년,1학기,1전선,HAUS0017,음악학부,시창청음1,1,1,"청음과 시창력을 길러 음악가로서의 기초실력을 연마하며 어떠한 조표나 음자리표로 된 악보라도 정확
한 리듬과 음정으로 시창할 수 있는 능력을 기름과 동시에 선율 및 화음을 듣고 받아 적을 수 있는 능력
을 기른다."
1학년,1학기,1전선,HAUS0018,음악학부,음악이론1,2,2,"음악의 화성, 선율, 형식, 리듬 등의 구성 및 구조요소를 연구와 분석을 통하여 공부한다."
1학년,2학기,1전선,HAGO0013,음악학부,전공실기2,1,1,"전공실기는 전 교과목 중 가장 긴요한 핵심적 과목이다. 매주 1회씩 교수, 학생간의 개인지도를 통하여  이루어지며, 교육과정은 자연히 학생 각자의 전공에 대한 실기 및 이론의 수준에 의거, 신축성 있게 이 루어진다. 개개인에 따른 체계적이고, 효율적인 교육을 통해 음악인으로서의 이론체계와 음악적 표현수 단을 최대한 개발시키는데 그 목적이 있다."
1학년,2학기,1전선,HAGO0015,음악학부,이태리어딕션2,2,2,이태리가곡의 뜻과 분위기를 잘 이해하고 그것을 전달하기 위해 연극적인 요소를 이용하여 의도한 감정을 충실히 전달한다.
1학년,2학기,1전선,HAGO0016,음악학부,오케스트라및합창2(캡스톤디자인),2,2,"관현악 자체 악기군의 소리를 들으며 연주하는 실습과정으로 여러 종류의 관현악기로 구성되어 있는 오케스트라는 합주를 통한 조화의 균형 속에서 이루어지는 음악미를 창조케 함으로 18세기에서 현대에 이르는 관현악곡을 연주함으로써 보다 높은 기법의 습득과 협동정신을 기르는 데 목표가 있으며 합창은 발성의 기초 훈련부터 시작하여 올바른 발성, 정확한 리듬감, 화음감을 기르고 정확한 발음과 호흡법을 지도한다. 아울러 합창을 통해서 조화와 균형의 아름다움을 체험하고 풍부한 음악적 교양을 쌓는다."
1학년,2학기,1전선,HAGO0017,음악학부,연주2,1,1,"연주는 각자의 전공을 연주시간을 통하여 청중들에게 발표함으로써 작곡가 또는 연주가로서의 자질을  향상시키고, 청중으로서의 음악적 분석 및 평가를 할 수 있는 능력배양과 타전공 분야에 대한 일반적인  소양을 갖출 수 있는 기회를 제공하여 훌륭한 음악가로서의 자질을 향상시킨다."
1학년,2학기,1전선,HAGO0018,음악학부,관악.현악합주2,2,2,"현악합주는 현악기로만 이루어진 순수하고 아름다운 화성과 특별한 음색의 곡들을 연주실습을 통해 현 악기의 특성과 상대악기의 음색과 조화를 느끼고, 다양한 표현법을 교육한다.
관악합주는 목관, 금관, 타악기로 우렁차고 힘찬 행진곡 등 여러 협주곡의 연주실습을 통해 상대악기의 음색과 조화를 듣고 느끼면서 관악기만의 특성을 파악하여 작곡과 연주에 폭넓은 이해를 증진시킨다."
1학년,2학기,1전선,HAGO0019,음악학부,실내악실기2,2,2,각 시대별 실내악곡 등을 통하여 독보력을 기르고 앙상블 연주에 필요한 음악성을 기르며 악기간의 조화를 이루는 기법과 표현력을 연마한다.
1학년,2학기,1전선,HAGO0020,음악학부,,2,2,"미디 및 오디오에 대한 기본적인 개념과 이론에 대하여 공부하고, 미디와 오디오 시퀀싱 프로그램을 이 용하여 작곡, 편곡하는 방법에 대하여 공부한다."
1학년,2학기,1전선,HAGO0022,음악학부,반주법2,2,2,"피아노는 독주 악기인 동시에 다른 음악과의 합주 및 반주를 하는 활용범위가 광범위한 악기이므로 반 주 레슨과 개인 연습을 바탕으로 한 앙상블 훈련을 하고 협동과 조화의 정신을 배우며 여러 시대의 다양 한 레파토리를 통해 연주기법, 솔로리스트와의 호흡맞춤 등을 분석, 연구한다."
1학년,2학기,1전선,HAGO0023,음악학부,시창청음2,1,1,"청음과 시창력을 길러 음악가로서의 기초실력을 연마하며 어떠한 조표나 음자리표로 된 악보라도 정확
한 리듬과 음정으로 시창할 수 있는 능력을 기름과 동시에 선율 및 화음을 듣고 받아 적을 수 있는 능력
을 기른다."
1학년,2학기,1전선,HAGO0024,음악학부,음악이론2,2,2,"음악의 화성, 선율, 형식, 리듬 등의 구성 및 구조요소를 연구와 분석을 통하여 공부한다."
1학년,2학기,1전선,HAGO0108,음악학부,음악사2,2,2,"고대 음악에서 현대음악까지 여러 시대의 다양한 음악의 시대적 양식을 깊이 이해하고 그 시대의 역사적, 사회적, 문화적 교류의 배경을 연구함으로써 음악사의 전반적 흐름을 한층 더 깊이 있는 교육을 한다."
2학년,1학기,1전선,HAFU0023,음악학부,문화예술교육개론,2,2,"본 교과목은 문화예술교육 전반에 대한 거시적인 이해를
 토대로 문화예술교육사의 기본적인 소양을 기르기 위한 과목이다. 문화예술교육의 철학적, 정책적, 사회적, 교육적 배경을 통하여 교육에서 예술의 의미와 가치를 파악하고, 이를 기반으로 문화예술교육 프로그램의 개념과 특성을 이해할 수 있도록 한다. 또한 자신의 예술전문성을 확장하여 문화예술사교육사로서의 정체성과 책무성을 인식할 수 있는 기초를 마련한다."
2학년,1학기,1전선,HAGO0003,음악학부,대위법1,2,2,"18세기 선법 대위법과 기초적인 캐논, 푸가 등의 구조를 연구하는 과목이다. 르네상스 음악 및 바로크 음악의 전반적인 구조를 이해 및 연구를 통하여 설득력 있는 연주를 위한 교육을 목적으로 한다."
2학년,1학기,1전선,HAGO0025,음악학부,전공실기3,1,1,"전공실기는 전 교과목 중 가장 긴요한 핵심적 과목이다. 매주 1회씩 교수, 학생간의 개인지도를 통하여  이루어지며, 교육과정은 자연히 학생 각자의 전공에 대한 실기 및 이론의 수준에 의거, 신축성 있게 이 루어진다. 개개인에 따른 체계적이고, 효율적인 교육을 통해 음악인으로서의 이론체계와 음악적 표현수 단을 최대한 개발시키는데 그 목적이 있다."
2학년,1학기,1전선,HAGO0026,음악학부,피아노연주법1,1,1,피아노 연주법 수업은 피아노 연주 기술을 습득하는데 목적이 있다. 이 수업을 통해 많은 학생들이편안하고 새로운 연주기술과 연주에 관한 감각을 얻을 수 있다.
2학년,1학기,1전선,HAGO0027,음악학부,관현악법1,2,2,"악기의 음색연구를 목적으로 관현악기, 타악기 등의 악기별 성능 및 구조, 음색 및 음역, 악기의 특수성 및 표현의 가능성을 연구하며, 각종 악기의 조성 및 이조문제를 다루고 악기 편성법과 실제적인 기술을 터득한다."
2학년,1학기,1전선,HAGO0028,음악학부,건반화성1,1,1,"악보상의 화음의 구성과 연결 등의 화성학을 건반 상에서 실습하면서 3화음, 속7화음, 비화성음, 변화화음 등의 자유로운 구사능력을 배양시키며, 이조와 전조에 필요한 테크닉을 연마하여 선율에 반주를 부 칠 수 있는 능력을 기른다."
2학년,1학기,1전선,HAGO0029,음악학부,오케스트라및합창3(캡스톤디자인),2,2,"관현악 자체 악기군의 소리를 들으며 연주하는 실습과정으로 여러 종류의 관현악기로 구성되어 있는 오케스트라는 합주를 통한 조화의 균형 속에서 이루어지는 음악미를 창조케 함으로 18세기에서 현대에 이르는 관현악곡을 연주함으로써 보다 높은 기법의 습득과 협동정신을 기르는 데 목표가 있으며 합창은 발성의 기초 훈련부터 시작하여 올바른 발성, 정확한 리듬감, 화음감을 기르고 정확한 발음과 호흡법을 지도한다. 아울러 합창을 통해서 조화와 균형의 아름다움을 체험하고 풍부한 음악적 교양을 쌓는다."
2학년,1학기,1전선,HAGO0030,음악학부,관악ㆍ현악합주3,2,2,"현악합주는 현악기로만 이루어진 순수하고 아름다운 화성과 특별한 음색의 곡들을 연주실습을 통해 현 악기의 특성과 상대악기의 음색과 조화를 느끼고, 다양한 표현법을 교육한다.
관악합주는 목관, 금관, 타악기로 우렁차고 힘찬 행진곡 등 여러 협주곡의 연주실습을 통해 상대악기의 음색과 조화를 듣고 느끼면서 관악기만의 특성을 파악하여 작곡과 연주에 폭넓은 이해를 증진시킨다."
2학년,1학기,1전선,HAGO0031,음악학부,연주3,1,1,"연주는 각자의 전공을 연주시간을 통하여 청중들에게 발표함으로써 작곡가 또는 연주가로서의 자질을  향상시키고, 청중으로서의 음악적 분석 및 평가를 할 수 있는 능력배양과 타전공 분야에 대한 일반적인  소양을 갖출 수 있는 기회를 제공하여 훌륭한 음악가로서의 자질을 향상시킨다."
2학년,1학기,1전선,HAGO0032,음악학부,피아노앙상블1,1,1,"한 대 이상의 피아노에서의 앙상블 연주를 교육하는 과목이다. 피아노 앙상블의 효과적인 연주기법과 연주자간 존중 및 청음이 필수 요건으로서, 음악적인 해석능력을 기르는 동시에 관현악 및 실내악 연주 의 피아노주자를 하는 경우에 다른 악기와의 앙상블 안에서 이루어지는 긴밀성 및 음악적 표현능력을 기른다."
2학년,1학기,1전선,HAGO0033,음악학부,ICT음악플러스,2,2,"본 교과목에서는 음악창작분야에서 소리를 만들고 편집하는 과정과 관련된 현안을 학습하게 함. 아날로그/디지털 사운드의 이해, 디지털화된 음향처리, 디지털 악보제작, 간단한 사운드 제작을 위한 코딩(CSound),동영상편집기법의 이론적 기초를 다루고 학생들로 하여금 이론적인 모형을 구현하는 다양한 소프트웨어들의 활용법을 익힘."
2학년,1학기,1전선,HAGO0034,음악학부,실내악실기3,2,2,각 시대별 실내악곡 등을 통하여 독보력을 기르고 앙상블 연주에 필요한 음악성을 기르며 악기간의 조화를 이루는 기법과 표현력을 연마한다.
2학년,1학기,1전선,HAGO0035,음악학부,부전공기악실기1,1,1,자신의 전공 외의 다른 음악분야를 실제로 접하여 수준에 맞는 기술적 향상을 시키며 음악적 경험을 쌓는다.
2학년,1학기,1전선,HAGO0036,음악학부,음악분석1,2,2,"모든 악곡에서 사용되고 있는 화성과 화음의 진행 및 조성을 분석하며, 선율과 화음의 유기적 관계 및  음악의전반적인 구성요소를 이해하는 능력을 기른다."
2학년,1학기,1전선,HAGO0037,음악학부,스튜디오테크닉,2,2,"이론과 실습을 통한 스튜디오 테크놀로지와 기초적인 레코딩 과정에 대한 이해를 교육함으로서 소리의 특성을 파악, 고려하여 실제 연주나 음반 제작 시 수준 높은 음향을 연출할 수 있는 능력을 습득한다."
2학년,1학기,1전선,HAGO0038,음악학부,독일어딕션1,1,1,독일가곡의 뜻과 분위기를 잘 이해하고 그것을 전달하기 위해 연극적인 요소를 이용하여 의도한 감정을 충실히 전달한다
2학년,1학기,1전선,HAGO0039,음악학부,한국가곡연구,2,2,"한국시의 문학적인 해석을 통해 예술가곡을 이해하고, 이에 맞는 음악적 표현법을 익힌다."
2학년,1학기,1전선,HAGO0040,음악학부,형식과분석1,2,2,바그너 이후부터 무조주의 이전의 다양한 음악사조 및 음악적 어법을 공부한다.
2학년,1학기,1전선,HAGO0116,음악학부,음악분야에서의인공지능,3,3,"이 과목에서는 인공지능을 이해하고 음악분야에서 인공지능이 어떻게 발전되어 왔으며 현재 어디까지 왔으며 앞으로 어떻게 발전할 것인지 이해하고 이를 위해 준비하고 대처하도록 한다. 

인공지능의 동력원인 빅데이터에 대한 이해와 인공지능의 역사 원리, 현황, 사례를 분석 이해하고 음악 분야에서 실질적인 활용을 이한 다양한 어플리케이션의 이해와 활용, 그리고 미래적인 개발과 방향성에 대한 인사이트를 갖고 예술인으로서 이를 어떻게 활용할 것인지 또한 인공지능의 부정적인 부분에 대해 이해하고 이를 어떻게 대처할지를 고민한다."
2학년,2학기,1전선,HAGO0014,음악학부,대위법2,2,2,"18세기 선법 대위법과 기초적인 캐논, 푸가 등의 구조를 연구하는 과목이다. 르네상스 음악 및 바로크 음악의 전반적인 구조를 이해 및 연구를 통하여 설득력 있는 연주를 위한 교육을 목적으로 한다."
2학년,2학기,1전선,HAGO0041,음악학부,전공실기4,1,1,"전공실기는 전 교과목 중 가장 긴요한 핵심적 과목이다. 매주 1회씩 교수, 학생간의 개인지도를 통하여  이루어지며, 교육과정은 자연히 학생 각자의 전공에 대한 실기 및 이론의 수준에 의거, 신축성 있게 이 루어진다. 개개인에 따른 체계적이고, 효율적인 교육을 통해 음악인으로서의 이론체계와 음악적 표현수 단을 최대한 개발시키는데 그 목적이 있다."
2학년,2학기,1전선,HAGO0042,음악학부,뮤지컬작곡법,2,2,"음악극, 뮤지컬 음악을 작곡하는데 있어서 중요한 작곡적 요소들에 대하여 공부한다. 인성을 위한 작곡 에 중점을 둔다."
2학년,2학기,1전선,HAGO0043,음악학부,오케스트라및합창4(캡스톤디자인),2,2,"관현악 자체 악기군의 소리를 들으며 연주하는 실습과정으로 여러 종류의 관현악기로 구성되어 있는 오케스트라는 합주를 통한 조화의 균형 속에서 이루어지는 음악미를 창조케 함으로 18세기에서 현대에 이르는 관현악곡을 연주함으로써 보다 높은 기법의 습득과 협동정신을 기르는 데 목표가 있으며 합창은 발성의 기초 훈련부터 시작하여 올바른 발성, 정확한 리듬감, 화음감을 기르고 정확한 발음과 호흡법을 지도한다. 아울러 합창을 통해서 조화와 균형의 아름다움을 체험하고 풍부한 음악적 교양을 쌓는다."
2학년,2학기,1전선,HAGO0044,음악학부,연주4,1,1,"연주는 각자의 전공을 연주시간을 통하여 청중들에게 발표함으로써 작곡가 또는 연주가로서의 자질을  향상시키고, 청중으로서의 음악적 분석 및 평가를 할 수 있는 능력배양과 타전공 분야에 대한 일반적인  소양을 갖출 수 있는 기회를 제공하여 훌륭한 음악가로서의 자질을 향상시킨다."
2학년,2학기,1전선,HAGO0045,음악학부,피아노연주법2,1,1,피아노 연주법 수업은 피아노 연주 기술을 습득하는데 목적이 있다. 이 수업을 통해 많은 학생들이편안하고 새로운 연주기술과 연주에 관한 감각을 얻을 수 있다.
2학년,2학기,1전선,HAGO0046,음악학부,건반화성2,1,1,"악보상의 화음의 구성과 연결 등의 화성학을 건반 상에서 실습하면서 3화음, 속7화음, 비화성음, 변화화음 등의 자유로운 구사능력을 배양시키며, 이조와 전조에 필요한 테크닉을 연마하여 선율에 반주를 부 칠 수 있는 능력을 기른다."
2학년,2학기,1전선,HAGO0047,음악학부,형식과분석2,2,2,바그너 이후부터 무조주의 이전의 다양한 음악사조 및 음악적 어법을 공부한다.
2학년,2학기,1전선,HAGO0048,음악학부,독일어딕션2,2,2,독일가곡의 뜻과 분위기를 잘 이해하고 그것을 전달하기 위해 연극적인 요소를 이용하여 의도한 감정을 충실히 전달한다
2학년,2학기,1전선,HAGO0049,음악학부,부전공기악실기2,1,1,자신의 전공 외의 다른 음악분야를 실제로 접하여 수준에 맞는 기술적 향상을 시키며 음악적 경험을 쌓는다.
2학년,2학기,1전선,HAGO0050,음악학부,마스터코랄1,1,1,전문적 합창 레퍼토리를 심층적으로 연구하여 다양한 공간과 형태의 연주를 통한 무대 경험을 쌓는다.
2학년,2학기,1전선,HAGO0051,음악학부,피아노앙상블2,1,1,"한 대 이상의 피아노에서의 앙상블 연주를 교육하는 과목이다. 피아노 앙상블의 효과적인 연주기법과 연주자간 존중 및 청음이 필수 요건으로서, 음악적인 해석능력을 기르는 동시에 관현악 및 실내악 연주 의 피아노주자를 하는 경우에 다른 악기와의 앙상블 안에서 이루어지는 긴밀성 및 음악적 표현능력을 기른다."
2학년,2학기,1전선,HAGO0052,음악학부,관현악법2,2,2,"악기의 음색연구를 목적으로 관현악기, 타악기 등의 악기별 성능 및 구조, 음색 및 음역, 악기의 특수성 및 표현의 가능성을 연구하며, 각종 악기의 조성 및 이조문제를 다루고 악기 편성법과 실제적인 기술을 터득한다."
2학년,2학기,1전선,HAGO0053,음악학부,음악분석2,2,2,"모든 악곡에서 사용되고 있는 화성과 화음의 진행 및 조성을 분석하며, 선율과 화음의 유기적 관계 및  음악의전반적인 구성요소를 이해하는 능력을 기른다."
2학년,2학기,1전선,HAGO0055,음악학부,관악ㆍ현악합주4,2,2,"현악합주는 현악기로만 이루어진 순수하고 아름다운 화성과 특별한 음색의 곡들을 연주실습을 통해 현 악기의 특성과 상대악기의 음색과 조화를 느끼고, 다양한 표현법을 교육한다.
관악합주는 목관, 금관, 타악기로 우렁차고 힘찬 행진곡 등 여러 협주곡의 연주실습을 통해 상대악기의 음색과 조화를 듣고 느끼면서 관악기만의 특성을 파악하여 작곡과 연주에 폭넓은 이해를 증진시킨다."
2학년,2학기,1전선,HAGO0056,음악학부,실내악실기4,2,2,각 시대별 실내악곡 등을 통하여 독보력을 기르고 앙상블 연주에 필요한 음악성을 기르며 악기간의 조화를 이루는 기법과 표현력을 연마한다.
2학년,2학기,1전선,HAGO0106,음악학부,음악교육론,2,2,"이 교과목은 문화예술교육으로서 음악교육의 목적과 역할에 대한 이해를 바탕으로, 음악 분야의 문화예술교육전문인으로서 기본적인 소양을 기르기 위한 과목이다."
2학년,2학기,1전선,HAGO0113,음악학부,공연제작의기술관리,2,2,"공연 프로덕션의 글로벌화로 무대공연 예술을 포함한 엔터테이먼트 산업 시장이 확대되고 있는 현재, 공연제작에 필요한 전문적인 양성이 요구되고 있다. 학생은  이 강의로부터 무대예술 전문인 양성에 필요한 기본 지식을 배운다."
3학년,1학기,1전심,HAGO0057,음악학부,전공실기5,1,1,"전공실기는 전 교과목 중 가장 긴요한 핵심적 과목이다. 매주 1회씩 교수, 학생간의 개인지도를 통하여  이루어지며, 교육과정은 자연히 학생 각자의 전공에 대한 실기 및 이론의 수준에 의거, 신축성 있게 이 루어진다. 개개인에 따른 체계적이고, 효율적인 교육을 통해 음악인으로서의 이론체계와 음악적 표현수 단을 최대한 개발시키는데 그 목적이 있다."
3학년,1학기,1전심,HAGO0058,음악학부,프랑스어딕션1,1,1,"프랑스 예술가곡과 오페라를 연주하기 위한 프랑스어 발음법을 연구, 연주한다 (강의 조별활동, 음악감상, 연주, 테스트)"
3학년,1학기,1전선,HAGO0060,음악학부,음악마케팅과관객창출,2,2,"예술가들이 자신의 관객을 창출하는데 있어 필요한 마케팅에 대해 공부한다.  브랜드화, 홍보, 미디어, 디지털 마케팅 등 다양한 마케팅 토픽에 대해 공부한다."
3학년,1학기,1전선,HAGO0061,음악학부,마스터코랄2(캡스톤디자인),1,1,전문적 합창 레퍼토리를 심층적으로 연구하여 다양한 공간과 형태의 연주를 통한 무대 경험을 쌓는다.
3학년,1학기,1전심,HAGO0062,음악학부,오케스트라및합창5(캡스톤디자인),2,2,"관현악 자체 악기군의 소리를 들으며 연주하는 실습과정으로 여러 종류의 관현악기로 구성되어 있는 오케스트라는 합주를 통한 조화의 균형 속에서 이루어지는 음악미를 창조케 함으로 18세기에서 현대에 이르는 관현악곡을 연주함으로써 보다 높은 기법의 습득과 협동정신을 기르는 데 목표가 있으며 합창은 발성의 기초 훈련부터 시작하여 올바른 발성, 정확한 리듬감, 화음감을 기르고 정확한 발음과 호흡법을 지도한다. 아울러 합창을 통해서 조화와 균형의 아름다움을 체험하고 풍부한 음악적 교양을 쌓는다."
3학년,1학기,1전심,HAGO0063,음악학부,연주5,1,1,"연주는 각자의 전공을 연주시간을 통하여 청중들에게 발표함으로써 작곡가 또는 연주가로서의 자질을  향상시키고, 청중으로서의 음악적 분석 및 평가를 할 수 있는 능력배양과 타전공 분야에 대한 일반적인  소양을 갖출 수 있는 기회를 제공하여 훌륭한 음악가로서의 자질을 향상시킨다."
3학년,1학기,1전심,HAGO0064,음악학부,음악사3,2,2,"고대 음악에서 현대음악까지 여러 시대의 다양한 음악의 시대적 양식을 깊이 이해하고 그 시대의 역사적, 사회적, 문화적 교류의 배경을 연구함으로써 음악사의 전반적 흐름을 한층 더 깊이 있는 교육을 한다."
3학년,1학기,1전심,HAGO0065,음악학부,관악ㆍ현악합주5,2,2,"현악합주는 현악기로만 이루어진 순수하고 아름다운 화성과 특별한 음색의 곡들을 연주실습을 통해 현 악기의 특성과 상대악기의 음색과 조화를 느끼고, 다양한 표현법을 교육한다.
관악합주는 목관, 금관, 타악기로 우렁차고 힘찬 행진곡 등 여러 협주곡의 연주실습을 통해 상대악기의 음색과 조화를 듣고 느끼면서 관악기만의 특성을 파악하여 작곡과 연주에 폭넓은 이해를 증진시킨다."
3학년,1학기,1전선,HAGO0066,음악학부,성악문헌1,1,1,인류의 음악사에서 가장 오래된 역사를 지닌 성악은 다른 악기에 비해 방대한 양의 작품이 존재한다. 시대와 국가별로 성악곡의 변화와 발전역사를 이해하여 연주에 실질적인 도움을 주고자 한다.
3학년,1학기,1전심,HAGO0067,음악학부,극음악제작(캡스톤디자인),2,2,"무대공연을 위한 음악창작, 제작법과 공연의 운영과 기획을 실습을 통하여 공부한다. 이 강좌는 실제적인 컨텐츠를 제작하고 이를 완성된 공연으로 극장에 올리는 프로젝트성 수업이다."
3학년,1학기,1전심,HAGO0068,음악학부,피아노문헌1,2,2,각 시대별 피아노 음악의 다양한 작품을 올바르게 이해하고 주요 작곡가들의 역사적 배경과 양식적 특징을 중심으로 이들의 주요작품의 악곡분석과 음악 감상을 통한 다양한 작품을 접할 수 있는 과목이다.
3학년,1학기,1전심,HAGO0069,음악학부,20세기음악의이해,2,2,"20세기 초반부터 현재에 이르기까지 나타났던 작곡 기법들을 소개하고, 실제 작품 속에서 분석을 실시하여 이론과 실제의 결과물을 동시에 살펴본다. 기본적인 작곡 기법들의 이해 후에는 학생들이 직접 자신들의 창작품에 적용하여 새로운 음악 어법들을 익힌다."
3학년,1학기,1전심,HAGO0070,음악학부,피아노교수법1,2,2,"피아노 지도자로서의 실전교육에 필요한 다양한 이론과 실기를 겸비하도록 하며, 여러 연령대 및 실력에 따른 다양한 유형의 학생지도에 필요한 교육방법을 익히고 창의적인 교육방법을 만들어낼 수 있는 교육자로서의 능력을 터득한다."
3학년,1학기,1전심,HAGO0071,음악학부,실내악연주기획1(캡스톤디자인),2,2,"고전시대부터 현대에 이르기까지 실내악곡들 중에서 주요 작곡가들의 작품들을 발췌하여 음악적, 이론적으로 접근하여 강의, 토론, 주제발표 등을 통해 스타일의 특징을 이해한다."
3학년,1학기,1전선,HAGO0072,음악학부,오케스트라레파토리1,1,1,중요한 오케스트라 레파토리 실습을 통하여 오케스트라 연주자로서의 기량을 키우고 오디션에 대비한 기술을 습득 한다.
3학년,1학기,1전선,HAGO0109,음악학부,음악교수학습방법,2,2,"이 교과목은 문화예술교육으로서 음악교육을 실행할 때 효과적인 ‘학습’이 발생할 수 있도록 준비, 계획, 실행(수업), 평가 등을 포함한 포괄적인 교수능력을 지닌 예술교육전문가의 역량강화를 위한 과목이다."
3학년,2학기,1전심,HAGO0073,음악학부,전공실기6,1,1,"전공실기는 전 교과목 중 가장 긴요한 핵심적 과목이다. 매주 1회씩 교수, 학생간의 개인지도를 통하여  이루어지며, 교육과정은 자연히 학생 각자의 전공에 대한 실기 및 이론의 수준에 의거, 신축성 있게 이 루어진다. 개개인에 따른 체계적이고, 효율적인 교육을 통해 음악인으로서의 이론체계와 음악적 표현수 단을 최대한 개발시키는데 그 목적이 있다."
3학년,2학기,1전선,HAGO0074,음악학부,성악앙상블,2,2,"정해진 오페라들의 작곡가와 대본가에 대해 살펴보고, 줄거리와 등장 인물에 대해 알아본다. 이것을 기초로 하여 오페라속의 중창곡들은 분석하고 각자 맡은 역활을 표현하고 상대방과 조화있게 노래할 수 있도록 한다."
3학년,2학기,1전선,HAGO0075,음악학부,관악ㆍ현악합주6,2,2,"현악합주는 현악기로만 이루어진 순수하고 아름다운 화성과 특별한 음색의 곡들을 연주실습을 통해 현 악기의 특성과 상대악기의 음색과 조화를 느끼고, 다양한 표현법을 교육한다.
관악합주는 목관, 금관, 타악기로 우렁차고 힘찬 행진곡 등 여러 협주곡의 연주실습을 통해 상대악기의 음색과 조화를 듣고 느끼면서 관악기만의 특성을 파악하여 작곡과 연주에 폭넓은 이해를 증진시킨다."
3학년,2학기,1전선,HAGO0076,음악학부,피아노교수법2,2,2,"피아노 지도자로서의 실전교육에 필요한 다양한 이론과 실기를 겸비하도록 하며, 여러 연령대 및 실력에 따른 다양한 유형의 학생지도에 필요한 교육방법을 익히고 창의적인 교육방법을 만들어낼 수 있는 교육자로서의 능력을 터득한다."
3학년,2학기,1전심,HAGO0077,음악학부,프랑스어딕션2,2,2,"프랑스 예술가곡과 오페라를 연주하기 위한 프랑스어 발음법을 연구, 연주한다 (강의 조별활동, 음악감상, 연주, 테스트)"
3학년,2학기,1전선,HAGO0079,음악학부,성악문헌2,2,2,인류의 음악사에서 가장 오래된 역사를 지닌 성악은 다른 악기에 비해 방대한 양의 작품이 존재한다. 시대와 국가별로 성악곡의 변화와 발전역사를 이해하여 연주에 실질적인 도움을 주고자 한다.
3학년,2학기,1전심,HAGO0080,음악학부,현대음악분석,2,2,19세기 후반부터 현대에 이르는 음악적 양식의 변화를 공부한다. 또한 이를 시대 및 예술정신의 변화와 연계하여 연구함으로써 작곡가의 철학을 이해하고 창의적인 정신을 키우는 것이 교육의 목표이다.
3학년,2학기,1전선,HAGO0081,음악학부,공연기획(캡스톤디자인),2,2,"캡스톤 디자인 수업으로 학생들이 자신들이 습득한 지식을 바탕으로 창의적인 생각과 효율적인 문제해결 과정, 그리고 함께 협력을 통하여 공연을 기획하고 연주하는 수업이다."
3학년,2학기,1전선,HAGO0082,음악학부,관현악편곡법,2,2,악기론과 관현악법 강좌를 통하여 공부한 관현악 편곡 기술을 기초로 다양한 관현악 편성을 위한 편곡 및 기술활용을 실습하고 필드에서 필요로 하는 제작기술을 공부한다.
3학년,2학기,1전심,HAGO0083,음악학부,음악사4,2,2,"고대 음악에서 현대음악까지 여러 시대의 다양한 음악의 시대적 양식을 깊이 이해하고 그 시대의 역사적, 사회적, 문화적 교류의 배경을 연구함으로써 음악사의 전반적 흐름을 한층 더 깊이 있는 교육을 한다."
3학년,2학기,1전심,HAGO0084,음악학부,연주6,1,1,"연주는 각자의 전공을 연주시간을 통하여 청중들에게 발표함으로써 작곡가 또는 연주가로서의 자질을  향상시키고, 청중으로서의 음악적 분석 및 평가를 할 수 있는 능력배양과 타전공 분야에 대한 일반적인  소양을 갖출 수 있는 기회를 제공하여 훌륭한 음악가로서의 자질을 향상시킨다."
3학년,2학기,1전선,HAGO0085,음악학부,실내악연주기획2(캡스톤디자인),2,2,"고전시대부터 현대에 이르기까지 실내악곡들 중에서 주요 작곡가들의 작품들을 발췌하여 음악적, 이론적으로 접근하여 강의, 토론, 주제발표 등을 통해 스타일의 특징을 이해한다."
3학년,2학기,1전심,HAGO0086,음악학부,오케스트라및합창6(캡스톤디자인),2,2,"관현악 자체 악기군의 소리를 들으며 연주하는 실습과정으로 여러 종류의 관현악기로 구성되어 있는 오케스트라는 합주를 통한 조화의 균형 속에서 이루어지는 음악미를 창조케 함으로 18세기에서 현대에 이르는 관현악곡을 연주함으로써 보다 높은 기법의 습득과 협동정신을 기르는 데 목표가 있으며 합창은 발성의 기초 훈련부터 시작하여 올바른 발성, 정확한 리듬감, 화음감을 기르고 정확한 발음과 호흡법을 지도한다. 아울러 합창을 통해서 조화와 균형의 아름다움을 체험하고 풍부한 음악적 교양을 쌓는다."
3학년,2학기,1전심,HAGO0087,음악학부,피아노문헌2,2,2,각 시대별 피아노 음악의 다양한 작품을 올바르게 이해하고 주요 작곡가들의 역사적 배경과 양식적 특징을 중심으로 이들의 주요작품의 악곡분석과 음악 감상을 통한 다양한 작품을 접할 수 있는 과목이다.
3학년,2학기,1전선,HAGO0110,음악학부,음악교육프로그램개발,2,2,이 교과목은 다양한 음악 교수학습모형에 대한 이해를 기반으로 음악교육에 효과적인 교수학습 전략을 활용하면서 문화예술교육 패러다임에 적합한 음악 교육프로그램을 개발할 수 있는 기본역량을 기르기 위한 과목이다.
3학년,2학기,1전선,HAGO0115,음악학부,예술인을위한알렉산더테크닉,1,1,"이 수업은 호주 출신의 알렉산더가 만든 테크닉을 배우는 실기  진행 수업이다. 알렉산더 테크닉은 올바른 자세, 호흡, 말하기 등 인간의 신체를 어떻게 사용하느냐?에 따라 어떤 영향을 미치며, 올바르게 사용하는 방법등을 배우는 수업으로 음악, 연극 등 모든 예술인들이 그들의 전공에 정신적, 신체적으로 모두 적용시켜 도움을 받을 수 있는  실기 수업이다."
4학년,1학기,1전심,HAGO0089,음악학부,전공실기7,1,1,"전공실기는 전 교과목 중 가장 긴요한 핵심적 과목이다. 매주 1회씩 교수, 학생간의 개인지도를 통하여  이루어지며, 교육과정은 자연히 학생 각자의 전공에 대한 실기 및 이론의 수준에 의거, 신축성 있게 이 루어진다. 개개인에 따른 체계적이고, 효율적인 교육을 통해 음악인으로서의 이론체계와 음악적 표현수 단을 최대한 개발시키는데 그 목적이 있다."
4학년,1학기,1전선,HAGO0090,음악학부,오페라클래스1(캡스톤디자인),2,2,"역사, 연기와 분장 등 오페라의 이해와 공연에 관련된 지식을 포괄적으로 학습한 뒤, 집중적인 이론 및  실습을 통하여 연구한다."
4학년,1학기,1전선,HAGO0091,음악학부,관악ㆍ현악합주7,2,2,"현악합주는 현악기로만 이루어진 순수하고 아름다운 화성과 특별한 음색의 곡들을 연주실습을 통해 현 악기의 특성과 상대악기의 음색과 조화를 느끼고, 다양한 표현법을 교육한다.
관악합주는 목관, 금관, 타악기로 우렁차고 힘찬 행진곡 등 여러 협주곡의 연주실습을 통해 상대악기의 음색과 조화를 듣고 느끼면서 관악기만의 특성을 파악하여 작곡과 연주에 폭넓은 이해를 증진시킨다."
4학년,1학기,1전심,HAGO0092,음악학부,영어딕션1,1,1,"이 강의의 목표는 세계의 공용어인 영어의 딕션을 배우는 것이다. 영국작곡가의 작품을 직접 불러봄으로써 올바른 
딕션을 습득하며 영국가곡의 레퍼토리를 넓힌다."
4학년,1학기,1전심,HAGO0093,음악학부,오케스트라및합창7(캡스톤디자인),2,2,"관현악 자체 악기군의 소리를 들으며 연주하는 실습과정으로 여러 종류의 관현악기로 구성되어 있는 오케스트라는 합주를 통한 조화의 균형 속에서 이루어지는 음악미를 창조케 함으로 18세기에서 현대에 이르는 관현악곡을 연주함으로써 보다 높은 기법의 습득과 협동정신을 기르는 데 목표가 있으며 합창은 발성의 기초 훈련부터 시작하여 올바른 발성, 정확한 리듬감, 화음감을 기르고 정확한 발음과 호흡법을 지도한다. 아울러 합창을 통해서 조화와 균형의 아름다움을 체험하고 풍부한 음악적 교양을 쌓는다."
4학년,1학기,1전심,HAGO0094,음악학부,실용음악프로젝트(캡스톤디자인),2,2,"실용 음악에서 가요, 영화, 광고 등 여러 상황에서 실제로 쓰이는 여러 음악적 스타일에 대하여 알아보 고 작/편곡하는 방법들을 공부한다."
4학년,1학기,1전심,HAGO0096,음악학부,피아노문헌3,2,2,각 시대별 피아노 음악의 다양한 작품을 올바르게 이해하고 주요 작곡가들의 역사적 배경과 양식적 특징을 중심으로 이들의 주요작품의 악곡분석과 음악 감상을 통한 다양한 작품을 접할 수 있는 과목이다.
4학년,1학기,1전심,HAGO0111,음악학부,지휘법,2,2,지휘에 필요한 음악적 이해와 신체적인 타법을 학습하고 관현악 및 합창곡 지휘를 실습한다.
4학년,2학기,1전선,HAFU0024,음악학부,문화예술교육현장의이해와실습,2,2,문화예술현장의 다양한 영역과 대상에게 적용할 수 있는 프로그램의 특성과 현장 사례 분석을 바탕으로 실제 현장에서 적용할 수 있는 문화예술프로그램을 기획하고 설계해 보기 위한 실습 교과목이다.
4학년,2학기,1전심,HAGO0097,음악학부,전공실기8,1,1,"전공실기는 전 교과목 중 가장 긴요한 핵심적 과목이다. 매주 1회씩 교수, 학생간의 개인지도를 통하여  이루어지며, 교육과정은 자연히 학생 각자의 전공에 대한 실기 및 이론의 수준에 의거, 신축성 있게 이 루어진다. 개개인에 따른 체계적이고, 효율적인 교육을 통해 음악인으로서의 이론체계와 음악적 표현수 단을 최대한 개발시키는데 그 목적이 있다."
4학년,2학기,1전심,HAGO0098,음악학부,오케스트라및합창8(캡스톤디자인),2,2,"관현악 자체 악기군의 소리를 들으며 연주하는 실습과정으로 여러 종류의 관현악기로 구성되어 있는 오케스트라는 합주를 통한 조화의 균형 속에서 이루어지는 음악미를 창조케 함으로 18세기에서 현대에 이르는 관현악곡을 연주함으로써 보다 높은 기법의 습득과 협동정신을 기르는 데 목표가 있으며 합창은 발성의 기초 훈련부터 시작하여 올바른 발성, 정확한 리듬감, 화음감을 기르고 정확한 발음과 호흡법을 지도한다. 아울러 합창을 통해서 조화와 균형의 아름다움을 체험하고 풍부한 음악적 교양을 쌓는다."
4학년,2학기,1전심,HAGO0099,음악학부,피아노문헌4,2,2,각 시대별 피아노 음악의 다양한 작품을 올바르게 이해하고 주요 작곡가들의 역사적 배경과 양식적 특징을 중심으로 이들의 주요작품의 악곡분석과 음악 감상을 통한 다양한 작품을 접할 수 있는 과목이다.
4학년,2학기,1전선,HAGO0100,음악학부,관악ㆍ현악합주8,2,2,"현악합주는 현악기로만 이루어진 순수하고 아름다운 화성과 특별한 음색의 곡들을 연주실습을 통해 현 악기의 특성과 상대악기의 음색과 조화를 느끼고, 다양한 표현법을 교육한다.
관악합주는 목관, 금관, 타악기로 우렁차고 힘찬 행진곡 등 여러 협주곡의 연주실습을 통해 상대악기의 음색과 조화를 듣고 느끼면서 관악기만의 특성을 파악하여 작곡과 연주에 폭넓은 이해를 증진시킨다."
4학년,2학기,1전선,HAGO0101,음악학부,음악치료,2,2,"음악치료(Music Therapy)란 음악(Music)과 치료(Therapy)의 합성어로서 음악을 매개로 하여 긍정적인  신체 및 심리적 변화를 유도하는데 목적이 있다. 음악치료 이론에 대한 단계적이고 논리적인 이해와 함께 음악의 다양한 분야 중 현장에서 요구되는 진단, 임상기록, 치료과정의 전반적인 평가를 통한 데이터 수집방법, 중재에 수반되는 음악적 기술과 임상적 기술의 기초를 연구하는 방법 등을 음악과 접목해 제시한다."
4학년,2학기,1전심,HAGO0102,음악학부,영어딕션2,2,2,"이 강의의 목표는 세계의 공용어인 영어의 딕션을 배우는 것이다. 영국작곡가의 작품을 직접 불러봄으로써 올바른 
딕션을 습득하며 영국가곡의 레퍼토리를 넓힌다."
4학년,2학기,1전심,HAGO0103,음악학부,영상음악작곡법,2,2,1_3학년까지 습득한 다양한 작곡법을 활용하여 이를 실용음악 혹은 상업적 상품으로서의 음악으로 창작하는 테크닉을 공부하고 실습을 통하여 실용적인 기술로 개발한다.
4학년,2학기,1전선,HAGO0104,음악학부,오페라클래스2(캡스톤디자인),2,2,"역사, 연기와 분장 등 오페라의 이해와 공연에 관련된 지식을 포괄적으로 학습한 뒤, 집중적인 이론 및  실습을 통하여 연구한다."
1학년,1학기,1전선,HBHI0010,글로벌지역학부,글로벌사회와지역문화,2,2,이 교과목은 글로벌지역학부 신입생에게 학부 전공을 소개하고 학부의 기초 역량을 다지기 위해 동서양 주요 국가의 문화적 특성을 개관하고 21세기 글로벌 사회에서 글로벌 지역의 언어와 문화가 어떠한 기여를 하고 있는지 알아본다.
1학년,2학기,1전선,HBHI0004,글로벌지역학부,글로벌시대의인문학,2,2,첨단 과학과 극단적인 물질주의가 지배하는 오늘날의 사회에서 인문학은 어떠한 의의를 가지는 것인가? 이 강의에서는 동서양의 인문학적 전통이 21세기 글로벌 사회에서 가지는 현재성에 대해서 생각해본다.
1학년,1학기,1전선,HBHA4373,한국언어문화전공,한국문학의이해,3,3,"한국문학에 대한 기초적인 지식과 안목을 쌓는 과목이다. 문학의 성격과 기능과 효용을 공부하고, 시와 소설의 구성 원리와 미적 구조를 터득한다. 이를 바탕으로 여러 종류의 문학 작품을 감상함으로써 한국 문학을 수용하는 안목을 기르는 것이 이 과목의 목적이다."
1학년,1학기,1전선,HBHA4387,한국언어문화전공,한국어교육개론,3,3,"이 과목에서는 한국어 교육의 기본적인 이론과 교수 방법에 대해 다룬다. 발음 교육, 어휘 교육, 문법 교육, 표현 교육, 이해 교육, 문화 교육 등의 한국어 교수 방법을 익히고 한국어 평가와 한국어 교재 개발, 한국어 교사의 역할, 한국어 교육과정, 한국어 교육정책 등을 살펴봄으로써 한국어 교육에 대한 전반적인 이해를 도모한다."
1학년,2학기,1전선,HBHA1011,한국언어문화전공,한국어학의이해,3,3,"국어학 연구를 위한 기초적 지식을 학습하는 과목이다. 언어와 국어의 관계규명에서부터 출발하여 음성학, 음운론, 형태론, 통사론, 의미론, 방언론, 국어사 등 국어학의 모든 영역을 전체적인 구조 안에서 살펴보는 것이 이 과목의 주된 목적이다."
1학년,2학기,1전선,HBHA1021,한국언어문화전공,한국의전통문화,3,3,"이 과목은 문화의 의미와 역할 등 문화의 기초 개념들을 이해하고 한국의 전통문화와 관련된 광범위한 지식을 배우는 교과목이다. 한국의 문학, 역사, 사상, 종교 등을 통해 한국인의 가치관을 배운다."
1학년,2학기,1전선,HBHA2192,한국언어문화전공,한국현대시의이해,3,3,한국 현대시의 미적 구조와 특성을 이해하는 과목이다. 시와 언어와의 관계를 파악하고 언어예술로서의 시의 아름다움을 터득하는 과목이다. 현대시의 구성원리를 이해하여 현대시를 분석하는 안목을 높이고 현대시사에 뛰어난 성취를 거둔 시인들의 작품세계도 살펴본다.
2학년,1학기,1전선,HBHA2141,한국언어문화전공,한국어발음교육론,3,3,"본 과목은 한국어 발음의 체계와 특징을 이해함으로써 한국어 발음 교육의 내용 지식을 습득하는 것이 목적이다. 한국어 자모의 발음, 억양, 음절 구조의 특징, 한국어의 다양한 음운 현상 등에 대해 이해하고, 외국어로서의 한국어 발음 교육의 원리 및 교육 자료 구성, 교육 방법 등을 살펴봄으로써 한국어 발음 교육을 위한 전문적인 지식과 실제적인 교수 능력을 갖출 수 있도록 한다."
2학년,1학기,1전선,HBHA2182,한국언어문화전공,고전명작읽기와감상,2,2,"이 교과목은 고전문학 작품 중 각 시대별 대표작들을 엄선하여 실제로 읽고 그 당대적 의미를 구명하는 데 목적을 둔다. 작품의 원전, 또는 번역본을 읽고 당대인들의 삶과 문학의 관계, 당대 문화의 한 영역으로서의 문학이 가지는 의미를 파악해 본다. 가능한 한 많은 작품을 접하고 서로 토론해 봄으로써 학부생들의 고전문학에 대한 친밀감을 높여주고 고전문학 작품을 스스로 읽고 해독할 수 있는 능력을 길러주며, 나아가 고전문학의 당대적 의미를 토대로 그 현대적 의미를 파악할 수 있는 안목을 가지는 단계까지 나아가게 한다."
2학년,1학기,1전선,HBHA2202,한국언어문화전공,한국민속학,3,3,"한국 민속의 성격과 특징에 대해 학습하는 교과목이다. 민속은 역사적 발전과정에서 형성되고 축적된 정신이나 문화의 한 유산이다. 따라서 민속은 인간이 사회 구성원으로서 함께 만들고 생활한 삶의 흔적이라 할 수 있다. 민속에는 구비문학을 비롯하여 세시풍속, 민속놀이, 민간신앙 등이 포함된다. 이 교과목은 역사적으로 존재했거나 현재까지 전해지는 민속의 당대적 의미를 밝히고 우리 민족정신의 원류를 찾는 데 목적을 둔다."
2학년,1학기,1전선,HBHA3211,한국언어문화전공,한국현대문화비평,3,3,문화학비평의 개념을 이해하고 다양한 비평방법들을 개관한 후 각각의 비평방법에 대해 구체적으로 학습한다. 학습한 비평 방법으로 통해 구체적인 한국의 문화 현상을 탐구하는 활동을 한다. 이를 통해 문화를 비평하는 능력을 갖추도록 한다.
2학년,1학기,1전선,HBHA4374,한국언어문화전공,한국어표현교육론,3,3,"이 과목은 표현을 위한 말하기와 쓰기 교육의 기본 개념을 이해하고, 한국어 표현 교육의 설계와 평가에 대해 지식을 습득하여 한국어 교육 현장에서 필요로 하는 교수 능력을 함양하기 위해 개설되었다. 이를 위해 말하기와 쓰기의 교육론적 개괄, 교육의 흐름, 교육의 원리, 표현 교육의 평가 및 실제에 관한 내용을 다루어 한국어 표현 교육 방법에 관한 전반적인 사항에 대해 학습한다."
2학년,2학기,1전선,HBHA2172,한국언어문화전공,한국어문법론,3,3,"본 과목은 한국어 문법 교육 내용을 체계화하고 그 특징을 탐구하여 실제 한국어 문법 교육에 활용할 수 있는 능력을 함양하는 데에 목적이 있다. 이를 위해 한국어 교육 문법의 범위와 문법 항목의 선정 및 배열 등 한국어 문법 교육 내용을 구체화하여 문법 이론에 대한 지식을 갖춘다. 이 강의에서는 한국어 문법에 관한 이론과 더불어 실제 한국어 문법 교육에 대한 교수 방법을 배우고 익혀서, 미래에 진행하게 될 한국어 교육 현장에 대비할 수 있는 다양한 능력과 경험을 쌓을 수 있게 한다."
2학년,2학기,1전선,HBHA3011,한국언어문화전공,한국현대소설의이해,3,3,"한국 현대소설의 미적 구조와 특성을 이해하는 과목이다. 소설의 유래와 본질을 이해하고, 소설의 구성원리를 터득하여 현대소설을 분석하는 안목을 높이고, 현대소설사에서 뒤어난 성취를 거둔 작가들의 작품세계도 살펴본다."
2학년,2학기,1전선,HBHA3241,한국언어문화전공,한국고전서사와문화콘텐츠,3,3,문화콘텐츠 산업은 완전히 새로운 산업이나 학문 분야가 아니라 기존의 학문 영역들을 유기적으로 얽어주는 연결 시스템으로서 새롭게 대두된 개념이다. 문학의 분야에서도 기존에 연구해 왔던 작품의 인물·공간·소재·서사구조 등이 모두 콘텐츠 개발에 필요한 원천소스로서 그대로 활용이 가능하다. 이 교과목은 우리 고전서사문학과 전통문화 속에서 현대의 문화콘텐츠 개발 소스로 활용할 만한 내용들을 추출하는 능력을 기르는 데 그 목적을 둔다.
2학년,2학기,1전선,HBHA4380,한국언어문화전공,언어학개론,3,3,"인간을 이해하는 방안의 하나로 인간만이 가지고 있는 언어의 본질과 특성에 대해 다룬다. 언어학의 개념과 특징, 연구 범위와 연구 방법 등을 비롯해 언어학의 하위 영역인 음운론, 형태론, 통사론, 의미론, 화용론, 세계의 언어와 문자, 방언론, 응용언어학 등을 살펴봄으로써 언어의 본질을 이해하고, 언어학이 응용될 수 있는 분야에 대한 지식을 넓힐 수 있도록 한다."
2학년,2학기,1전선,HBHA4388,한국언어문화전공,사회언어학,3,3,"사회언어학이란 우리가 사는 사회 속에서 언어가 어떻게 사용되는 가를 연구하는 학문이다. 이 과목은 이러한 사회언어학에 대한 학생들의 포괄적이고도 심층적인 이해를 목표로 한다. 학생들로 하여금 사회언어학에서 다루는 다양한 학문적 주제들을 민족지학적인 관점은 물론, 인류학적인 관점에서도 고찰할 수 있는 기회를 마련함으로써 궁극적으로는 사회 언어학에 대한 학생들의 전반적이고도 깊이 있는 이해 증진의 극대화를 꾀할 것이다."
3학년,1학기,1전심,HBHA2131,한국언어문화전공,한국문학사,3,3,이 교과목은 한국문학의 거시적 흐름을 통시적으로 파악하여 한국문학에 대한 체계적인 이해에 이르도록 하는 데 목적이 있다. 나아가 이 교과목은 세계문학 속에서 한국문학이 차지하는 위상을 재확인하는 계기를 마련해 줌은 물론 고전문학과 현대문학의 연속성을 문학사적 흐름을 통해 재인식하게 하는 데도 목적을 둔다.
3학년,1학기,1전심,HBHA3302,한국언어문화전공,한국어문법교육론,3,3,"이 교과목의 목적은 한국어 문법 교육 내용을 체계화하고 그 특징을 탐구하여 실제 한국어 문법 교육에 활용할 수 있는 능력을 함양하는 것이다. 이를 위해 한국어 교육 문법의 범위와 문법 항목의 선정 및 배열 등 한국어 문법 교육 내용을 구체화하여 문법이론에 대한 지식을 갖춘다. 이 강의에서는 한국어 문법에 관한 이론과 더불어 실제 한국어 문법 교육에 대한 교수 방법을 배우고 익혀서, 한국어 교사로서 현장에 대비할 수 있는 다양한 능력과 경험을 쌓을 수 있게 한다."
3학년,1학기,1전심,HBHA4376,한국언어문화전공,한국현대시와사회,3,3,"이 과목은 한국 현대시와 한국 현대 사회의 관계에 대해 이해하는 데 목적이 있다. 한국 현대 사회에서 미적 영역 바깥의 개념들이 어떻게 예술의 세계에 진입하여 가치를 가지게 되는지, 공동체의 문제에서 미적 문제가 어떻게 전유되는지 여러 텍스트를 통해 살펴본다. 예술이 공동체의 시대정신을 구현하고 공동체가 예술의 모태가 되는 여러 예를 제시하여 학습자에게 시민의식과 작가의식의 상관성을 체험하고 신장시키고자 한다."
3학년,1학기,1전선,HBHA4377,한국언어문화전공,한국고전문학스토리텔링(PBL),2,2,이 교과목은 한국의 고전문학 자료를 활용하여 재창작을 체험하는 실습 교과목이다. 학생들이 고전문학 자료에 나타나 있는 주제와 소재를 계승하고 변형하여 현대인들의 공감대를 높일 수 있는 콘텐츠로 스토리텔링하는 방법을 체득할 수 있게 하는 것을 목표로 한다. 이 목표에 효과적으로 접근할 수 있도록 하기 위하여 기왕의 재창작 작품을 원전 자료와 비교·분석하는 사례연구를 선행한다.
3학년,1학기,1전선,HBHA4389,한국언어문화전공,한국어어휘교육론,3,3,"한국어 어휘의 구조적, 의미적 특성을 이해하고 한국어 교육 현장에서 학습자들에게 단계별로 제시할 수 있는 기본 어휘를 선정한다. 한국어 교육 4개의 기본 영역과 연계하여 실시할 수 있는 효율적인 어휘 교육과 그에 따른 평가 방안에 대해서 탐구한다. 또한 한국어 어휘 교육에 대한 선행 연구를 살펴봄으로써 어휘 교육에 대한 발전 방향도 모색한다."
3학년,2학기,1전심,HBHA2161,한국언어문화전공,한국어한자교육론,3,3,"이 교과목은 한국어 교육에 필요한 한자어를 익히고 한국어 학습자에게 교육하는 방법을 터득하게 하는 교과목이다. 한국어에서 한자 어휘가 차지하는 비중이 매우 크기 때문에 이를 제대로 교육하지 않고는 고급 단계의 한국어 교육이 어렵기 때문이다. 한자권 학생과 비한자권 학생을 구분하지 않고 모두에게 필요한 한국어 한자·한자어를 선정, 이를 효율적으로 교육할 수 있는 방법을 터득할 수 있도록 실습과 토론을 병행하여 수업을 진행한다."
3학년,2학기,1전심,HBHA3231,한국언어문화전공,한국어이해교육론,3,3,"한국어 교육에서 듣기와 읽기에 해당하는 이해 교육의 필요성과 중요성을 인식하고 이론을 구체적으로 교육에 어떻게 적용할 것인지에 대해 탐구한다. 또한 이론과 실제를 통합적으로 조망하여 실제 수업에서 듣기와 읽기 교육의 진행, 효율적인 교육 자료 활용법 등을 이해함으로써 한국어 이해교육에 대한 교수 능력을 체계적으로 향상 시킨다."
3학년,2학기,1전선,HBHA3272,한국언어문화전공,한국문학과세계문학,3,3,한국문학은 세계문학과 연관되어 생성하고 발전하여 왔다. 고대에서 현재에 이르기까지 이러한 상황은 달라진 적이 없다. 따라서 한국문학을 이해하기 위해서는 다른 지역의 문학을 이해하는 일이 매우 중요하다. 이 교과에서는 다양한 세계문학을 살펴봄으로서 우리 문학의 현재를 이해하는 기회를 갖는다. 또 다른 나라의 문학과 문화를 이해함으로서 세계화 시대에 어울리는 세계 인식을 갖도록 한다.
3학년,2학기,1전선,HBHA4375,한국언어문화전공,응용언어학,3,3,"이 강좌에서는 이론 언어학에서 정립한 추상적인 이론을 언어 사용으로 발생하는 실제적 문제에 적용하여, 다양한 언어 현상에 대해 폭넓게 이해하는 학습을 한다. 응용언어학의 개방성에 초점을 맞추어 언어학의 여러 영역 및 인접 학문과의 관련성을 토대로 언어현상을 구체적으로 살펴볼 수 있게 한다. 이 교과목을 통해 끊임없이 변화해 가는 언어의 특성을 좀 더 이해할 수 있는 안목을 높인다."
4학년,1학기,1전선,HBHA1112,한국언어문화전공,한국어교재론,3,3,역사적으로 진화하고 변화 발전하는 우리말의 통시적 양상을 주제로 삼아 그 흐름을 이해하도록 하는 과목이다. 통시적 언어 양상에는 민족 정신의 궤적도 반영되어 있으므로 우리말의 변천 양상과 변천 과정을 고찰하는 동시에 정신사와의 관련성도 탐구해 본다. 아울러 현대 우리말의 어원을 추적함으로써 현재 우리가 쓰고 있는 국어의 역사적 실체를 확인해본다.
4학년,1학기,1전심,HBHA3251,한국언어문화전공,한국시가문화의이해,3,3,"고대에서 고려시대까지 제작되어 오늘날 전하는 국문 고전시가 작품을 주 대상으로 한다. 구체적으로 신라, 통일신라, 고려 전기까지의 향가 및 기타 시가, 고려 후기에 주로 제작된 속악가사(이른바 고려가요) 및 경기체가 작품을 갈래별로 전반적인 특징과 성격, 형식과 율격, 개별작품의 문학성과 작품세계, 향유 계층 등을 관련 논문에 나타난 연구성과의 정리를 통해 고찰하는 것이다. 아울러 국문으로 된 노랫말이 전하지 않고 한역되어 전하는 작품과 노랫말은 전하지 않으나 작품 명이나 창작 배경이 소개된 자료를 검토하는 과목이다."
4학년,1학기,1전심,HBHA4321,한국언어문화전공,현대한국사회,3,3,"현대문학 전반에 대한 내용 중 특히 중요한 시기의 작가나 작품 및 문학이론을 중점적으로 살펴보고 현대문학 분야 중 미진한 부분을 보충, 점검함으로써 현대 문학의 작가, 작품, 이론들을 종합 마무리한다."
4학년,1학기,1전선,HBHA4390,한국언어문화전공,한국어교육실습,3,3,"본 교과목에서는 한국어 수업을 참관하고 한국어 학습자들을 대상으로 모의수업을 실시한다. 수업 참관을 통해 수업 운영을 분석하고 토론하며 단계별, 영역별 교안을 작성하여 실제 모의 수업의 기회를 갖는다. 이러한 과정을 통해 수업 구성 및 수업 운영 능력을 키우고 한국어 교사로서의 자질을 함양한다."
4학년,2학기,1전선,HBHA4382,한국언어문화전공,문예창작실습,2,2,글쓰기 연습을 하는 과목이다. 문장의 종류와 다양한 수사의 기법을 터득하고 글의 원천인 상상력의 능력을 높이도록 한다. 좋은 글과 문학작품에서 문장력과 상상력을 배우면서 다양한 글쓰기 능력과 창작능력을 기르도록 한다.
4학년,2학기,1전심,HBHA4383,한국언어문화전공,한국문화교육론,3,3,"세계화 시대에 외국인에게 한국의 문화를 올바로 교육시킬 수 있는 소양을 함양하는 과목이다. 한국의 문학, 역사, 철학을 비롯한 한국문화 전반에 대한 기본 소양은 물론 학교가 위치한 지역의 문화에 대한 관심과 지식을 구비함으로써 한국문화에 대하여 관심있는 외국인이나 교포들에게 쉽고도 효율적인 교육을 할 수 있는 방법을 연구하고 토론하는 과목이다. 즉, 세계화시대에 외국인에게 한국문화를 올바르게 이해시킬 수 있는 폭넓은 안목을 기르는 과목이다."
4학년,2학기,1전선,HBHA4391,한국언어문화전공,한국어어문규범,3,3,"한국어의 어문규정을 바르게 익혀 언어생활을 바르게 할 수 있도록 한다. 어문 규범의 세부 규정을 익히고 이와 함께 기본 훈련으로 정서법과 교열 실습을 진행한다. 한글 맞춤법, 표준어 규정, 외래어 표기법에 관한 내용을 숙지하여 좋은 문장의 요건에 적합한 문장을 사용하고, 글을 바르게 다듬는 방법에 대해 익힌다."
1학년,1학기,1전선,HBHI0010,글로벌지역학부,글로벌사회와지역문화,2,2,이 교과목은 글로벌지역학부 신입생에게 학부 전공을 소개하고 학부의 기초 역량을 다지기 위해 동서양 주요 국가의 문화적 특성을 개관하고 21세기 글로벌 사회에서 글로벌 지역의 언어와 문화가 어떠한 기여를 하고 있는지 알아본다.
1학년,2학기,1전선,HBHI0004,글로벌지역학부,글로벌시대의인문학,2,2,첨단 과학과 극단적인 물질주의가 지배하는 오늘날의 사회에서 인문학은 어떠한 의의를 가지는 것인가? 이 강의에서는 동서양의 인문학적 전통이 21세기 글로벌 사회에서 가지는 현재성에 대해서 생각해본다.
1학년,2학기,1전선,HBHD4561,일본어권지역학전공,스타트일본어,3,3,"일본어의 문자와 낱말의 듣기/읽기/쓰기를 익히고, 기초 문장을 중심으로 말하고 쓸 수 있는 기초능력을 기르고, 일본어를 통하여 일본문화를 알아보고 이해하도록 한다."
2학년,1학기,1전선,HBHD1111,일본어권지역학전공,실력일본어1,3,3,"기본 문자와 발음, 기초 문형을 익힌 학생을 대상으로, 기본 문형을 익혀서 일본어 문의 구조를 이해하고, 쓰기/읽기를 습득하게 하여 간단한 생활 회화를 할 수 있는 능력을 기른다."
2학년,1학기,1전선,HBHD1122,일본어권지역학전공,일본어회화1,3,3,가나와 기본적인 일본어 문장의 구조와 발음을 익힌 초급일본어 수준의 학생을 대상으로 하여 생활 일어회화에 필요한 어휘와 표현을 습득한다.
2학년,1학기,1전선,HBHD4555,일본어권지역학전공,현대일본의사회와문화,3,3,"글로벌 지역학 전공의 탐색 과목으로 현대 일본을 구성하는 사회적 인자 및 지리적 특색, 그리고 역사와 문화적 특징을 살펴 일본에 대한 이해의 폭을 넓힌다."
2학년,1학기,1전선,HBHD4557,일본어권지역학전공,일본의감성과사상,3,3,"고대부터 현대에 이르기까지 민속 및 민예, 그리고 종교 속에 담겨 있는 일본인의 감성과 사상을 깊이 살펴 일본에 대한 이해를 넓힌다. 무사도, 국학, 난학, 화혼양재, 제국주의, 포스트모던 등 일본의 전통적 미의식과 외래 사상이 사회의 변화 속에서 어떻게 작동했는지를 살펴 현대일본의 감성과 정신세계를 살펴본다."
2학년,2학기,1전선,HBHD1011,일본어권지역학전공,실력일본어2,3,3,기초 일본어를 습득한 학습자를 대상으로 중 상급 수준의 문법과 문형을 익히게 하며 더불어 독해 수준을 높이도록 한다.
2학년,2학기,1전선,HBHD2121,일본어권지역학전공,일본어회화2,3,3,기본적인 문형의 듣기와 말하기 연습을 통해 본인의 의사를 자신 있게 표현할 수 있는 능력을 기른다.
2학년,2학기,1전선,HBHD3182,일본어권지역학전공,한일관계사,3,3,가깝고도 먼 나라 한국과 일본은 역사적으로도 문화적으로도 떼려야 뗄 수 없는 다양한 관계를 맺고 있다. 역사 속에 혹은 문화 교류에서 전공자로 필히 숙지해야 할 사건과 현상을 깊게 다뤄 한일 교류 속의 이해의 폭을 넓힌다.
2학년,2학기,1전선,HBHD4403,일본어권지역학전공,일본의언어생활과표현,3,3,"일본의 사회와 문화를 중심으로, 일본인의 의식과 행동 양식을 언어생활과 관련 지어 살펴보고, 현대문학과 미디어문화에서 이를 담은 언어 표현의 특징에 대해 살펴본다."
2학년,2학기,1전선,HBHD4554,일본어권지역학전공,일본대중문화,3,3,"애니메이션, 만화, J-POP 등, 세계적인 인기를 끌었던 일본의 대중문화의 특징과 그 배경 산업을 살펴 일본인의 모노즈쿠리(장인 정신)의 일면을 들춰본다. 동시에 한류 문화와의 영향 문제와 협업 그리고 두 나라 대중문화의 비교와 그 미래까지도 내다본다."
3학년,1학기,1전심,HBHD2131,일본어권지역학전공,실력일본어3,3,3,"일본어 중상급 수준의 수강생을 대상으로 다양한 문형과 어휘를 익혀 상급 수준의 독해 및 작문을  할 수 있도록 하여, 일본어 자격시험에 대비한다."
3학년,1학기,1전선,HBHD2141,일본어권지역학전공,시사이슈일본어,3,3,"일본의 신문기사 등, 일본의 시사적인 내용을 다룬 현대문을 교재로 하여 독해 능력을 기른다. 특히 문장 구성 형태에 대한 이해에 그 중점을 둔다."
3학년,1학기,1전선,HBHD4405,일본어권지역학전공,한일비교문화,3,3,한일 양국의 다양한 문화형태와 현상에 대해서 그 특질과 구조를 비교 분석함으로써 양국문화의 관련성을 살펴봄과 동시에 일본문화에 대한 유연한 시각과 문제의식을 넓히고 한국 문화를 재인식하는 계기로 삼는다.
3학년,1학기,1전심,HBHD4408,일본어권지역학전공,일본어프리토킹,3,3,기초 회화를 익힌 학습자를 대상으로 다양한 표현과 문장 형태를 응용하여 의사표현을 자유롭게 할 수 있도록 한다.
3학년,2학기,1전심,HBHD4401,일본어권지역학전공,영화로일본읽기,3,3,"일본 문학과 문화에 대해 영화를 통해 이해하는 것을 목적으로 한다. 근대 문호들에 의한 소설을 영화화한 것, 혹은 세계적으로 호평을 받은 영화를 소개할 것이다. 이를 통해 일본에 대한 이해와 문학적 감수성을 넓힌다. 동시에 청해 및 일본어 실력향상에도 힘을 기울인다."
3학년,2학기,1전심,HBHD4402,일본어권지역학전공,일본전통예술(PBL),3,3,"오늘날의 일본 문화의 근간을 이루고 있는 사상, 종교, 예술, 예능, 미의식, 민속 등 여러 형태의 전통에 대해서 그 성립과 이념, 발전 양상을 일본 문학과 관련지어 심도 있게 살펴 일본에 대한 심층적이고 총체적인 이해를 도모한다."
3학년,2학기,1전심,HBHD4416,일본어권지역학전공,비즈니스일본어,3,3,비즈니스 현장에서 필요한 실용적이고 실무적인 일본어 문형과 표현을 습득하고 이를 자유롭게 활용할 수 있는 능력을 기른다.
3학년,2학기,1전심,HBHD4556,일본어권지역학전공,국제사회와일본정치,3,3,"동아시아의 변경에 위치해 온 일본사회의 연원과 그 정치적 특색 그리고 그 전개과정을 고찰함으로써 오늘의 일본사회의 실상을 통찰할 수 있도록 지도한다. 특히 1945년 일본 패전 이후의 정치적 현상과 국제관계 그리고 한반도와의 관계 설정, 재일 교포 문제 등도 다뤄 일본의 국제 위상과 그 미래에 대해서도 내다보며 사고의 폭을 넓힌다."
3학년,2학기,1전선,HBHD4558,일본어권지역학전공,실전JLPT,3,3,일본어 중상급 수준의 수강생을 대상으로 다양한 문장과 어휘를 익히고 독해력과 청해력을 향상시켜 JLPT를 대비한다.
4학년,1학기,1전심,HBHD4312,일본어권지역학전공,트렌드일본어어휘,3,3,"최근 일본어를 통해 일본어의 어휘와 문형, 표현을 익히고 일본어 청취력을 향상시키는 한편, 일본대중문화에 대한 이해를 심화시킨다."
4학년,1학기,1전선,HBHD4407,일본어권지역학전공,일본애니메이션과문화산업,3,3,"일본 애니메이션의 문화적 사회적 배경과 문화콘텐츠로서의 다양성에 대해 이해하고, 일본 애니메이션 문화산업의 전개와 특징에 대해서 살펴본다."
4학년,1학기,1전선,HBHD4412,일본어권지역학전공,근대일본의문학과문화,3,3,근대일본의 주옥같은 문학 작품을 개괄적으로 접하며 더불어 근대문화의 이입과 확립 양상을 살펴본다. 낭만주의와 자연주의 그리고 반자연주의와 예술지상주의 등 각 문학사조의 이념을 파악하고 각 유파에 속한 작가와 작품을 들어 근대 일본문학의 이해를 넓힌다. 아울러 한국 근대 문학의 태동과 영향 관계에 대해서도 시각을 넓혀 균형잡힌 일문학도로서의 길을 모색한다.
4학년,2학기,1전심,HBHD4559,일본어권지역학전공,통번역일본어(캡스톤디자인),3,3,일본어를 한국어로 또는 한국어를 일본어로 통역할 수 있도록 여러 문형과 표현을 습득하고 청해 연습과 회화 연습을 반복 되풀이하여 가장 적절한 문장을 구사할 수 있는 능력을 키운다. 또한 다양한 일본어 문장과 한국어 문장을 의미가 정확하게 전달될 수 있도록 가장 적절한 표현으로 번역할 수 있도록 훈련한다.
4학년,2학기,1전심,HBHD4560,일본어권지역학전공,일본경영인탐구,3,3,일본의 부흥 신화를 세계에 선보였던 주요 대기업의 총수 및 기업인들의 경영기법을 다루며 동시에 기업 문화 속에 담긴 인간주의 혹은 실용주의에 대해 살펴본다.
1학년,1학기,1전선,HBHI0010,글로벌지역학부,글로벌사회와지역문화,2,2,이 교과목은 글로벌지역학부 신입생에게 학부 전공을 소개하고 학부의 기초 역량을 다지기 위해 동서양 주요 국가의 문화적 특성을 개관하고 21세기 글로벌 사회에서 글로벌 지역의 언어와 문화가 어떠한 기여를 하고 있는지 알아본다.
1학년,2학기,1전선,HBHI0004,글로벌지역학부,글로벌시대의인문학,2,2,첨단 과학과 극단적인 물질주의가 지배하는 오늘날의 사회에서 인문학은 어떠한 의의를 가지는 것인가? 이 강의에서는 동서양의 인문학적 전통이 21세기 글로벌 사회에서 가지는 현재성에 대해서 생각해본다.
1학년,2학기,1전선,HBHF4369,중국어권지역학전공,기초중국어,3,3,본 수업은 중국어권지역학 전공 진입에 필요한 중국어 기초 지식을 제공한다.
2학년,1학기,1전선,HBHF1021,중국어권지역학전공,초급중국어1,3,3,중국어를 처음 접하거나 배운지 얼마 되지 않은 학생들을 대상으로 중국어 발음과 성조의 기초를 다지고 중국어의 기본 문형을 익혀서 일상생활에서 쓰이는 짧고 간단한 문장을 읽고 쓰고 듣고 말할 수 있는 능력을 기르게 한다.
2학년,1학기,1전선,HBHF1111,중국어권지역학전공,중국어회화1,3,3,익숙한 일상 화제에 대해 간단하고 짧은 어구를 이용하여 한정된 단어로 간단한 의사소통을 할 수 있는 능력을 배양한다. 주어진 상황에서 정확한 발음과 성조를 구사하고 자연스럽게 대화할 수 있도록 말하기 응용능력을 키운다.
2학년,1학기,1전선,HBHF4350,중국어권지역학전공,중국의어제와오늘,3,3,역사는 그 나라와 국민을 이해하는 출발점이자 열쇠이다. 중국의 역사는 실로 장구하고 방대하다. 수천 년에 걸친 중국의 역사를 개괄적으로 소개하고 나아가 신중국이 성립되기까지의 과정을 다루어 현재의 중국과 중국인을 이해하는 데 도움이 되고자 한다.
2학년,1학기,1전선,HBHF4361,중국어권지역학전공,중국문학의이해,3,3,"아득한 고대로부터 현대문학에 이르기까지 3천년이 넘는 기나긴 역사를 지닌 중국문학에는 시, 산문, 소설, 희곡 등 다양한 장르가 있다. 긴 역사와 다양한 장르의 중국문학을 개괄적으로 소개하여 다채로운 중국 문학의 세계를 조금이나마 맛보게 한다."
2학년,2학기,1전선,HBHF1032,중국어권지역학전공,초급중국어2,3,3,발음과 성조의 유창성을 기르고 어휘를 좀 더 확장함과 동시에 여러 가지 복문의 문형을 익히게 하여 일상생활에서 쓰이는 기본적인 표현들을 대략적으로 읽고 쓰고 듣고 말할 수 있는 능력을 기르게 한다.
2학년,2학기,1전선,HBHF1112,중국어권지역학전공,중국어회화2,3,3,주어진 상황에서 정확한 발음과 성조를 구사하고 핵심 대화에서 나온 표현들의 내용과 주요 어법을 파악한다. 주어진 상황에서 개인적인 질문을 이해하고 간단한 대답을 할 수 있도록 말하기 응용능력을 키운다.
2학년,2학기,1전선,HBHF4366,중국어권지역학전공,중국예술과문화콘텐츠(PBL),3,3,"중국은 동아시아 예술의 근원을 형성하였고, 그 심원하고 다양한 장르는 문화콘텐츠로서의 높은 가치를 가지고 있다. 본 강좌에서는 중국 예술의 문화적 함의를 탐구하고, 중국 예술의 흐름을 파악하며, 더 나아가 문화콘텐츠적 가치와 그 산업의 전망에 대해 이해하려고 한다."
2학년,2학기,1전선,HBHF4367,중국어권지역학전공,현대중국사회의이해,3,3,현대 중국의 기본토대가 되는 정치경제 체제에서부터 여러 가지 사회제도 및 거기서 파생되는 다양한 사회적 문화적 현상들까지 개괄적이나마 두루 고찰하여 현대 중국의 사회와 문화에 대한 포괄적인 이해력을 키우는 것을 목표로 한다.
3학년,1학기,1전심,HBHF2161,중국어권지역학전공,중급중국어,3,3,일상생활의 기본적인 표현을 어느 정도 이해한 다음에는 좀 더 다양한 표현들을 읽고 쓰고 듣고 말할 수 있는 능력을 길러야 한다. 본 과목에서는 이를 위해서 어휘의 수준을 좀 더 높이고 좀 더 다양한 어형과 표현방식을 훈련시킨다.
3학년,1학기,1전심,HBHF2171,중국어권지역학전공,미디어중국어,3,3,비교적 넓은 영역의 화제에 대해 정확한 발음과 성조를 구사하여 토론 할 수 있으며 본문의 핵심 대화에서 나온 표현들의 내용과 주요어법을 파악하고 중국어로 된 정보를 가볍게 듣고 이해하고 자신의 견해를 표현할 수 있는 능력을 키운다.
3학년,1학기,1전선,HBHF4362,중국어권지역학전공,한중문화비교,3,3,"한국과 중국의 문화는 동아시아 공동문화권에 속하면서도 각각의 고유한 특징을 구축하여 왔다. 이 과목은 양국 문화의 본질을 탐구하고, 상호 공통점과 상이점을 파악하며, 더 나아가 양국의 문화콘텐츠 개발과 문화·경제적 공동 발전을 위한 대안을 모색하려 한다."
3학년,1학기,1전선,HBHF4363,중국어권지역학전공,중국영화와글로벌마케팅,3,3,오늘날 대중문화는 다양한 미디어에 의해 매개되는 특징을 지니고 있다. 본 교과목은 학생들에게 현대 중국의 ‘영화’라는 창구를 통해 표출되는 중국의 다양한 문화현상을 이해시키는 동시에 중국 문화산업 시장을 겨냥한 K-문화 콘텐츠 전문가로 성장할 수 있는 역량과 인재를 배양하는 데 목표로 한다.
3학년,2학기,1전선,HBHF3041,중국어권지역학전공,중국사상의이해,3,3,한 나라의 문화의 심층을 이해하기 위해서는 그들의 사유체계를 이해할 필요성이 있다. 본 과목은 오랜 세월 중국인들의 사유체계를 지배해온 중국사상에 대한 개괄적인 소개를 통해 중국인과 중국문화에 대한 이해를 심화시키는 것을 목표로 한다.
3학년,2학기,1전심,HBHF3231,중국어권지역학전공,HSK중급,3,3,본 과목은 생활 속의 단순한 대화를 넘어 특정한 주제에 대해 기술한 다소 길고 복잡한 문장들을 읽고 쓰고 듣고 말할 수 있는 능력을 기르는 것을 목표로 한다. 이를 위해 어휘를 더욱 확장하며 어법적 난이도가 좀 더 높은 문형들을 훈련시킨다.
3학년,2학기,1전심,HBHF3241,중국어권지역학전공,TSC중급,3,3,일상생활에 문제가 없고 일반적인 주제에 대해 간단한 설명을 할 수 있다. 그리고 일상생활에서 벌어지는 다양한 상황에 대해 유창하지는 않지만 효과적인 의사소통을 할 수 있는 능력을 갖추게 한다.
3학년,2학기,1전선,HBHF4353,중국어권지역학전공,중국의기업문화,3,3,본 수업은 경제 성장에서 큰 역할을 수행하는 중국 기업이 가지는 중국 특색의 기업문화에 대한 지식을 제공하여 학생들의 중국에 대한 이해를 넓히는데 공헌한다.
4학년,1학기,1전심,HBHF4162,중국어권지역학전공,통번역중국어,3,3,지금까지 축적한 중국어 능력을 잘 활용하여 중국어를 제대로 통역하고 번역할 수 있는 역량을 갖출 수 있도록 학생들에게 통역과 번역에 관련된 기본적인 지식과 다양한 스킬을 가르치고 그를 바탕으로 집중적으로 훈련을 시킨다.
4학년,1학기,1전심,HBHF4352,중국어권지역학전공,비즈니스중국어,3,3,중국어 어법의 기초지식을 활용하여 간단한 문장을 만들거나 주어진 몇 개의 어휘를 모두 사용하여 문장을 만드는 훈련과 주어진 그림이나 사진을 보고 문장을 만드는 훈련을 거듭하여 실용적인 중국어 작문능력을 갖추게 한다.
4학년,1학기,1전선,HBHF4368,중국어권지역학전공,중국시장마케팅(캡스톤디자인),3,3,"중국 사회 및 중국 현지의 기업 환경에 대하여 기본적인 이해를 기반으로, 본 수업은  한국기업들의 중국 현지 진출 사례들을 검토하고, 중국 현지 진출에 적합한 비즈니스 전략을 모색하는 것을 목표로 한다."
4학년,2학기,1전심,HBHF4355,중국어권지역학전공,시사로읽는중국경제,3,3,"학생들에게 중국의 대표적인 지역 매체와 운영전략 및 특징을 통해 현대 중국의 다양한 문화현상을 이해하고 나아가 정치, 경제, 외교, 군사, 사회, 문화에 관련된 다양한 종류의 중국어 기사를 강독하며 국제 및 외교적 동향과 사고 능력을 배양한다."
4학년,2학기,1전심,HBHF4364,중국어권지역학전공,중국문화와인물,3,3,"동서고금을 막론하고 정치와 인물은 불가분의 관계에 있는데 특히 중국의 정치는 인물의 중요성이 더욱 두드러진다. 과거와 현재의 중국 정치가들이 어떤 철학과 지략을 가지고 국가를 경영하였는가를 파악하고, 그들의 자질과 성향이 중국의 정치에 미친 영향을 탐구한다."
4학년,2학기,1전선,HBHF4365,중국어권지역학전공,동아시아수도의역사와문화,3,3,수도는 그 나라의 정치경제 사회문화의 중심지이다. 과거 동아시아의 수도들은 기본적으로 중국의 수도를 전범으로 삼되 자신들의 고유한 문화적 특징을 살려 건축되었다. 동아시아의 여러 수도의 역사와 문화를 고찰함으로써 동아시아 여러 나라 문화의 공통점과 차이점을 이해할 수 있다.
1학년,1학기,1전선,HBHI0010,글로벌지역학부,글로벌사회와지역문화,2,2,이 교과목은 글로벌지역학부 신입생에게 학부 전공을 소개하고 학부의 기초 역량을 다지기 위해 동서양 주요 국가의 문화적 특성을 개관하고 21세기 글로벌 사회에서 글로벌 지역의 언어와 문화가 어떠한 기여를 하고 있는지 알아본다.
1학년,2학기,1전선,HBHI0004,글로벌지역학부,글로벌시대의인문학,2,2,첨단 과학과 극단적인 물질주의가 지배하는 오늘날의 사회에서 인문학은 어떠한 의의를 가지는 것인가? 이 강의에서는 동서양의 인문학적 전통이 21세기 글로벌 사회에서 가지는 현재성에 대해서 생각해본다.
1학년,2학기,1전선,HBHB4533,영어권지역학전공,세계영어의이해,3,3,"본 과정은 세계어로서의 영어(World Englishes)라는 새로운 개념과 철학을 바탕으로 한 세상 속의 다양한 영어를 인지하고 이해하며 미국식, 영국식 영어의 틀에서 벗어나 당당한 영어의 종류의 하나로 영어의 다양성을 학습하는 과정이다. 더 이상 영어는 미국과 영국의 언어가 아니라 세계 모든 사람이 사용하는 언어로, 다양한 영어를 학습해야 한다. 이에 본 과정에서 학생들은 다양한 영어의 존재를 직접 경험하고 학습할 수 있도록 OTT 동영상을 활용해 생동감 넘치는 영어의 세계를 경험한다."
2학년,1학기,1전선,HBHB4373,영어권지역학전공,영어듣기,3,3,"영어 듣기 이해의 기초학습으로 간단한 구어체 글을 읽고 이해하는 능력을 기르도록 하며, 학생들이 가지고 있는 영어에 대한 모든 지식을 적용하여 단락을 이해하고 그 가운데 단락이 제시하는 전체적인 이해를 함양하도록 한다."
2학년,1학기,1전선,HBHB4379,영어권지역학전공,영어쓰기,3,3,현대영어교육에서 의사소통은 가장 핵심적인 교육목표라고 할 수 있다. 말하기와 더불어 영어쓰기는 대학영어교육에서 간과할 수 없는 영역이라고 하겠다. 영어쓰기 교과목은 쓰기에 필요한 가장 기본적인 영어문장구성과 에세이형식에 대해서 익힌다.
2학년,1학기,1전선,HBHB4395,영어권지역학전공,영어읽기,3,3,"영어 읽기 이해의 기초학습으로 간단한 문어체 글을 읽고 이해하는 능력을 기르도록 하며, 학생들이 가지고 있는 영어에 대한 모든 지식을 적용하여 단락을 이해하고 그 가운데 단락이 제시하는 전체적인 내용의 이해를 함양하도록 한다."
2학년,1학기,1전선,HBHB4408,영어권지역학전공,영어발음연습,3,3,"영어의 분절음, 강세 및 억양 등 발음 전반에 대한 이론적인 학습과 더불어 실질적인 발음 훈련을 통해 발음개선 방법을 모색한다. 궁극적으로 스스로 자신의 발음의 문제를 진단하고 계속 개선할 수 있는 능력을 기르게 한다."
2학년,1학기,1전선,HBHB4520,영어권지역학전공,영문학과사회,3,3,"영문학 독해를 통해 문학작품과 당대 사회가 어떻게 밀접히 연관되어 있는가의 문제를 탐구하는 것이 목적이다. 우선 영미문학을 개요하기 위해 다양한 장르의 글(시, 소설, 희곡, 산문 등)을 읽고, 또한 19세기 말에 새로운 장르로 부상한 영화를 접하면서 활자언어에 기초한 의사소통방식과 영상언어에 기초한 의사소통방식의 차이를 규명한다."
2학년,1학기,1전선,HBHB4536,영어권지역학전공,글로벌커뮤니케이션,2,2,오늘날은 국경을 넘어서 서로 다른 언어와 문화를 가진 사람들이 서로 소통하고 함께 살아가는 시대이다. 국제어인 영어텍스트를 이용하여 문화적 다양성을 이해하고 언어문화적 감수성을 높여 성공적인 글로벌 커뮤니케이션 능력을 향상시킨다.
2학년,2학기,1전선,HBHB1041,영어권지역학전공,영어회화,3,3,영어회화의 가장 기초가 되는 단계로 원어민과 직접 접함으로써 발음을 비롯한 기초 지식 함양과 대인 발화 자세 확립의 초석을 마련한다.
2학년,2학기,1전선,HBHB4409,영어권지역학전공,영문법,3,3,"단어의 품사와 올바른 문장 구성 등을 포함하여 영문법 전반에 걸친 여러 가지 규칙을 학습하도록 하며, 영어실력 향상을 위해 이러한 제반 영문법 규칙들을 실제로 사용할 수 있도록 한다."
2학년,2학기,1전선,HBHB4421,영어권지역학전공,메타버스 스피킹,3,3,"영어퍼블릭스피치 교과목은 학생들이 자신의 생각을 체계적으로 정리하고, 논리적으로 전달하는 방법을 배운다. 이는 일상적인 의사소통 능력뿐만 아니라 전문적인 환경에서의 커뮤니케이션 기술을 향상시키는 데 중요하다. 본 과정에서는 영어로 발표하는 능력을 함양시키기 위해 각종 준비와 훈련을 하며, 이를 통해 발표력 뿐 아니라, 메타버스를 기반으로 듣기, 말하기, 읽기, 쓰기를 종합적으로 훈련시키는 과정으로서 연습에 큰 역점이 주어진다."
2학년,2학기,1전선,HBHB4518,영어권지역학전공,빅데이터와영어,3,3,"만국 공용어인 영어는 세계의 모든 사람들이 배우고 사용한다. 만국공용어인 영어로 만들어진 방대한 양의 데이터를 어휘, 용어, 절 등의 단위로 분석해 처리할 수 있는 기법을 배우는 교과목이다. 본 과정을 통해 학생들이 언어데이터 분석기법을 익힌다면, 다양한 언어데이터를 다양한 목적으로 분석해 활용할 수 있는 능력을 갖게 된다."
2학년,2학기,1전선,HBHB4531,영어권지역학전공,영어권감성경제의이해,3,3,흔히 감성과 경제는 직접적으로 연관이 없다고 여긴다. 실제로 근대사회가 형성되면서 이 두 영역은 서로 대립하면서 넘나들 수 없는 깊은 장벽을 쌓아 왔다. 하지만 역설적이게도 감성과 경제는 실제로 밀접하게 관련을 맺으면서 영향을 주고받아 왔다. 특히 현대 경제는 이런 융합을 그 어느 때보다 요구하고 있다. 감성과 경제가 서로 소통해온 역사를 접하면서 학생들은 감성경제의 중요성을 인지하게 된다.
2학년,2학기,1전선,HBHB4532,영어권지역학전공,현대영어권사회와문화(PBL),3,3,본 강좌는 현대영어권 사회의 문화를 공시적 측면에서 탐구하여 영어권 문화에 대한 통찰력과 비판적인 사고를 고양하는데 목적이 있다.
2학년,2학기,1전선,HBHB4538,영어권지역학전공,컨벤션영어,3,3,"본 과목은 컨벤션 산업에서의 국제회의 및 전시회 선정, 기획, 협의, 마켓팅, 진행준비, 현장 운영 등에 대한 포괄적인 지식을 습득하고 관련 실무영어 능력 향상을 통해 컨벤션 산업에서의 업무수행 능력을 향상시키는데 그 목적이 있다."
2학년,2학기,1전선,HBHB4543,영어권지역학전공,AI와의대화:프롬프트영어(PBL),2,2,"본 교과목은 인문 전공자들을 위한 프롬프트 리터러시(Prompt Literacy) 기초 과정으로 Open AI, 구글, 마이크로소프트 등 미국 기업들이 주도하고 있는 영어권 생성형 AI의 다양한 유형과 기능들을 이해하고, 이를 효과적으로 활용하기 위한 프롬프트 제시 방법과 영문 표현들을 숙달하여 업무용, 교육용, 콘텐츠 제작용 등의 목적과 기능에 맞게 운용하는 능력을 배양하는 것을 목적으로 한다. 또한, AI와 메타버스를 활용하여 학습자 개인의 목적에 맞는 ESP(English for Specific Purpose) 콘텐츠를 직접 제작하고 활용함으로써 영어커뮤니케이션 능력을 고취할 수 있도록 한다."
2학년,2학기,1전선,HBHB4544,영어권지역학전공,중급영어읽기,3,3,이 과목은 학생들이 영어 읽기 능력을 향상하기 위한 과목이다. 언어의 네 가지 기능 가운데 읽기는 언어발달에 있어 가장 기본능력이다. 이 과정에서는 진정성 있는 영어 기사나 문학작품 등 많은 영어자료를 다룰 것이며 이는 학생들의 영어 읽기 능력을 더욱 향상할 것이다.
3학년,1학기,1전선,HBHB4434,영어권지역학전공,커뮤니티통역,3,3,"커뮤니티 통역이라는 통역의 한 분야에 대해 기본적인 개념을 정립할 수 있는 기회를 갖는다. 커뮤니티 통역은 의료, 법정 그리고 천안시의 세계 춤 축제인 ‘흥타령’과 같은 지역사회 행사에서 이루어지는 통역을 뜻하며, 그 역할과 중요성을 잘 익혀서 지역사회 행사 등에 통역자로 참여할 수 있는 역량을 기른다."
3학년,1학기,1전선,HBHB4516,영어권지역학전공,영어권ESG기업문화와콘텐트마케팅(캡스톤디자인),3,3,"본 강좌는 한국 및 주요 국제지역의 기업과 상품, 서비스들을 비교 문화적 관점으로 고찰하고 지역적 특성을 고려한 우수 마케팅 사례들을 조사하여 중소기업 해외진출에 필요한 무역실무 소양을 배양한다."
3학년,1학기,1전심,HBHB4519,영어권지역학전공,영어권국가의이해,3,3,"영어권지역학 전공자에게 필수적인 영어권 국가에 대한 이해와 관심을 증진시키고, 이들 국가와 우리나라의 관계를 고찰하는 데 목적을 둔다. 미국을 중심으로 영어를 모국어로 사용하는 국가들이 지구 상의 다른 나라들에 미치는 영향은 상당하다. 정치, 경제, 사회, 문화 등의 다양한 분야의 상호 교역과 관계 개선을 통해 우리나라는 이들 영어권 국가들과 밀접한 관계를 맺어왔다. 이들 국가의 역사와 최근 정치, 경제, 사회적 현황을 학습하고, 이들 국가와 우리 대한민국의 과거와 현재를 탐구하고, 다가오는 변화무쌍한 미래에 어떤 모습과 관계를 만들어 나가야 할지를 고민해본다."
3학년,1학기,1전선,HBHB4521,영어권지역학전공,영-한통번역입문,3,3,"국제화 시대에 원활한 의사소통과 교류를 하려면 외국어 사용과 통역, 번역의 필요성은 절대적이다. 본 과정은 국제화시대에 필요한 언어적 소통과 그 중심에 서 있는 통역과 번역의 실질적인 요소를 학습하고 실습하는 과정이다. 통역과 번역의 역사적, 사회적 맥락을 통해 통역과 번역에 대한 이해를 제고하고, 통역과 번역이라는 전문 직업을 수행하는 데 필요한 준비, 자질, 능력을 실질적으로 탐구하고 기본적인 통역과 번역 연습을 한다."
3학년,1학기,1전선,HBHB4522,영어권지역학전공,영어이야기,3,3,"글로벌언어인 영어의 발생과 국제어로 발전하는 과정을 정치/경제/사회사적으로 살펴보고, 현대영어의 특성을 영어학의 기본 개념과 원리로 학습하여 국제어로의 영어의 위상과 모습을 이해할 수 있다."
3학년,1학기,1전심,HBHB4524,영어권지역학전공,영문화권소설,2,2,"영미소설을 읽으면서 영미사회를 이해하는 것을 목적으로 한다. 다양한 종류의 소설장르를 읽으면서 영미사회의 정치, 경제, 문화, 과학을 이해하게 된다. 수강생들은 또한 자세히 읽기를 통해 소설 속 장면에 함축된 의미를 파악하는 독해능력 또한 키우게 된다."
3학년,1학기,1전선,HBHB4525,영어권지역학전공,영어학개론,3,3,"영어학의 입문 과목으로 영어의 음성, 형태론, 통사론, 의미론, 화용론 등 영어학의 제 분야에에서 기본적인 개념과 언어학의 원리에 대해 학습하여 언어의 보편성과 영어의 개별성과 특이성에 이해하고 실제 언어 데이터를 분석할 수 있다."
3학년,1학기,1전선,HBHB4535,영어권지역학전공,한영AI번역에디팅입문,3,3,"? 다양한 장르의 텍스트를 인공지능 번역기를 통해 영한/한영번역과정에서 에디팅 작업의 가이드 라인을 학습하고 실습하여 프리/포스트 에디팅을 효율적으로 수행하기 위한 역량을 제고함. 
? 번역 패러다임의 확장으로 4차산업혁명에서 다량의 기계번역이 주류를 이루는 번역에서 전문적인 포스트 에디터를 육성하여 취업진출의 활로를 모색함."
3학년,1학기,1전선,HBHB4537,영어권지역학전공,영상번역입문,3,3,"본 과정은 온라인 동영상 서비스(OTT)로 즐길 수 있는 다양한 영화, 드라마 콘텐츠의 영상미디어 자막, 더빙 번역 능력을 기르는데 목적을 둔다. 강의를 통해 OTT 영상을 시청하고, 더빙 또는 자막을 위한 번역작업을 한 후, OTT 용도에 맞게 더빙 또는 자막으로 처리하는 기술의 기본기를 학습한다."
3학년,1학기,1전선,HBHB4540,영어권지역학전공,영문화권미디어산업,2,2,"미디어 콘텐츠 시장이 날로 시장 규모를 확대하고 있다. 이 과목은 잡지, 뉴스, 영화, TV, 소셜 미디어 등 과거와 현재 미디어 콘텐츠 생산과 소비 메카니즘을 이해하는 수업이다. 시대가 변하면서 미디어 콘텐츠의 생산/소비 방식이 변화한 과정을 자세히 이해하는 일은 지속적으로 시장을 넓히고 있는 콘텐츠 기반 산업 동향을 이해하는데 필수적이다. 따라서 이 과목을 수강한 학생들은 졸업 후 이 분야에 진출 시 경쟁력을 높일 수 있다. 미디어 산업에 대해 심도 있게 이해하면 콘텐츠 생산, 유통, 소비 분야에 취업 시 유리한 위치에 서게 된다."
3학년,2학기,1전심,HBHB4512,영어권지역학전공,비즈니스스피킹,3,3,"실무 비즈니스 상황에서 필요한 영어 스피킹 실력을 함양하는 것을 목적으로 하는 과목으로, 실제 취업과정에 필요한 잡인터뷰, 비즈니스 미팅이나 회의에 필요한 대화 능력과 비즈니스 프레젠테이션 능력을 향상하는 활동과 연습으로 이루어진다."
3학년,2학기,1전선,HBHB4523,영어권지역학전공,애니메이션더빙번역,3,3,현대 영미 희곡 대표 작품과 멜로드라마 영화에 대한 배경지식을 살펴보고 자막 번역의 방법을 학습한다. 그리고 애니메이션 영화 배경지식을 살펴보고 스크립트를 더빙 번역하는 방법을 학습한다. 이 수업에서는 영상 번역가에게 필요한 지식을 습득하고 번역 능력을 갖출 수 있도록 한다.
3학년,2학기,1전심,HBHB4528,영어권지역학전공,SF영화와영미과학기술문명,3,3,우리는 지금 과학기술이 인간의 삶에 막대한 영향력을 행사하는 사회에 살고 있다. SF영화는 첨단 과학기술문명을 이해하는 창구역할을 한다. 빠른 속도로 디지털시대로 진입하고 있는 21세기를 맞아 현대 과학기술은 인류에게 유토피아적 행복과 디스토피아적 재앙을 동시에 지닌 야누스의 얼굴로 다가온다. 이 과목은 SF영화를 통해 과학기술과 인문학의 관계에 대한 통찰력을 키우는 기회를 준다.
3학년,2학기,1전심,HBHB4530,영어권지역학전공,CNN을통한국제시사,3,3,영어권의 대표적인 미디어인 CNN을 통해 국제시사에 대한 안목을 넓힌다.
3학년,2학기,1전선,HBHB4534,영어권지역학전공,비즈니스영어독해,3,3,"이 교과목은 취업 현장에서 유용하게 활용가능한 비지니스 영어를 익히는 것을 목적으로 하고 있다. 학생들은 다양한 비지니스 관련 주제들과 용어들을 배우게 된다. 취업을 위해 영어 시험을 치러야 하는 학생들에게는 시험 대비 독해 전략을 실전 연습하기에 좋은 교과목이다. 이뿐만아니라 영어를 전문적으로 가르치는 일에 종사하길 원하는 학생들을 위해 깊이 있는 독해능력을 증진하는데도 큰 도움이 될 수 있는 교과목이다. 무엇보다 국내 해외영업 부서, 다국적 기업, 해외 취업 등 영어 사용 빈도가 높은 직업군을 목표로 직장에서 즉시 사용 가능한 표현들을 익히기에 최적화된 취업 준비 과목이다. 한마디로 취업이나 영어 교육을 위해 독해 실력을 함양하거나  글로벌 시대에 걸맞은 영어 의사소통능력을 키우고자하는 학생들을 위한 취업밀착형 실용 과목이라고 할 수 있다."
3학년,2학기,1전선,HBHB4539,영어권지역학전공,영어토론연습,3,3,"이 교과목은 영어로 다양한 주제의 토론과 토의를 통하여 영어 능력을 향상함을 목적으로 한다. 학생들은 다양한 장면에서 주어진 주제에 대해 의견을 제시하고, 상대방의 의견을 듣고 이해하고 적절하게 대응하고 토론 또는 토의하는 과정에 참여하며, 이를 통해 듣기, 읽기, 쓰기, 말하기 등 영어의 4능력을 고루 사용하고 향상시켜 자유로운 영어구사능력과 글로벌 비즈니스 시대에 걸맞은 영어 의사소통 능력을 함양한다."
4학년,1학기,1전심,HBHB4514,영어권지역학전공,영어교육론,3,3,"이 과목은 영어를 제2 언어나 외국어로 가르치는 것과 관련된 이론을 다루는 과목이다. 먼저 영어교육과 관련된 다양한 이론을 이해하고 그들을 평가할 수 있으며, 이러한 이론을 실제 한국 실제 교육현장에서 적용할 수 있는 능력을 기르도록 한다."
4학년,1학기,1전심,HBHB4515,영어권지역학전공,북미사회산업탐방(PBL),3,3,"북미사회산업탐방은 경제, 사회, 기술 등 다양한 산업 분야에 초점을 맞추어 학생들이 보다 심층적으로 북미의 사회경제적 구조와 발전을 이해할 수 있도록 한다. 본 강좌는 북미 지역의 산업 발전이 전 세계에 미치는 영향을 이해하게 함으로써, 학생들의 글로벌 관점을 넓히는 데 기여한다. 이는 학생들이 미래의 산업과 직업 세계에 대비하는 데 도움을 준다."
4학년,1학기,1전심,HBHB4526,영어권지역학전공,미디어번역실습,3,3,"다양한 미디어 기반의 텍스트를 살펴보고, 이를 실제 번역하는 실습과정이다. 
온라인 텍스트, 웹 콘텐츠, 자막, 더빙 등이 필요한 영상자료를 번역하는 내용도 포함한다."
4학년,2학기,1전심,HBHB4527,영어권지역학전공,영상번역과대중문화,3,3,번역의 기본적인 개념과 정보 등을 익히도록 하며 번역의 실용적인 면을 위해 여러 주제를 놓고 실제로 영어를 한국어로 번역하는 기회를 가능한 한 많이 갖도록 한다.
4학년,2학기,1전선,HBHB4541,영어권지역학전공,글로벌MICE산업의이해(캡스톤디자인),3,3,"MICE (Meeting·Incentive tour·Convention·Exhibition)산업은 산업 전반에 많은 영향을 끼칠뿐만 아니라 지역의 이미지 개선과 경제적 파급효과 등으로 인해서 많은 지역이 관심을 가지고 투자하고 있는 분야이다. 본 교과는 이러한 추세에 맞추어 국내외 회의, 인센티브, 컨벤션, 전시와 이벤트 등 마이스 산업 전반에 대한 이해를 위한 과목이다. 본 과목의 학습을 통해서 마이스 산업을 이해하고 관련 산업에 대한 기획과 사업의 운영 방법에 대한 기초적인 내용을 학습한다."
1학년,1학기,1전선,HBHI0010,글로벌지역학부,글로벌사회와지역문화,2,2,이 교과목은 글로벌지역학부 신입생에게 학부 전공을 소개하고 학부의 기초 역량을 다지기 위해 동서양 주요 국가의 문화적 특성을 개관하고 21세기 글로벌 사회에서 글로벌 지역의 언어와 문화가 어떠한 기여를 하고 있는지 알아본다.
1학년,2학기,1전선,HBHI0004,글로벌지역학부,글로벌시대의인문학,2,2,첨단 과학과 극단적인 물질주의가 지배하는 오늘날의 사회에서 인문학은 어떠한 의의를 가지는 것인가? 이 강의에서는 동서양의 인문학적 전통이 21세기 글로벌 사회에서 가지는 현재성에 대해서 생각해본다.
1학년,2학기,1전선,HBHC4483,프랑스어권지역학전공,프랑스어첫걸음,3,3,"본 교과목은 프랑스어를 처음 접하는 학생들이 프랑스어의 발음에서부터 문법, 기초적인 의사소통 표현에 대한 학습을 통해 초급 수준의 프랑스어 의사소통 능력을 갖출 수 있도록 하는 데 중점을 두는 교과목이다."
2학년,1학기,1전선,HBHC1021,프랑스어권지역학전공,프랑스어1,3,3,초급과정에서 중급과정으로 이어지는 일련의 프랑스어 강좌 중 첫 번째 강좌로서 발음에서부터 문법까지 읽고 듣고 쓰고 말하는 연습을 수행함으로써 프랑스어를 통한 의사소통과 정보 습득의 기본 능력을 갖추도록 한다.
2학년,1학기,1전선,HBHC1051,프랑스어권지역학전공,프랑스어회화1,2,2,"저학년 과정에서 실용적인 프랑스어를 중점적으로 익히는 세 학기 연속강좌로서, 정확한 프랑스어 발음을 훈련하고 일상적인 프랑스어 표현을 듣고 말할 수 있는 능력을 향상시키도록 한다. 이를 위해 프랑스어의 기본구조와 그것이 일상생활에서 활용되는 예를 시청각 교재를 이용한 상황부여 방식으로 학습함으로써 학생들이 현장감 있는 생활프랑스어를 익힐 수 있도록 한다."
2학년,1학기,1전선,HBHC4394,프랑스어권지역학전공,프랑스문학예술감상,3,3,"프랑스는 전통적으로 문학교육을 중시하는 나라이며, 오늘날도 프랑스 대학입학자격시험에서 문학시험은 큰 비중을 차지한다. 이러한 프랑스의 문화적 전통과 교육제도는 다른 나라와 비교할 때 폭넓고 두터운 문학 독자층의 형성 및 문화생활에서 문학이 큰 비중을 차지하는 프랑스 고유의 상황으로 이어진다. 문학이 프랑스 사회의 다양한 문제들에 대한 공론의 장을 제공하는 구체적인 사례들을 영화나 공연 등 다른 문화적 미디어와도 연결하여 학습하면서, 프랑스 문학과 문화의 특수성에 대한 이해를 도모한다."
2학년,1학기,1전선,HBHC4473,프랑스어권지역학전공,현대프랑스의사회와문화,3,3,"사회, 문화, 역사, 정치, 교육, 사회제도 등 다양한 각도에서 프랑스 사회에 대한 이해를 도모하면서, 현대 프랑스 사회에 대한 기초적인 종합적 이해를 도모한다. 특히 오늘날의 프랑스 상황에 대한 구체적인 사례를 동시에 학습함으로서, 현대 프랑스의 사회와 문화에 대한 역동적이고 유연하며 현실적인 이해능력, 그리고 이를 통한 프랑스어권지역 전문가로서의 기초를 다진다."
2학년,1학기,1전선,HBHC4481,프랑스어권지역학전공,프랑스와유럽문명,3,3,"사회, 문화, 역사, 정치, 교육, 사회제도 등 다양한 각도에서 프랑스 사회에 대한 이해를 도모하면서, 현대 프랑스 사회에 대한 기초적인 종합적 이해를 도모한다. 특히 오늘날의 프랑스 상황에 대한 구체적인 사례를 동시에 학습함으로서, 현대 프랑스의 사회와 문화에 대한 역동적이고 유연하며 현실적인 이해능력, 그리고 이를 통한 프랑스어권지역 전문가로서의 기초를 다진다."
2학년,2학기,1전선,HBHC1022,프랑스어권지역학전공,프랑스어2,3,3,초급과정에서 중급과정으로 이어지는 일련의 프랑스어 강좌 중 두 번째 강좌로서 문장 중심으로 읽고 쓰고 듣고 말하는 연습에 중점을 둠으로써 프랑스어를 통한 원활한 의사소통과 정보습득의 능력을 갖추도록 한다.
2학년,2학기,1전선,HBHC1042,프랑스어권지역학전공,프랑스어회화2,2,2,"저학년 과정에서 실용적인 프랑스어를 중점적으로 익히는 세 학기 연속강좌로서, 정확한 프랑스어 발음을 훈련하고 일상적인 프랑스어 표현을 듣고 말할 수 있는 능력을 향상시키도록 한다. 이를 위해 프랑스어의 기본구조와 그것이 일상생활에서 활용되는 예를 시청각 교재를 이용한 상황부여 방식으로 학습함으로써 학생들이 현장감 있는 생활프랑스어를 익힐 수 있도록 한다."
2학년,2학기,1전선,HBHC2131,프랑스어권지역학전공,프랑스어쓰기연습,3,3,"초급 수준의 프랑스어 능력(프랑스어1,2)을 갖춘 학생을 대상으로 기본적인 문장에서부터 문화적 맥락을 고려한 복합적인 문장까지 다양한 수준의 작문 연습을 함으로써 자신의 생각을 프랑스어 문장으로 원활하게 표현하는 능력을 기르도록 한다."
2학년,2학기,1전선,HBHC3181,프랑스어권지역학전공,DELF프랑스어1,2,2,초급 및 중급프랑스어문법을 이수한 학생들을 대상으로 한층 높은 수준의 프랑스어 활용능력을 길러 DELF의 읽기와 쓰기 시험에 대비하도록 훈련하는 두 학기 연속 강좌 중 첫 번째 단계이다. 프랑스어에 대한 체계적인 지식을 바탕으로 일상생활과 관련된 비교적 짧은 텍스트나 표현뿐 아니라 기사나 문학작품 같은 보다 긴 글을 읽고 자신의 생각을 논리적으로 표현하는 능력을 기르도록 한다.
2학년,2학기,1전선,HBHC4478,프랑스어권지역학전공,프랑스어권사회와문화,3,3,"프랑스어 사용국가와 지역은 프랑스와 유럽 일부국가뿐만이 아니라 오대양 육대주에 걸쳐 분포한다. 영어를 제외한다면 프랑스어는 전 세계의 각 지역을 포괄하는 유일한 언어이며, 영어와 더불어 유엔과 올림픽의 공식 언어로 사용되는 국제어이기도 한다. 특히 아프리카의 경우 다수의 국가가 프랑스어를 공용어인 동시에 일상 언어로 사용하고 있으며, 한국과 아프리카의 증대하고 있는 사회, 문화, 경제교류에 있어서도 중요한 언어이다. 이에 대한 이해를 통해 프랑스어권 지역 전문가로서의 기초를 다진다."
3학년,1학기,1전선,HBHC2011,프랑스어권지역학전공,프랑스어회화3,2,2,"저학년 과정에서 실용적인 프랑스어를 중점적으로 익히는 세 학기 연속강좌로서, 정확한 프랑스어 발음을 훈련하고 일상적인 프랑스어 표현을 듣고 말할 수 있는 능력을 향상시키도록 한다. 이를 위해 프랑스어의 기본구조와 그것이 일상생활에서 활용되는 예를 시청각 교재를 이용한 상황부여 방식으로 학습함으로써 학생들이 현장감 있는 생활프랑스어를 익힐 수 있도록 한다."
3학년,1학기,1전심,HBHC3192,프랑스어권지역학전공,DELF프랑스어2,2,2,"기본적인 프랑스어 문법을 배운 학생들을 대상으로 한층 높은 수준의 프랑스어 활용능력을 길러 DELF의 독해, 작문, 청취, 구술 분야별 시험에 대비하도록 훈련하는 세 학기 연속 강좌이다. 프랑스어에 대한 체계적인 지식을 바탕으로 일상생활과 관련된 비교적 짧은 텍스트를 만들 뿐 아니라 기사나 문학작품 같은 보다 긴 글을 읽고 자신의 생각을 논리적으로 표현하는 능력을 기르도록 한다."
3학년,1학기,1전선,HBHC3242,프랑스어권지역학전공,프랑스어텍스트읽기,3,3,"초,중급 수준의 프랑스어 능력을 갖춘 학생을 대상으로 프랑스 문학이나 저널리즘의 텍스트를 읽고 사유하는 연습을 함으로써 프랑스어 능력을 심화함은 물론 프랑스 문화에 대한 폭넓고 깊은 이해를 갖추도록 한다."
3학년,1학기,1전심,HBHC4383,프랑스어권지역학전공,프랑스어3,3,3,초급과정에서 중급과정으로 이어지는 일련의 프랑스어 강좌 중 세 번째 강좌로서 문장 중심의 읽고 쓰고 듣고 말하는 연습은 물론 프랑스 문화에 대한 기본적인 안내를 겸함으로써 프랑스어를 통한 보다 높은 수준의 의사소통과 정보 습득 능력을 기르도록 한다.
3학년,1학기,1전선,HBHC4482,프랑스어권지역학전공,프랑스예술과대중문화,3,3,"사회, 문화, 역사, 정치, 교육, 사회제도 등 다양한 각도에서 프랑스 사회에 대한 이해를 도모하면서, 현대 프랑스 사회에 대한 기초적인 종합적 이해를 도모한다. 특히 오늘날의 프랑스 상황에 대한 구체적인 사례를 동시에 학습함으로서, 현대 프랑스의 사회와 문화에 대한 역동적이고 유연하며 현실적인 이해능력, 그리고 이를 통한 프랑스어권지역 전문가로서의 기초를 다진다."
3학년,2학기,1전선,HBHC2162,프랑스어권지역학전공,프랑스문화산업,3,3,"문학, 영화, 음악, 뮤지컬, 연극, 만화, 애니메이션, 광고, 종합공연예술 등 문화예술의 모든 영역에 걸쳐  전 세계에서 가장 다양하고 풍요로운 문화콘텐츠를 확보하고 있는 프랑스는, 이를 기반으로 국내외를 포괄하는 거대한 문화산업과 시장을 형성한 나라이다. 이에 대한 학습과 이해를 통해 직업으로서의 문화전문가가 될 수 있는 능력을 함양한다."
3학년,2학기,1전심,HBHC3011,프랑스어권지역학전공,DELF프랑스어3,2,2,"기본적인 프랑스어 문법을 배운 학생들을 대상으로 한층 높은 수준의 프랑스어 활용능력을 길러 DELF의 독해, 작문, 청취, 구술 분야별 시험에 대비하도록 훈련하는 세 학기 연속 강좌이다. 프랑스어에 대한 체계적인 지식을 바탕으로 일상생활과 관련된 비교적 짧은 텍스트를 만들 뿐 아니라 기사나 문학을 통하여 프랑스어를 익힌다."
3학년,2학기,1전선,HBHC3032,프랑스어권지역학전공,미디어프랑스어,3,3,"미디어의 혁신과 다변화로 인하여 인류가 영위하는 삶의 방식은 빠르게 변모하고 있다. 이러한 변화에 발맞추기 위하여 인류의 사고방식은 물론 언어생활도 새로운 소통 환경에 적응하기 위한 진화를 거듭한다. 프랑스어 역시 이러한 변화의 요구에 적극 대응함으로써 정보화 사회의 흐름을 주도하고 국제적 소통의 언어로서의 위상을 지켜나가고 있다. 이 강의는 인터넷, 영화, 다큐멘터리, 애니메이션, 광고, 만화 등 다양한 매체에서 사용되는 프랑스어의 구체적인 양상을 실제로 접해봄으로써 프랑스의 멀티미디어 분야에 대한 이해를 심화하는 동시에 실생활 프랑스어 능력을 향상시키는 것을 목표로 한다."
3학년,2학기,1전심,HBHC4395,프랑스어권지역학전공,프랑스어4,3,3,초급과정에서 중급과정으로 이어지는 일련의 프랑스어 강좌 중 마지막 네 번째 강좌로서 복잡한 수준의 문장까지 읽고 쓰고 듣고 말하는 연습을 함은 물론 프랑스 문화에 대한 폭넓고 깊은 지식을 습득하게 함으로써 보다 높은 수준의 프랑스어를 통한 의사소통과 정보 습득 능력을 기르도록 한다.
3학년,2학기,1전심,HBHC4477,프랑스어권지역학전공,한국프랑스문화교류와문화기획(캡스톤디자인),3,3,"19세기 후반에 공식 수교관계를 맺은 한국과 프랑스는, 현재 정치, 경제, 사회, 문화 등 다양한 영역에서 날로 교류를 확대해나가고 있으며, 한국과 여타 프랑스어권 지역 국가들과의 교류도 증대하고 있다. 한국인으로서 프랑스지역 전문가가 되기 위해서, 그리고 전문가적인 지식을 직업으로 연결시키는데 있어서도 이에 대한 이해는 필수적이다. 한국과 프랑스에 대한 비교적 관점의 확보를 통해, 학문, 문화, 경제 등 다양한 직업분야에서 한국과 프랑스를 연결하는 전문가가 되기 위한 소양을 함양한다."
4학년,1학기,1전심,HBHC2021,프랑스어권지역학전공,생활프랑스어,3,3,"이 강좌는 실생활과 비즈니스에서 사용되는 각종 서식과 정보들을 실제로 접함으로써 살아있는 프랑스어를 체험하는 것을 목표로 한다. 이를 위해 프랑스어에서 실제로 통용되는 문서, 편지, 공문서, 일상용어 및 서식 등을 자유롭게 활용하여 실질적인 업무능력 배양에 역점을 둔다"
4학년,1학기,1전선,HBHC4480,프랑스어권지역학전공,프랑스어권경제와기업문화,3,3,프랑스는 다양한 경제 분야에서 세계적 기업을 보유하고 있는 경제 대국이다. 본 교과목은 이러한 프랑스 경제의 다양한 면을 이해하고 프랑스 기업들의 문화를 이해해보는 교과목이다.
4학년,1학기,1전심,HBHC4484,프랑스어권지역학전공,프랑스어권영화와애니메이션,3,3,"현재 세계의 프랑스어 사용 지역은 프랑스어권 유럽 국가들과 캐나다, 프랑스어권 아프리카와 오세아니아 지역 등 전 세계에 걸쳐 넓게 분포되어 있다. 세계 각 지역 프랑스어권 국가들의 영화와 애니메이션을 통해, 프랑스어권의 다양하고도 복합적인 사회문화 현상들을 구체적으로 생생하게 이해할 수 있다."
4학년,2학기,1전선,HBHC4397,프랑스어권지역학전공,오늘날의프랑스,3,3,‘문화와 예술의 나라’라는 프랑스의 이미지는 실제 프랑스의 모습과는 다소 거리가 있다. 이는 내적으로 다양한 분야에서 시급한 사회 문제들에 직면해 있으며 외적으로 프랑스어권 지역을 포함한 국제적 역학관계 속에서 위상을 확보해야 하는 프랑스의 현실을 제대로 반영하지 못하기 때문이다. 따라서 시사프랑스어 강의는 프랑스의 신문과 방송의 기사에서 이슈가 되는 프랑스 사회의 현황을 분석함으로써 역동적으로 변화하는 프랑스 사회의 실상을 다각적으로 파악할 수 있도록 한다.
4학년,2학기,1전심,HBHC4474,프랑스어권지역학전공,프랑스어권과국제사회의교류협력,3,3,"프랑스는 특히 다양한 프랑코포니 국제기구를 매개로 여타의 프랑스어권 국가들과의 공조를 통해 국제사회의 다양한 이슈와 문제들에 대해 자신들의 관점과 이해관계를 관철시키려 노력한다. 정치, 경제, 사회, 문화, 기술, 교육 등 다양한 분야의 국제적 갈등과 공조 상황에서,  프랑스어권은 종종 일종의 블록을 형성하는 경향이 있다. 프랑스어권 지역전문가가 되기 위해서, 이러한 프랑스, 프랑스어권, 국제사회의 복합적인 상호연관성에 대한 이해를 도모한다."
1학년,1학기,1전선,HBHI0010,글로벌지역학부,글로벌사회와지역문화,2,2,이 교과목은 글로벌지역학부 신입생에게 학부 전공을 소개하고 학부의 기초 역량을 다지기 위해 동서양 주요 국가의 문화적 특성을 개관하고 21세기 글로벌 사회에서 글로벌 지역의 언어와 문화가 어떠한 기여를 하고 있는지 알아본다.
1학년,2학기,1전선,HBHI0004,글로벌지역학부,글로벌시대의인문학,2,2,첨단 과학과 극단적인 물질주의가 지배하는 오늘날의 사회에서 인문학은 어떠한 의의를 가지는 것인가? 이 강의에서는 동서양의 인문학적 전통이 21세기 글로벌 사회에서 가지는 현재성에 대해서 생각해본다.
1학년,2학기,1전선,HBHE4423,독일어권지역학전공,기초독일어,3,3,본 강의는 독일어권지역학을 전공하고자 하는 학생들이 독일어를 시작하는 첫 학기에 기초적으로 익혀야 할 문법과 어휘 등을 익히는 데 중점을 둔다. 독일어에서 가장 기본이 되는 요소들을 배움으로써 독일어에 대한 기본적인 지식을 쌓아서 지역학을 전공하는데 도움이 될 것이다.
2학년,1학기,1전선,HBHE1031,독일어권지역학전공,독일어회화1,3,3,"처음 독일어를 배우는 학생을 위한 수업으로써, 독일어 발음 체계를 익히고, 
인사 및 자기소개와 같은 간단한 일상 회화를 연습한다."
2학년,1학기,1전선,HBHE2211,독일어권지역학전공,독일어연습1,3,3,"처음 독일어를 배우는 학생들을 위하여 발음, 기초적인 문법, 문장 및 간단한 일상회화를 반복하여 연습하는데 중점을 둔다."
2학년,1학기,1전선,HBHE4355,독일어권지역학전공,현대독일의사회와문화,3,3,"독일, 오스트리아, 스위스의 사회사와 문학사를 역사적으로 개관하고, 현대 독일의 정치, 경제, 환경, 여성운동, 문화 그리고 예술에 대해서 알아본다."
2학년,1학기,1전선,HBHE4357,독일어권지역학전공,시청각독일어실습1,3,3,"독일어 듣기 능력을 키우기 위한 기초과목으로써 일상적 표현을 듣고 문장을 활용하는 연습을 한다. 이 수업은 어학교재와 오디오자료를 중심으로 이루어진다. 또한 비디오 교재를 통해 독일어로 대화를 나눔으로써, 독일어 구사력과 청취력을 향상시킨다."
2학년,2학기,1전선,HBHE1012,독일어권지역학전공,독일어회화2,3,3,"독일인과 일상생활에서 간단히 대화를 나눌 수 있는 회화 능력을 기른다. 그리고 유럽공통언어기준(Common European Framework of Reference of Language) A1 수준의 회화능력을 갖추는 것을 목로표 한다.
이 수업에서는 특히 어휘력 및 표현력의 향상에 중점을 둔다."
2학년,2학기,1전선,HBHE4348,독일어권지역학전공,독일어연습2,3,3,"독일어 연습 (1)'을 이수한 학생들을 위한 강의로써, 이미 습득한 기초적인 문법과 문장이해 능력을 바탕으로 조금 더 향상된 수준의 독일어 능력을 온전히 발휘할 수 있도록 하는 것을 목표로 한다."
2학년,2학기,1전선,HBHE4365,독일어권지역학전공,시청각독일어실습2,3,3,"독일어 듣기 능력을 키우기 위한 기초과목으로써 일상적 표현을 듣고 문장을 활용하는 연습을 한다. 이 수업은 어학교재와 오디오자료를 중심으로 이루어진다. 또한 비디오 교재를 통해 독일어로 대화를 나눔으로써, 독일어 구사력과 청취력을 향상시킨다."
2학년,2학기,1전선,HBHE4420,독일어권지역학전공,독일의공연예술,3,3,"연극을 비롯해 독일어권 공연예술의 역사적 흐름에 대해서 알아보고 중요한 작품을 감상, 분석해본다."
2학년,2학기,1전선,HBHE4421,독일어권지역학전공,영화로보는독일사회(PBL),3,3,"1920년대 바이마르 공화국 시대의 표현주의 영화, 1970년대 뉴저먼 시네마를 비롯해 대표적인 독일 영화를 통해 현대 독일 사회의 변화와 문제점에 대해서 알아본다."
3학년,1학기,1전심,HBHE1032,독일어권지역학전공,독일어텍스트읽기,2,2,시사적인 주제의 텍스트를 중심으로 문장 독해 능력을 향상시키는 연습을 한다. 또한 학생들이 독일어 문장을 정확하게 이해하는 능력을 갖춰 일상생활에서 필요한 정보를 얻는데 어려움이 없도록 도와준다.
3학년,1학기,1전심,HBHE2021,독일어권지역학전공,독일어회화3,3,3,"독일인과 일상생활에서 간단히 대화를 나눌 수 있는 회화능력을 기른다. 그리고 유럽공통언어기준(Common European Framework of Reference of Language) A1, A2 수준의 회화능력을 갖추는 것으로 목표로 한다. 이 수업에서는 특히 어휘력 및 표현력의 향상에 중점을 둔다."
3학년,1학기,1전심,HBHE4415,독일어권지역학전공,독일문학과영화의이해,3,3,문학과 영화 두 매체의 공통점과 차이점에 대해서 알아보고 대표적인 독일 문학과 그 영화적 각색물을 비교해본다.
3학년,1학기,1전심,HBHE4416,독일어권지역학전공,독일과EU,3,3,유럽공동체(EU)의 성립 과정과 그 정치적 경제적 의미에 대해서 알아본다. 오늘날 유럽의 명실상부한 주도국으로서 독일이 유럽공동체 내에서 갖는 위상을 점검해본다.
3학년,1학기,1전심,HBHE4424,독일어권지역학전공,문학으로읽는독일역사,3,3,"제2차 세계 대전이 종전한 지 70년이 넘은 오늘날 나치 독일과 전쟁을 직접 경험한 세대, 즉 생생하게 그 시절을 증언할 수 있는 세대가 점차 사라져가고 있다. 그러나 아이러니하게도 1990년대 이후 독일어권뿐만이 아니라 전 세계적으로도 나치 독일과 제2차 세계 대전에 대한 기억은 오늘날 과거 그 어느 때보다도 활발하고, 적극적이며, 매우 다양한 방식으로 이루어지고 있다. 기억은 문화적 사안이다. 20세기 초 유럽대륙의 한복판에서 일어났던 홀로코스트와 제2차 세계 대전은 어느 한 나라, 어느 한 문화권에만 해당하는 사건이 아니며, 당연히 어느 한 문화권에서만 ‘기억’되는 사건도 아니다. 언제, 어디서, 누가, 왜 그리고 ‘어떻게’ 기억하는지에 따라 그 하나의 사건은 다른 모습을 띤다. 따라서 본 강의에서는 나치 독일 또는 제 2차 세계 대전을 다룬 독일어권 문학 작품을 중심으로 경험 세대와 사후 세대의 나치 독일 및 제2차 세계 대전의 기술 및 기억 방식을 살펴보고자 한다."
3학년,2학기,1전선,HBHE2022,독일어권지역학전공,독일어회화4,3,3,"유럽공통언어기준(Common European Framework of Reference for Language) A2 단계에서 요구하는 회화능력을 갖추는 것을 목표로하며, 고급문법을 활용한 문장을 구사할 수 있도록 연습한다."
3학년,2학기,1전선,HBHE4368,독일어권지역학전공,독일어권기업문화론(캡스톤디자인),3,3,세계경제를 주도하는 독일어권 기업들을 개괄하고 글로벌 시대에 어떤 전략으로 독일 대표기업들이 기업문화를 만들어 가는지에 대해 살펴본다. 이를 통해 우리와 다른 독일어권 기업문화의 특징을 그려본다.
3학년,2학기,1전심,HBHE4370,독일어권지역학전공,ZD독일어,3,3,"공인인증된 독일어 능력 자격시험(Zertifikat Deutsch, B1)을 준비하는 학생들을 위하여 그에 필요한 텍스트 이해 및 문법, 쓰기, 듣기 및 말하기 등의 4개 영역에 대한 언어능력을 갖추게 하는데 목적이 있다."
3학년,2학기,1전심,HBHE4418,독일어권지역학전공,독일문학과문화콘텐츠,3,3,"독일 대중문화를 산업적인 관점에서 살펴본다. 게르만 신화, 그림 동화 등 독일의 전통적인 서사가 어떤 식으로 상업적인 문화콘텐츠로 전환되는지 살펴보고 지방분권이 강한 독일의 지역축제, 도시재생 프로젝트 등에 대해서도 알아본다."
3학년,2학기,1전심,HBHE4419,독일어권지역학전공,독일어쓰기,2,2,기초 단계(A2)의 어휘와 구문에 대한 이해와 지식을 바탕으로 다양한 실제상황에 대처할 수 있는 의사소통능력을 키우기 위해 특별히 쓰기 능력에 집중한다.
4학년,1학기,1전선,HBHE4360,독일어권지역학전공,독일어회화5,3,3,"‘독일어회화’ 교과목을 단계별로 이수한 학생을 위한 중급회화 과정으로서, 주어진 주제나 상황에 따라 자유로운 문장 구사력을 습득할 수 있도록 연습한다."
4학년,1학기,1전선,HBHE4363,독일어권지역학전공,실용독일어,3,3,"독일어가 필요한 사회활동을 수행할 수 있는 어학능력습득을 목표로 한다. 예를들어 비지니스 업무에서 필요한 편지와 공문서를 직접 작성해보고, 전화나 회의 등에서 필요한 표현을 직접적으로 구사할 수 있도록 연습한다. 그 밖에 상업통신문, 광고문 그리고 독일 언론 시사문제에 관한 기사들도 함께 읽어본다."
4학년,1학기,1전선,HBHE4417,독일어권지역학전공,독일의도시와축제,3,3,"독일 대중문화를 산업적인 관점에서 살펴본다. 게르만 신화, 그림 동화 등 독일의 전통적인 서사가 어떤 식으로 상업적인 문화콘텐츠로 전환되는지 살펴보고 지방분권이 강한 독일의 지역축제, 도시재생 프로젝트 등에 대해서도 알아본다."
4학년,2학기,1전선,HBHE4361,독일어권지역학전공,독일어회화6,3,3,유럽공통언어기준(Common European Framework of Reference for Language) B1에 해당하는 회화능력을 갖추어 어학인증시험에 대비할 수 있도록 연습한다. 독일어 회화의 마지막 과정인 이 수업은 좀 더 구체적이고 심도있는 주제를 바탕으로 자유회화능력의 습득을 목표로 한다.
4학년,2학기,1전선,HBHE4369,독일어권지역학전공,한독문화비교(캡스톤디자인),3,3,"문화의 개념 및 문화연구의 관점을 정리한 후, 다양한 문화 현상에 대한 적용을 시도해본다. 또한 일상의 문화현상에 대한 분석을 통해 독일문화와 우리의 문화 비교를 통해 심층적 이해를 모색한다."
1학년,1학기,1전선,HBHI0010,글로벌지역학부,글로벌사회와지역문화,2,2,이 교과목은 글로벌지역학부 신입생에게 학부 전공을 소개하고 학부의 기초 역량을 다지기 위해 동서양 주요 국가의 문화적 특성을 개관하고 21세기 글로벌 사회에서 글로벌 지역의 언어와 문화가 어떠한 기여를 하고 있는지 알아본다.
1학년,2학기,1전선,HBHI0004,글로벌지역학부,글로벌시대의인문학,2,2,첨단 과학과 극단적인 물질주의가 지배하는 오늘날의 사회에서 인문학은 어떠한 의의를 가지는 것인가? 이 강의에서는 동서양의 인문학적 전통이 21세기 글로벌 사회에서 가지는 현재성에 대해서 생각해본다.
1학년,2학기,1전선,HBHG4432,러시아·중앙아시아지역학전공,러시아어첫걸음,3,3,전공 언어 기초 탐색의 과목으로서 러시아어에 대한 기초적인 이해와 러시아어 문법의 기초를 이해하는 과정이다. 이와 더불어 기초적인 러시아어 표현과 필수적인 기초 어휘를 익히면서 러시아어 활용과 이해의 토대를 제공한다.
2학년,1학기,1전선,HBHG1021,러시아·중앙아시아지역학전공,러시아어1,3,3,"철자, 발음, 억양으로부터 시작하여 명사, 대명사, 형용사의 단수, 복수 격변화 형태와 기능, 동사 변화에 이르기까지 러시아어 문법의 기초를 체계적으로 다진다. 아울러 기초적인 생활 러시아어 표현과 필수적인 기초 어휘를 익힘으로써 러시아어의 토대를 종합적으로 구축하도록 유도한다."
2학년,1학기,1전선,HBHG1031,러시아·중앙아시아지역학전공,러시아어회화1,2,2,"이 과목에서는 러시아어 발음과 억양의 연습으로부터 시작하여 일상적인 상황에서 요구되는 기초적인 구어체 회화 문장과 어휘를 익히는데 주안점을 둔다. 한국인 혹은 러시아 원어민 교수가 진행할 수 있으며, 발음과 억양에 더하여 듣기와 말하기의 기초 실력을 갖추는 것에도 초점을 맞춘다."
2학년,1학기,1전선,HBHG4394,러시아·중앙아시아지역학전공,러시아어읽기1,2,2,"러시아어에 대한 기초적인 이해를 바탕으로 러시아어 문장 독해에 필수적인 어휘와 표현, 문장의 구조를 학습하고, 각 주제에 따라 활용할 수 있는 문장과 대화를 익힌다."
2학년,1학기,1전선,HBHG4402,러시아·중앙아시아지역학전공,현대러시아의사회와문화,3,3,"이 과목은 러시아어권 지역학을 전공으로 선택한 학생들을 대상으로 한 전공 기초 강좌이다. 현재의 러시아를 폭넓게 조망할 수 있도록 국가 형태, 자연 환경, 산업, 경제, 사회, 문화 전반에 관한 개괄적인 지식을 습득함으로써 러시아어권 국가들의 중심인 러시아의 정체성을 이해할 수 있게 한다."
2학년,1학기,1전선,HBHG4423,러시아·중앙아시아지역학전공,러시아예술의매혹,3,3,"이 과목은 서양의 근, 현대 예술사를 논할 때 빼놓을 수 없는 러시아 예술의 우수성을 음악과 미술, 그리고 최근 각광받고 있는 러시아 영화에까지 폭을 넓혀 이해할 수 있도록 하는 과목이다. 다양한 장르에 걸친 러시아 예술의 매력을 감상하고 이해하게 함으로써 러시아인들의 역사와 문화가 예술을 통해 어떻게 표현되어 왔는지를 알 수 있도록 한다."
2학년,2학기,1전선,HBHG1022,러시아·중앙아시아지역학전공,러시아어2,3,3,"<러시아어1>에서 익힌 지식을 바탕으로 하여 동사 명령형, 형용사와 부사의 비교급과 최상급, 관계대명사 등등 구어체와 문어체의 실용 러시아어에서 쓰임새가 많은 문법 사항들을 체계적으로 학습해 나간다. 아울러 기초 수준을 넘어서는 어휘와 표현의 사용법을 익힘으로써 중급 수준의 러시아어로 발전해갈 수 있는 토대를 다진다."
2학년,2학기,1전선,HBHG1042,러시아·중앙아시아지역학전공,러시아어회화2,2,2,"러시아 원어민 교수와 함께 러시아어 듣기와 말하기 능력을 초급 단계 이상으로 배양한다. 이 과목에서 학생들은 일상적인 회화 표현을 익힐 뿐만 아니라, 일정한 주제를 가지는 상위 초급 단계의 대화나 토론에 참여할 수 있도록 유도되어진다."
2학년,2학기,1전선,HBHG4399,러시아·중앙아시아지역학전공,러시아어읽기2,2,2,"다양한 주제의 러시아어 텍스트를 읽고 상황에 따라 정형화된 구문을 학습하여, 러시아어 독해 능력을 심화시키는 강좌이다."
2학년,2학기,1전선,HBHG4403,러시아·중앙아시아지역학전공,러시아의역사,3,3,"이 과목은 서기 9세기로부터 현재까지 전개되어 온 러시아 역사의 주요 인물과 사건을 살펴보는 동시에 그 사건들의 이념적, 문화적 배경을 이해하게 하는 것에 주요 목표가 있다. 단순한 사건 나열보다는 역사적 변환의 각 단계에 있어 러시아의 사회와 문화의 모습이 어떻게 변화되어 나갔는지에 주목함으로써 다양한 역사적 경험들이 러시아인들의 정신세계 형성에 어떻게 영향을 미쳤는지 이해할 수 있도록 한다."
2학년,2학기,1전선,HBHG4404,러시아·중앙아시아지역학전공,러시아문학과사상,3,3,"이 과목에서는 고대와 중세의 러시아문학에 대해 개괄적으로 살핀 후, 19~20세기 러시아 문학의 전성기에 나타난 다양한 작가들의 문학 세계와 문학계의 현상들에 대해 좀 더 자세히 알아본다. 대표적인 작가와 작품, 주요한 문예 사조를 시대별로 살펴보면서 그 속에 내재하는 러시아적 정신세계와 사상에도 초점을 맞춤으로써 당대의 러시아 문학사를 총체적으로 이해해 볼 수 있도록 한다."
3학년,1학기,1전심,HBHG2041,러시아·중앙아시아지역학전공,러시아어3,3,3,"이 과목은 <러시아어1>과 <러시아어2>를 이수한 학생들을 대상으로 하여 이동 동사, 직접, 간접화법 형태, 부동사, 형동사 등의 사용법을 익히게 함으로써 중급 수준의 러시아어 문법을 완성하도록 만든다. 아울러 중급 수준의 어휘와 표현을 익힘으로써 차후 다양한 중급 수준 러시아어 과목들을 성공적으로 이수할 수 있는 토대를 마련한다."
3학년,1학기,1전심,HBHG4397,러시아·중앙아시아지역학전공,러시아어회화3,2,2,"이 과목은 초급 단계의 듣기와 말하기 실력이 갖추어진 학생들을 대상으로 하여 중급 단계의 대화나 토론에 참여할 수 있는 듣기와 말하기 능력을 배양하는데 초점을 맞춘다. 이 과목의 성공적인 이수 후에는 러시아인들과의 만남 시에 일정한 문화적, 사회적 주제를 가지고 대화를 나눌 수 있는 실력이 갖춰질 수 있다."
3학년,1학기,1전선,HBHG4405,러시아·중앙아시아지역학전공,러시아명작특강,3,3,"이 과목은 19~20세기 러시아의 대표적 작가들의 뛰어난 작품들을 선별하여 정독하고 그 문학적 특성과 우수성을 이해하게 하려는 목표를 가진다. 이를 통해 작품의 주제, 기법 등에 대해 보다 구체적으로 접근할 수 있으며 동시에 문학 작품을 분석할 수 있는 소양을 기를 수 있다."
3학년,1학기,1전심,HBHG4412,러시아·중앙아시아지역학전공,핵심러시아어문법,3,3,러시아어를 3학기 동안 배우고 있는 학생들을 주요 대상으로 하여 초급과 중급의 러시아어 문법과 구문의 핵심적인 사항들을 간추려 체계적으로 총정리 함으로써 중급 수준의 러시아어 문장을 구성할 수 있는 토대를 확실히 다진다. 이 과목을 통해 차후 <러시아어 어휘와 문장> 과목을 성공적으로 이수할 수 있는 토대를 갖추게 한다.
3학년,1학기,1전심,HBHG4430,러시아·중앙아시아지역학전공,중앙아시아문명사,3,3,인류사의 중요한 문명의 교차로에 위치한 중앙아시아 지역은 다양한 문명이 명멸한 곳으로서 문화의 용광로였다. 이 과목은 중앙아시아 지역의 문명 교차에 초점을 맞추어 다양한 민족과 문화의 발전사를 통시적으로 이해하도록 한다.
3학년,1학기,1전선,HBHG4433,러시아·중앙아시아지역학전공,러시아영화와애니메이션,3,3,영화 탄생 초기부터 세계영화의 가장 영향력있는 매체가 된 러시아 영화의 주요 작품들과 주제를 통해 러시아 사회와 문화를 이해한다. 또한 시작부터 입체모형으로 탄생한 러시아 애니메이션의 주요 작품들과 발달사를 통해 주요 문화산업으로서 러시아 애니메이션의 저력을 확인한다.
3학년,1학기,1전심,HBHG4434,러시아·중앙아시아지역학전공,러시아어쓰기1,2,2,"러시아어의 기초 문법을 활용하여 러시아어 어휘, 어결합과 문장 구조와 어순 개념에 대한 이해력을 높이고 러시아어 작문 능력을 향상하는 것을 목표로 한다."
3학년,2학기,1전심,HBHG4401,러시아·중앙아시아지역학전공,러시아어회화4,2,2,<러시아어 회화> 계열 과목의 마지막에 위치한 과목으로서 중급 단계의 대화나 토론에 참여할 수 있는 보다 충실한 듣기와 말하기 실력을 다지는 것을 목표로 한다. 구어체적인 표현뿐만이 아니라 토론에 자주 사용되는 비교적 문어체의 문장 구조까지도 사용할 수 있도록 러시아 원어민 교수가 지도한다.
3학년,2학기,1전심,HBHG4413,러시아·중앙아시아지역학전공,러시아어어휘와문장,3,3,"3개 학기 동안 문법과 어휘 관련 일련의 러시아어 과목들을 수강한 학생들을 대상으로 하여, 이제 중급 수준 러시아어 문장의 구조를 보다 이론적이고도 체계적으로 이해하고 그것을 토대로 보다 복잡하고도 세련된 러시아어 문장을 구성할 수 있도록 교육하는 것이 이 과목의 목표이다. 이를 위해서 중급 수준의 어휘와 표현에 대한 분석과 이해가 곁들여질 것이다."
3학년,2학기,1전선,HBHG4417,러시아·중앙아시아지역학전공,러시아문화읽기,3,3,"이 과목에서는 종교, 관습, 전통, 유머, 생활방식 등등 러시아의 다양한 문화 전반을 다루는 최신 러시아어 자료들을 읽게 된다. 이를 통해 러시아의 사회와 문화 전반에 관한 구체적이고도 생생한 지식을 축적하게 하며, 동시에 중급 수준의 시사 텍스트를 통해 현대 러시아어 구문에 대한 이해력을 높이게 하려는 목표를 가진다."
3학년,2학기,1전선,HBHG4419,러시아·중앙아시아지역학전공,러시아·중앙아시아시장과기업문화(PBL),3,3,"이 과목은 러시아 또는 중앙아시아 국가들과의 무역, 통상 분야에 진출하려는 학생들에게 각 국가의 현재 경제 상황, 한국와의 교역 현황 등의 정보를 취득하게 하는 한편 각 국에 독특한 기업문화의 유형까지도 학습하게 함으로써 장래 진로 개척에 실제적인 도움을 받을 수 있게 하려는 목표를 가진다."
3학년,2학기,1전선,HBHG4428,러시아·중앙아시아지역학전공,미디어로보는러시아·중앙아시아,3,3,"미디어의 혁신과 다양화를 이루는 시대적 변화에 발맞추어, 인터넷, 신문,  방송 등의 대중매체를 통해 정보화 사회의 흐름과 경향성을 이해하고, 이를 통해 러시아와 중앙아시아의 정치, 경제, 사회, 문화를 이해하게 하여, 학생들로 하여금 실용적인 러시아어 실력과 더불어 지역학적 지식을 함양하게 한다."
3학년,2학기,1전심,HBHG4435,러시아·중앙아시아지역학전공,러시아어쓰기2,2,2,"중급 수준의 러시아어 문법, 독해 능력을 바탕으로 우리말을 러시아어로 옮길 때 필요한 러시아어 작문 능력을 향상시키고, 러시아어의 정형화된 쓰기 텍스트 유형을 학습한다."
4학년,1학기,1전심,HBHG3302,러시아·중앙아시아지역학전공,러시아문화콘텐츠,2,2,"러시아의 문화적 저력과 역량이 집중된 문화예술의 영화, 연극, 애니메이션 등 다양한 분야들을 이해하고 이 분야가 문화콘텐츠산업으로 발전한 과정과 결과를 분석하면서 문화콘텐츠에 대한 안목을 확장하기 위한 과목이다."
4학년,1학기,1전심,HBHG4416,러시아·중앙아시아지역학전공,러시아·중앙아시아이슈스케치,3,3,"이 과목은 최근 러시아와 중앙아시아와 관련된 내외적 주요 이슈들에 대한 진단과 분석을 러시아와 중앙아시아 지역에 대한 이해를 높이고 학생들이 염두에 둔 러시아 관련 취업 분야에 대한 유용한 이론적, 실제적 지식을 갖추도록 한다."
4학년,1학기,1전선,HBHG4418,러시아·중앙아시아지역학전공,TORFL러시아어,2,2,"이 과목은 러시아어 관련 직종 취업에 있어 가장 자주 요구되는 러시아어능력자격시험(TORFL) 1단계 합격을 위한 실질적인 준비를 돕는 실용어학 강좌이다. 러시아어 TORFL의 1단계 시험 합격을 위해 가장 주요한 과제인 듣기, 말하기, 쓰기 능력을 향상시키는 데 주안점을 두게 된다."
4학년,2학기,1전선,HBHG4420,러시아·중앙아시아지역학전공,신실크로드와한류(PBL),3,3,"고대, 중세의 실크로드가 현재 경제적 측면에서 신(新)실크로드라는 명칭으로 재조명되고 있는 상황에서 이 지역의 중앙아시아 국가들은 우리나라의 한류가 번성하고 있는 지역이기도 하다. 이 과목은 이에 초점을 맞추어 장래 이 지역 국가들에 경제와 무역뿐만 아니라 문화 사업의 측면에서 진출하고자 하는 목표를 가진 학생들에게 한류가 이 지역에서 차지하는 비중과 미래의 전망을 탐색할 수 있도록 하는 목표를 가진다."
4학년,2학기,1전선,HBHG4427,러시아·중앙아시아지역학전공,미디어번역연습,2,2,최근 급증하고 있는 러시아의 다양한 문화매체의 통번역 수요에 따라 학생들의 러시아어 번역능력을 함양하고 미디어번역에 대한 기본적인 훈련을 통해 관련 분야로의 진출에 실질적 도움을 제공하는 교과목이다.
4학년,2학기,1전심,HBHG4431,러시아·중앙아시아지역학전공,비즈니스실무러시아어,2,2,"이 과목은 무역, 외교, 문화 교류 등등 제 분야에서 필요한 어휘를 습득하고 문장 구사 능력을 배양함으로써 러시아어의 이론적 지식을 실무 능력으로 연결시킬 수 있도록 한다. 이러한 분야와 관련된 다양한 텍스트를 독해하고 영상 자료를 보고 이해함으로써 최신의 필수적인 어휘를 습득하고 이러한 어휘를 실제 상황에 적용하여 연습하면서 실무 경험을 가능하게 한다."
1학년,1학기,1전선,HBIO1112,디자인학부,기초디자인1,3,3,"디자인의 개념 및 원리, 요소를 고찰하고 디자인의 영역과 디자이너의 역할에 대하여 학습한다. 
또한, 디자인의 기본요소와 원리를 활용하여 기초적인 2D 표현능력을 연구한다."
1학년,1학기,1전선,HBIO1116,디자인학부,관찰과표현기법,3,3,"대상의 관찰을 통하여 시각적 표현의 방법을 모색하고, 효과적인 표현을 위해 다양한 매체와 기법을 취급한다. 묘사 · 색채 · 형태 · 소재 · 구성이라고 하는 조형 연습으로부터 표현기법을 실습한다."
1학년,2학기,1전선,HBIO1114,디자인학부,디지털미디어,3,3,컴퓨터 기초프로그램의 활용을 통하여 디지털 기초를 습득한다.
1학년,2학기,1전선,HBIO1117,디자인학부,기초디자인2,3,3,디자인의 기본요소와 원리를 활용하여 기초적인 3D표현능력을 학습한다.
2학년,1학기,1전선,HBIA1111,커뮤니케이션디자인전공,커뮤니케이션디자인기초,3,3,"시각디자인의 기초 개념을 시각언어로 이해하고 디자인의 객관적 가치 기준을 습득한다. 또한 형과 색의 조형성 및 개념, 시각 언어의 함수적 관계 등을 실습한다."
2학년,1학기,1전선,HBIA2142,커뮤니케이션디자인전공,비디오그래피,3,3,"본 교과목은 디지털 미디어디자인을 이해하는 기초과목으로서 영상제작 실습을 통해 과거 모션그래픽/컴퓨터 애니메이션 작품 사례들을 자기만의 시각으로 재해석하고 본인만의 애니메이션 언어와 원리를 파악하며, 공감각적 경험의 디자인 능력을 기른다."
2학년,1학기,1전선,HBIA3151,커뮤니케이션디자인전공,일러스트레이션기초Ⅰ,3,3,"단행본 서적에 관여되는 일러스트레이션으로, 일러스트레이션의 분석적 사고와 합리적 해결을 시도한다. 이 과정은 단행본이 갖고 있는 연속성, 지속성, 일관성의 견지에서 일러스트레이션의 접근방법을 모색한다."
2학년,1학기,1전선,HBIA4344,커뮤니케이션디자인전공,타이포그래피기초,3,3,"시각디자인의 요소로서 문자를 이해하며, 디자인을 통해 문자의 사용(문자체, 경사, 굵기, 자간, 행간, Column, Copy casting) 등을 시도한다. 문자에 의한 시각적 호소력을 실험하며 인쇄매체에 관련되는 실기 능력을 실습한다."
2학년,2학기,1전선,HBIA1112,커뮤니케이션디자인전공,커뮤니케이션디자인,3,3,"시각디자인의 기초 개념을 시각언어로 이해하고 디자인의 객관적 가치 기준을 습득한다. 또한 형과 색의 조형성 및 개념, 시각 언어의 함수적 관계 등을 실습한다."
2학년,2학기,1전선,HBIA3152,커뮤니케이션디자인전공,일러스트레이션기초Ⅱ,3,3,"단행본 서적에 관여되는 일러스트레이션으로, 일러스트레이션의 분석적 사고와 합리적 해결을 시도한다. 이 과정은 단행본이 갖고 있는 연속성, 지속성, 일관성의 견지에서 일러스트레이션의 접근방법을 모색한다."
2학년,2학기,1전선,HBIA4335,커뮤니케이션디자인전공,2D모션그래픽스,3,3,"본 교과목은 디지털 미디어디자인을 이해하는 기초과목으로서 영상제작 실습을 통해 과거 모션그래픽/컴퓨터 애니메이션 작품 사례들을 자기만의 시각으로 재해석하고 본인만의 애니메이션 언어와 원리를 파악하며, 공감각적 경험의 디자인 능력을 기른다."
2학년,2학기,1전선,HBIA4346,커뮤니케이션디자인전공,타이포그래피,3,3,"시각디자인의 요소로서 문자를 이해하며, 디자인을 통해 문자의 사용(문자체, 경사, 굵기, 자간, 행간, Column, Copy casting) 등을 시도한다. 문자에 의한 시각적 호소력을 실험하며 인쇄매체에 관련되는 실기 능력을 실습한다."
2학년,2학기,1전선,HBIA4597,커뮤니케이션디자인전공,재료와구조,3,3,"공간과 구조, 재료에 대한 학습을 통하여 입체적 사고력을 함양하고, 창의적 조형을 다루고 해석하는 능력을 기른다."
3학년,1학기,1전선,HBIA3141,커뮤니케이션디자인전공,사용자중심디자인(캡스톤디자인),3,3,"크리에이티비티를 완성하는 단계로 개념의 논리적 전개 위에 표현의 효율성을 극대화하며, 보다 설득적이고 전문적인 메시지 전달방법을 추구한다. 개별 작업을 통하여 학생 개개인의 독창성과 개성의 발견이나 관심을 찾도록 한다."
3학년,1학기,1전선,HBIA3153,커뮤니케이션디자인전공,일러스트레이션I,3,3,"단행본 서적에 관여되는 일러스트레이션으로, 일러스트레이션의 분석적 사고와 합리적 해결을 시도한다. 이 과정은 단행본이 갖고 있는 연속성, 지속성, 일관성의 견지에서 일러스트레이션의 접근방법을 모색한다."
3학년,1학기,1전선,HBIA4333,커뮤니케이션디자인전공,브랜드디자인,3,3,"브랜드와 디자인, 마케팅의 기본 이론을 이해하고, 이들의 관계를 연구하며, 사례연구와 실습을 통해 효과적인 브랜드 디자인 방법론을 연구한다."
3학년,1학기,1전선,HBIA4334,커뮤니케이션디자인전공,패키지디자인기초,3,3,"과거의 패키지디자인의 개념은 상품을 보호하는데 중점을 두었다면 오늘날의 패키지디자인은 제품과 브랜드의 정체성을 분명히 하고, 상품의 가치를 높이며, 소비자 관심과 구매욕구를 높이는데 주안점을 두고 있으며, 패키지디자인은 마케팅수단으로 사용되면서 그 중요성이 점점 부각되고 있는 가운데, 본 과목은 브랜드와 상품의 목적에 맞는 캐피지 디자인을 개발하기 위한 기획, 디자인, 시작품 제작에 이르기까지의 전 과정을 실습한다."
3학년,1학기,1전선,HBIA4343,커뮤니케이션디자인전공,소셜이노베이션디자인(캡스톤디자인),3,3,"인간/사회/자연에 대한 현재의 이슈를 기반으로 인간 중심의 생활 변화를 추구하며, 미래지향적인 혁신적 디자인 가치를 추구하는 내용을 연구한다."
3학년,1학기,1전선,HBIA4598,커뮤니케이션디자인전공,디자인씽킹,3,3,"시각 요소를 활용해 대중, 사회와 소통하기 위한 전략을 세우는 과정과 결과 속에서 문제를 해결하거나 느슨하게 개입하기 위한 방법론인 디자인 씽킹을 학습한다. 이를 통해 빠르게 변화하는 미디어 환경 속에서 다양한 가치를 아우르는 통합된 사회적 가치를 연구하고 시각적으로 표현한다."
3학년,2학기,1전선,HBIA3142,커뮤니케이션디자인전공,정보인터랙션디자인,3,3,"크리에이티비티를 완성하는 단계로 개념의 논리적 전개 위에 표현의 효율성을 극대화하며, 보다 설득적이고 전문적인 메시지 전달방법을 추구한다. 개별 작업을 통하여 학생 개개인의 독창성과 개성의 발견이나 관심을 찾도록 한다."
3학년,2학기,1전선,HBIA3154,커뮤니케이션디자인전공,일러스트레이션II,3,3,"단행본 서적에 관여되는 일러스트레이션으로, 일러스트레이션의 분석적 사고와 합리적 해결을 시도한다. 이 과정은 단행본이 갖고 있는 연속성, 지속성, 일관성의 견지에서 일러스트레이션의 접근방법을 모색한다."
3학년,2학기,1전선,HBIA3302,커뮤니케이션디자인전공,패키지디자인,3,3,"과거의 패키지디자인의 개념은 상품을 보호하는데 중점을 두었다면 오늘날의 패키지디자인은 제품과 브랜드의 정체성을 분명히 하고, 상품의 가치를 높이며, 소비자 관심과 구매욕구를 높이는데 주안점을 두고 있으며, 패키지디자인은 마케팅수단으로 사용되면서 그 중요성이 점점 부각되고 있는 가운데, 본 과목은 브랜드와 상품의 목적에 맞는 캐피지 디자인을 개발하기 위한 기획, 디자인, 시작품 제작에 이르기까지의 전 과정을 실습한다."
3학년,2학기,1전선,HBIA4340,커뮤니케이션디자인전공,브랜드경험디자인(PBL),3,3,"브랜드와 디자인 이론을 이해하고, 이들의 관계를 연구하며, 사례연구와 실습을 통해 효과적인 브랜드 디자인 방법론을 연구한다."
3학년,2학기,1전선,HBIA4596,커뮤니케이션디자인전공,디지털에디토리얼,3,3,디지털에디토리얼은 타이포그래피교과목의 심화된 과정으로 언어적 재료인 글자의 의미와 본질을 이해하고 커뮤니케이션을 위한 콘텐츠 기획과 시각 메시지의 표현방법을 탐구한다. 또한 미디어가 발달하고 첨단기술이 개발됨에 따라 타이포그래피도 다양한 미디어에 따른 디자인방법론이 요구됨으로 확장된 디지털 매체와 경험을 통한 에디토리얼 개발 교육 과정을 목표로 한다.
3학년,2학기,1전선,HBIA4599,커뮤니케이션디자인전공,시각문화디자인,3,3,"비가시적 지역 문화 콘텐츠를 가시적 요소로 개발하고, 지역 상권과 연결해 디자인 거점을 구축해 디자인과 지역 문화, 그리고 기술이 결합된 장소 브랜딩을 목표로 지-산-학을 유기적으로 연결하고자 한다."
4학년,1학기,1전심,HBIA4221,커뮤니케이션디자인전공,경험디자인스튜디오II,3,3,"과거의 패키지디자인의 개념은 상품을 보호하는데 중점을 두었다면 오늘날의 패키지디자인은 제품과 브랜드의 정체성을 분명히 하고, 상품의 가치를 높이며, 소비자 관심과 구매욕구를 높이는데 주안점을 두고 있으며, 패키지디자인은 마케팅수단으로 사용되면서 그 중요성이 점점 부각되고 있는 가운데, 본 과목은 브랜드와 상품의 목적에 맞는 캐피지 디자인을 개발하기 위한 기획, 디자인, 시작품 제작에 이르기까지의 전 과정을 실습한다."
4학년,1학기,1전심,HBIA4337,커뮤니케이션디자인전공,경험디자인스튜디오I,3,3,"타이포그래피의 심화된 수업으로 그리드, 사진, 일러스트의 활용과 타이포그래피의 응용을 배우고 이미지/내용/체계 등을 연구하는 과정으로, 효과적인 시각 메시지 전달을 위해 영상디자인 문자 환경과 매체의 특성을 창의적인 컨셉을 바탕으로 한 편집디자인 실무능력을 키움으로서 다기능적/복합적 실무디자이너를 양성하는 과목이다."
4학년,1학기,1전심,HBIA4348,커뮤니케이션디자인전공,혁신디자인스튜디오I,3,3,"기업, 브랜드 혹은 개인의 시각이미지 구축에 필수적인 아이덴티티 시스템디자인의 개념을 이해하고 아이디어 발상에서부터 최종 매뉴얼에 이르는 작업 전 과정의 프로세스를 익힌다. 또한 베이직 시스템디자인 및 어플리케이션 시스템디자인의 전개 과정에서 동일한 개념과 형태를 시각적 일관성을 유지하며 다양한 상황에 맞도록 전개하는 과정과 그래픽 모티브의 개발 및 활용 능력을 기른다."
4학년,1학기,1전심,HBIA4349,커뮤니케이션디자인전공,혁신디자인스튜디오II,3,3,"기업, 브랜드 혹은 개인의 시각이미지 구축에 필수적인 아이덴티티 시스템디자인의 개념을 이해하고 아이디어 발상에서부터 최종 매뉴얼에 이르는 작업 전 과정의 프로세스를 익힌다. 또한 베이직 시스템디자인 및 어플리케이션 시스템디자인의 전개 과정에서 동일한 개념과 형태를 시각적 일관성을 유지하며 다양한 상황에 맞도록 전개하는 과정과 그래픽 모티브의 개발 및 활용 능력을 기른다."
4학년,2학기,1전심,HBIA4142,커뮤니케이션디자인전공,혁신디자인스튜디오III,3,3,"과거의 패키지디자인의 개념은 상품을 보호하는데 중점을 두었다면 오늘날의 패키지디자인은 제품과 브랜드의 정체성을 분명히 하고, 상품의 가치를 높이며, 소비자 관심과 구매욕구를 높이는데 주안점을 두고 있으며, 패키지디자인은 마케팅수단으로 사용되면서 그 중요성이 점점 부각되고 있는 가운데, 본 과목은 브랜드와 상품의 목적에 맞는 캐피지 디자인을 개발하기 위한 기획, 디자인, 시작품 제작에 이르기까지의 전 과정을 실습한다."
4학년,2학기,1전심,HBIA4338,커뮤니케이션디자인전공,디자인리포트,3,3,"다양한 디자인 문제를 해결하기 위해 구체적인 전략을 수립하고, 소비자와 효과적으로 커뮤니케이션하기 위해 필요한 디자인 방법론을 학습한다."
4학년,2학기,1전심,HBIA4342,커뮤니케이션디자인전공,경험디자인스튜디오III,3,3,"타이포그래피의 심화된 수업으로 그리드, 사진, 일러스트의 활용과 타이포그래피의 응용을 배우고 이미지/내용/체계 등을 연구하는 과정으로, 효과적인 시각 메시지 전달을 위해 영상디자인 문자 환경과 매체의 특성을 창의적인 컨셉을 바탕으로 한 편집디자인 실무능력을 키움으로서 다기능적/복합적 실무디자이너를 양성하는 과목이다."
1학년,1학기,1전선,HBIO1112,디자인학부,기초디자인1,3,3,"디자인의 개념 및 원리, 요소를 고찰하고 디자인의 영역과 디자이너의 역할에 대하여 학습한다. 
또한, 디자인의 기본요소와 원리를 활용하여 기초적인 2D 표현능력을 연구한다."
1학년,1학기,1전선,HBIO1116,디자인학부,관찰과표현기법,3,3,"대상의 관찰을 통하여 시각적 표현의 방법을 모색하고, 효과적인 표현을 위해 다양한 매체와 기법을 취급한다. 묘사 · 색채 · 형태 · 소재 · 구성이라고 하는 조형 연습으로부터 표현기법을 실습한다."
1학년,2학기,1전선,HBIO1114,디자인학부,디지털미디어,3,3,컴퓨터 기초프로그램의 활용을 통하여 디지털 기초를 습득한다.
1학년,2학기,1전선,HBIO1117,디자인학부,기초디자인2,3,3,디자인의 기본요소와 원리를 활용하여 기초적인 3D표현능력을 학습한다.
2학년,1학기,1전선,HBIC2152,패션디자인전공,패턴메이킹Ⅰ,3,3,"의복은 인체에 입혀짐으로써 그 목적을 다하는 것이므로 기본적인 과정으로 체형관찰 및 인체계측을 실시하여 체형의 특징을 파악하게 하고, 체형에 적합한 Basic Pattern의 제작 및 활용법 등을 실습 한다. 평면제도법의 원리를 이해하고 그 활용법을 기초로 하여 스커트와 셔츠의 원형과 다양한 디자인의 변화와 활용을 실습한다. 아이템별 실물제작을 통하여 의복제작과정의 단계별로 요구되는 이론과 실기능력을 키운다"
2학년,1학기,1전선,HBIC2161,패션디자인전공,패션일러스트레이션,3,3,"패션을 표현할 수 있는 드로잉 능력을 기르는 과정으로 인체의 프로포션 및 포즈에 대하여 기초 실기를 실시하고, 
창의적인 표현기술과 더불어 산업현장에서 필요한 도식화 드로잉 표현 능력을 기른다."
2학년,1학기,1전선,HBIC2171,패션디자인전공,서양복식사&현대의상사실습,2,2,"서양문명의 발상지인 이집트에서 시작된 의복의 기원에서부터 현대복까지의 변쳔과정을 역사적, 사회적, 문화적 측면에서 고찰해나가는 과정으로 문화의 특색이 복식에 미치는 영향을 탐색하고 현대사회의 우리의 감각과 실정에 맞는 의복디자인을 할 수 있도록 그 기초가 된다. 또한 현대의상을 문화적인 배경 및 예술양식의 변천과 함께 연구하며 유명디자이너의 작품들을 분석하여 현대복식에 대한 이해를 높이고 디자인 개발에 도움이 되도록 한다."
2학년,1학기,1전선,HBIC2212,패션디자인전공,기초드레이핑,3,3,"기초드레이핑은 머슬린을 이용하여 인체구조에 대한 이해를 기초로 인대 위에서 직접 패턴을 만들어내는 3차원적 입체 패턴 제작과정으로서 다트매니퓰레이션을 통한 bodice의 활용과 Skirt,sleeve,collar의 다양한 디자인에 대한 드레이핑 작업을 통해 창의적인 의복 디자인의 패턴을 개발할 수 있는 기초적 기법을 습득한다."
2학년,1학기,1전선,HBIC4354,패션디자인전공,기초CAD(SW),3,3,"Adobe Illustrator and Photoshop 프로그램의 기초 툴과 기술을 습득하는 과정이다.본 과정은 상기 프로그램에 대한 사전 지식이 요구되는 것은 아니나, 컴퓨터에 대한 기초적인 이해와 의복 구조에 대한 기본적인 이해가 요구된다."
2학년,1학기,1전선,HBIC4355,패션디자인전공,기초의상디자인,3,3,"의상디자인과 관련된 주요 키워드, 즉 패션이미지, 패션 룩, 패션 테마와 패션 트랜드 관련용어를 이해하고, 각 용어별 특성을 분석한다."
2학년,2학기,1전선,HBIC1122,패션디자인전공,패션CAD,3,3,"패션디자인을 표현하기 위한 기초과정으로 Adobe Photoshop과 Illustration 프로그램의 운용능력을 길러 패션디자인 포트폴리오를 개발하는 데에 적용하며, 디지털 커뮤니케이션할 수 있는 능력을 배양하는데 목적이 있다."
2학년,2학기,1전선,HBIC3151,패션디자인전공,패턴메이킹Ⅱ,3,3,"패턴에 대한 이해도를 높이고 다양한 의복의 패턴제작이 가능하도록 아이템별, 디자인별 패턴염습을 강화하고 실르엣 변화에 대한 패턴연습과 의복제작 시 원,부자재의 활용을 실습하여 실무제작의 수준을 향상시킨다."
2학년,2학기,1전선,HBIC3211,패션디자인전공,패션드레이핑,3,3,"패션 드레이핑은 고급 입체과정으로 다양한 의복 아이템에서 사용되는 디테일들 십습에 의해 표현되는 3차원적 패턴메이킹을 연구한다. Skirt 및 Collar, Sleeve, Bodice의 여러 응용디자인을 Muslin에 의한 입체재단으로 테크닉을 습득하여 이들의 조합에 의한 조형능력을 키운다."
2학년,2학기,1전선,HBIC4357,패션디자인전공,디자인컨셉&트랜드(PBL),3,3,유행이 어떻게 전개되는가에 대한 이해와 이러한 트랜드가 어떻게 패션디자인에 적용되고 활용되는지 등에 대한 이해를 도모한다. 이 과정에서 패션정보를 이해하고 활용할 수 있는 능력을 배양한다. 그리고 의상 디자인에서의 컨셉이란 무엇이며 어떻게 설정되는가 그리고 패션 이론과 소비자 마켓에 대한 이해를 도모한다.
2학년,2학기,1전선,HBIC4415,패션디자인전공,패션소재기획,2,2,"패션 상품을 만들기 위해 소재 전반의 흐름을 파악하여 패션 소재를 개발하는 작업으로 소재기획 프로세스에 대한 실습을 한다. 각종 소재와 디자인의 관련성 이해, 스타일 개발 및 소재 기획 등에 관해 이론 및 실습을 통해 학습한다."
3학년,1학기,1전선,HBIC3022,패션디자인전공,패턴CAD(캡스톤디자인),3,3,"패션산업에서 요구하는 실무능력을 향상시키기 위하여 YUKA CAD와 Adobe Illustrator 프로그램 운용능력을 기르며, 특히 YUKA CAD를 사용하여 패턴제작, 그레이딩, 마킹, 디지타이징 실습을 학습한다."
3학년,1학기,1전심,HBIC3152,패션디자인전공,트렌드패턴(캡스톤디자인),3,3,"패턴메이킹의 고급과정이다. 아이템별로 트렌드를 분석하여, 패턴을 제작 할 수 있는 능력을 키우고, 디자인과 패턴, 소재의 적합성을 접목시켜 자신의 창의적인 아이디어 및 시판의류를 실체화 할 수 있는 능력을 연마한다."
3학년,1학기,1전심,HBIC3212,패션디자인전공,창작드레이핑(PBL),3,3,"자신의 창작 작품이나 컬렉션의 작품사진을 선택하여 디자인을 분석한다. 드레이핑 테크닉을 연구를 통하여 패턴 및 소재가봉의 과정으로 완성한다. 이러한 과정을 통하여  패턴과 소재, 디자인과의 관계를 이해하고 조형능력을 개발한다."
3학년,1학기,1전선,HBIC4341,패션디자인전공,패션마케팅,2,2,"다품종 소량화 시대에서의 패션 디자인에서 가장 중요한 것은 상품으로서의 패션과 상품개발을 위한 마케팅 개념을 이해하는 것이다. 패션산업론을 패션산업 및 패션상품과 이를 중심으로 한 패션마케팅에 대한 총체적인 이해를 모도함으로써 앞으로 진출 할 패션 산업의 급속한 세계회에 대비하여, 한국패션산업이 경쟁력을 높이는데 목표를 두고 있다."
3학년,1학기,1전심,HBIC4359,패션디자인전공,패션워크샵Ⅰ(캡스톤디자인),3,3,"기본적인 디자인 라인의 전개(그루핑)의 개념과 방법, 창의적 디자인 아이디어 전개 방법과 더불어 각 디자인 요소별 전개 방법에 대한 이해를 도모한다. 디자인 아이디어와 리서치 그리고 개인별 디자인 목표 등에 대한 논의가 더불어 진행된다."
3학년,2학기,1전선,HBIC2162,패션디자인전공,디지털패션디자인(PBL),3,3,3D CLO와 Adobe Illustration 프로그램을 사용하여 창의적인 디지털 패션일러스트레이션 표현방법을 배운다. 패션트렌드와 개인의 창의성을 접목하여 구성한 디자인 콘셉에 따라 창의적인 패션디자인 작품을 3D로 제작한다.
3학년,2학기,1전선,HBIC3241,패션디자인전공,한국의상(캡스톤디자인),3,3,"한국의상에는 대표적으로 치마, 저고리, 바지 그위에 의례용 방한용의 두루마기가 있고, 예복이 있다. 그 중에서 여자의 기본 복식이라 할 수 있는 치마, 저고리의 본만들기, 마름질, 바느질법을 익히고 한복의 특성과 장단점을 이해하며 합리적이고 활동적인 한복을 구설할 수 있는 능력을 개발하고자 한다."
3학년,2학기,1전선,HBIC4321,패션디자인전공,특수의상디자인(캡스톤디자인),2,2,창의적인 패션소재 개발을 통하여 의상 또는 패션 소품을 제작한다. 이로써 창의력을 키우고 패션과 소품을 바라보는 시각과 미적 조형 감각을 확대하는데 그 의의가 있다.
3학년,2학기,1전심,HBIC4351,패션디자인전공,특수의복구성(캡스톤디자인),3,3,"본 교과목은 드레스와 남성복에 관한 학습 및 실습을 수행한다. 드레스제작은 드레스의 기본 구조에 대한 이해와 실루엣 변화에 따른 드레스 패턴 제도법, 소재 및 부자재, 봉제법 등을 익힌다. 남성복은 남성복의 구조적인 이해 및 남성복의 패턴실습과 제작을 통하여 남성복과 여성복의 차이점을 비교한다."
3학년,2학기,1전심,HBIC4356,패션디자인전공,패션머천다이징&리테일링,2,2,본 교과목은 패션마켓에 대한 이해를 바탕으로 머천다이징과 리테일링을 학습한다. 마켓의 다양한 양상을 분석하고 다양한 사례를 통하여 세부적인 개념들을 학습한다.
3학년,2학기,1전심,HBIC4360,패션디자인전공,패션워크샵Ⅱ(캡스톤디자인),3,3,트랜드에 대한 이해를 중심으로 기성복 디자인과 창의적 컬렉션을 위한 디자인으로 분류하여 아이디어를 전개한다. 모든 과정은 각각의 소비자와 디자인의 최종 목적에 적합한 디자인 아이디어로 전개하고 이를 3차원의 의상 작품으로 제작한다. 이러한 과정에서는 디자인 아이디어와 리서치 그리고 개인별 디자인의 목표 등에 대한 논의를 중점적으로 진행된다.
4학년,1학기,1전심,HBIC4201,패션디자인전공,컬렉션스튜디오Ⅰ(캡스톤디자인),3,3,"졸업 작품은 지난 3년간의 학업의 함축된 결과를 표출해 내는 것이다. 학생들은 개별 혹은 그룹별로 디자인 주제와 관련한 리서치 과정을 거쳐 디자인에 적절한 소재, 색상, 스타일 등의 선택과정을 거쳐 컬렉션과 간련된 스토리 보드를 제작한 후 디자인 전개과정에 들어간다. 이 과정에서 다양하고 창의적인 아이디어의 발상 및 전개, 이것을 효율적으로 표출해 내기 위한 디자인의 요소 및 원리의 사용 등을 통하여 유행 경향을 반영하도록 노력 한다."
4학년,1학기,1전선,HBIC4420,패션디자인전공,패션비지니스창업설계(캡스톤디자인),2,2,본 교과목은 패션산업분야의 창업을 위한 세부적인 내용을 학습하고 실습함으로써 실질적인 창업으로 연결 될 수 있도록 한다.
4학년,2학기,1전심,HBIC4202,패션디자인전공,컬렉션스튜디오Ⅱ(캡스톤디자인),3,3,"컬렉션 스튜디오1의 연계과목으로 졸업 패션쇼를 통해 3년간의 학업과정을 함축하여 보여주는 과정이다. 학생들은 그들의 창의성과 지식, 정보수집 능력 등을 총 막라하여 자신들의 기량을 보여주도록 한다. 이 과정에서는 개개인의 포트폴리오 제작도 더불어 진행된다. 이 포트폴리오에는 디자인, 플랫드로잉, 사진, 트랜드 정보 등에 대한 자료가 포함된다."
4학년,2학기,1전선,HBIC4416,패션디자인전공,스마트스튜디오(캡스톤디자인),2,2,Adobe Photoshop과 Illustration과 같은 디지털 프로그램을 사용하여 패션실무포트폴리오 제작 기량 습득으로 패션업계 취업 및 창업에 필요한 실전능력을 고취하는 것을 목표로 한다.
1학년,1학기,1전선,HBIO1112,디자인학부,기초디자인1,3,3,"디자인의 개념 및 원리, 요소를 고찰하고 디자인의 영역과 디자이너의 역할에 대하여 학습한다. 
또한, 디자인의 기본요소와 원리를 활용하여 기초적인 2D 표현능력을 연구한다."
1학년,1학기,1전선,HBIO1116,디자인학부,관찰과표현기법,3,3,"대상의 관찰을 통하여 시각적 표현의 방법을 모색하고, 효과적인 표현을 위해 다양한 매체와 기법을 취급한다. 묘사 · 색채 · 형태 · 소재 · 구성이라고 하는 조형 연습으로부터 표현기법을 실습한다."
1학년,2학기,1전선,HBIO1114,디자인학부,디지털미디어,3,3,컴퓨터 기초프로그램의 활용을 통하여 디지털 기초를 습득한다.
1학년,2학기,1전선,HBIO1117,디자인학부,기초디자인2,3,3,디자인의 기본요소와 원리를 활용하여 기초적인 3D표현능력을 학습한다.
2학년,1학기,1전선,HBID1011,텍스타일디자인전공,섬유소재실험,2,2,"섬유재료의 종류별 구조와 성질을 고찰하고 소재에 따른 가공, 염색기법에 대해 익히고 섬유를 패션, 환경과 연관시켜 본다."
2학년,1학기,1전선,HBID2142,텍스타일디자인전공,직물디자인과컨셉,3,3,"직조 디자인에 관계된 직물구조, 실의 선택 및 색의 효과 등에 관하여 실습한다. 직기에 의해 구조되는 다양한 직물 구조 방법을 익히고 이를 바탕으로 직물디자인 개발에 관한 직물설계 및 표현 효과 등에 대해 컴퓨터를 사용한 디자인과 수직 과정을 병행하면서 단계적으로 학습한다."
2학년,1학기,1전선,HBID2152,텍스타일디자인전공,디지털프린팅,3,3,프린트직물의 구상과 추상 등 다양한 패턴을 용도에 따라 구분하여 디지털 프린팅을 이용하여 제작함으로써 프린트 직물 원단을 대량으로 생산할 수 있는 과정을 이해한다.
2학년,1학기,1전선,HBID4326,텍스타일디자인전공,패브릭응용디자인,3,3,패브릭 재료가 가지고 있는 고유의 물성 및 표현을 다양하게 응용함으로써 전통적 패브릭의 개념에서 탈피  하여 새로운 예술 재료로써의 가능성을 연구한다.
2학년,1학기,1전선,HBID4438,텍스타일디자인전공,염색기초스튜디오랩,3,3,"섬유의 전반적인 이해와 염료 및 약품의 사용방법을 익혀, 드로잉기법 및 표현에 대한 기초적인 훈련을 제공하며,섬유의 특성에 맞는 표현기법을 응용하여 섬유소재에 독자적인 이미지를 표현하는 창의력을 배양한다."
2학년,2학기,1전선,HBID2161,텍스타일디자인전공,직물분석,3,3,"섬유, 실, 직물의 구조와 성능을 강의와 실험을 통해 이해하고, 직물의 기능성, 심미성, 감성을 부여시키는 가공 및 염색법, 세탁 및 각종 취급법 등 직물에 대한 기초적인 이론과 실제적 내용들을 습득함으로써 과학적 이론을 바탕으로 직물 디자인에 응용이 이용되도록 한다."
2학년,2학기,1전선,HBID3221,텍스타일디자인전공,타이다이염색스튜디오,3,3,홀치기 염색의 원리를 이해하고 전통적인 홀치기염과 현대적인 홀치기염을 접목시켜 소재에 따라 다양하게 활용 할 수 있는 능력을 기른다.
2학년,2학기,1전선,HBID4322,텍스타일디자인전공,텍스타일CAD(PBL),2,2,CAD System의 기본 원리를 응용하여 선염과 후염의 샘플 제작과 패턴 아이템의 개발에 그 목적을 둔다.
2학년,2학기,1전선,HBID4439,텍스타일디자인전공,직물디자인과브랜드전략(PBL),3,3,"이 교과목에서 수강자는 텍스타일디자인 산업의 현황과 시장을 파악하고 브랜드 관리, 소비자 행동, 광고 및 홍보를 거치는 브랜딩 과정을 중심으로 실무현황을 간접 실습하여 브랜드의 역할과 브랜드 개념을 이해한다. Brand Aesthetic을 이해하고 포지셔닝, 아이덴티티, 관리강화 전략을 분석하여 텍스타일디자인과 함께 새로운 가치를 확립하여 브랜드 유형별 차별화 전략을 제시한다."
2학년,2학기,1전선,HBID4440,텍스타일디자인전공,디지털패턴프린팅,3,3,"텍스타일디자인의 기본과정 연구-오브제의 선택, 인공물과 자연물
오브제의 묘사
모티프의 단순화, 다양한 방식으로의 전개, 컬러를 이용한 표현 등을 텍스타일 기본 리핏에 맞게 제작하고 원단에 출력함으로써 원단 제작 방식을 효과적으로 이해함."
3학년,1학기,1전심,HBID3301,텍스타일디자인전공,직물디자인기획Ⅰ(캡스톤디자인),4,4,"수직기와 수편기를 활용한 창의적 직물디자인을 위해 자료수집, 이미지구축, 조직설계, 제작 단계를 거쳐 타겟 마켓과 트렌드에 부합하는 직물디자인을 개발한다."
3학년,1학기,1전심,HBID3311,텍스타일디자인전공,서피스디자인스튜디오Ⅰ(캡스톤디자인),4,4,"서피스 디자인의 기본 개념 및 Repeat pattern의 이해와 어패럴, 인테리어 직물 등을 단계적으로 진행함으로써 섬유디자인의 심도 있는 작업을 진행한다."
3학년,1학기,1전선,HBID4328,텍스타일디자인전공,직물산업리서치(캡스톤디자인),2,3,"직물산업리서치는 소비자의 욕구와 필요를 예측하여 삼품의 기획, 개발, 시장조사에 이르기까지의 마케팅 활동을 의미한다. 이를 위해 본 교과목은 마켓전략, 정보의 조사와 분석, 색채, 소재, 패턴 등의 디자인 방향의 설정 방법 및 생산 기획 및 판매 기획에 관해 학습한다."
3학년,1학기,1전선,HBID4343,텍스타일디자인전공,소재기획(PBL),3,3,"섬유산업체나 디자이너가 의도하는 스타일 및 패션상품을 만들기 위해 디자인의 중요한 요소의 하나인 소재를 여러 각도에서 검토 및 선택, 개발하는 작업으로서 정보수집, 이미지, 칼라 및 소재 방향 결정, 스타일 개발 및 소재 선정 등에 관해 이론 및 실습을 통해 학습한다."
3학년,2학기,1전심,HBID2191,텍스타일디자인전공,직물사,2,2,고대부터 현대에 이르기까지의 직조와 날염직물의 발달 및 변천과정을 각 나라별과 시대별로 공부한다.
3학년,2학기,1전심,HBID3302,텍스타일디자인전공,직물디자인기획Ⅱ(캡스톤디자인),4,4,창의적 직물조형에 관해 다양한 실험적 연구를 수행하고 이를 토대로 직조와 니트 기법을 사용한 예술적 직물 조형물 또는 창의적인 직물 상품 개발을 시도한다.
3학년,2학기,1전심,HBID3312,텍스타일디자인전공,서피스디자인스튜디오Ⅱ(캡스톤디자인),4,4,심화된 소재 개발을 통하여 개개인의 감각과 창의성을 길러주며 실생활용품에 적용시켜 산업사회에서 요구되는 염색 특유의 미적가치를 표현할 수 있는 전문적 능력을 습득한다. 서피스 디자인 아이템에 따른 기본기법의 전개한다.
3학년,2학기,1전선,HBID4434,텍스타일디자인전공,텍스타일프로덕트디자인(캡스톤디자인),3,3,다양한 섬유소재를 활용하여 개개인의 창의성과 전개능력을 개발시키며 조형적으로 표현된 프로덕트 제작을 통하여 미적 부가가치가 높은 작품으로 표현하는 응용력을 기른다.
4학년,1학기,1전선,HBID4331,텍스타일디자인전공,직물융합프로젝트Ⅰ(캡스톤디자인),3,3,졸업전시를 위한 심화된 컴퓨터 조직설계 과정으로서 디지털 방식으로 디자인된 Draft를 제직 과정에 적용하여 창의적 직물디자인을 개발한다. 졸업 작품을 진행할 계획서와 샘플 작업을 진행하여 학기말 평가를 거쳐 2학기에 졸업 작품으로 완성한다.
4학년,1학기,1전선,HBID4333,텍스타일디자인전공,미래염색스튜디오Ⅰ,3,3,졸업 작품 제작을 통하여 학생 개개인의 감각과 창의성을 길러주며 자신의 작품 세계를 정립 시켜나갈 수 있도록 하는 동시에 예술작품으로서의 표현양식을 전개해 나간다.
4학년,1학기,1전선,HBID4334,텍스타일디자인전공,프린트직물디자인Ⅰ,3,3,Trend 분석에 따른 산업직물의 제직과 심화작업을 전개한다.
4학년,1학기,1전선,HBID4340,텍스타일디자인전공,자카드디자인(캡스톤디자인),2,2,"자카드 직물은 자카드 직기에서 제직되는 것으로, 경사와 위사가 자유롭게 엮어져 사실적이고 복잡한 무늬의 디자인도 제직으로 가능하다. 이러한 제직과정에 수반되는 문양디자인을 다양하게 실습하여 창의적이고 예술적인 자카드직물 디자인을 위한 기초 훈련을 한다. 개발된 다양한 문양에 직물조직을 첨가함으로서 새로운 직물표면을 구성하는 방법을 학습하고, 아울러 제직 상에 야기되는 문제점을 파악하고 이를 해결하는 능력을 배양하여 자카드 직물디자인에 관계된 다양한 기술적 훈련에 중점을 둔다."
4학년,2학기,1전선,HBID4335,텍스타일디자인전공,직물융합프로젝트Ⅱ(캡스톤디자인),2,2,졸업전시를 위한 직조 조형 작품을 완성하고 효과적인 촬영과 디스플레이 방법에 관해 연구하여 논문작품을 완료한 후 과정과 결과를 발표한다. 향후 산업체 실무에 투입되어 활동 할 수 있도록 포트폴리오 및 기타 홍보 자료들을 준비한다.
4학년,2학기,1전선,HBID4337,텍스타일디자인전공,미래염색스튜디오Ⅱ(캡스톤디자인),2,2,자신이 연구 개발한 염색작품에 다양한 가공을 접목시켜 섬유제품의 부가가치를 높일 수 있는 제품의 제작을 통하여 산업사회에서 요구되는 창의적이며 전문적인 능력을 기른다.
4학년,2학기,1전선,HBID4338,텍스타일디자인전공,프린트직물디자인Ⅱ,2,2,창의적 아이템 Sample의 개발과 원단에 적용을 시도한다.
1학년,1학기,1전선,HBIO1112,디자인학부,기초디자인1,3,3,"디자인의 개념 및 원리, 요소를 고찰하고 디자인의 영역과 디자이너의 역할에 대하여 학습한다. 
또한, 디자인의 기본요소와 원리를 활용하여 기초적인 2D 표현능력을 연구한다."
1학년,1학기,1전선,HBIO1116,디자인학부,관찰과표현기법,3,3,"대상의 관찰을 통하여 시각적 표현의 방법을 모색하고, 효과적인 표현을 위해 다양한 매체와 기법을 취급한다. 묘사 · 색채 · 형태 · 소재 · 구성이라고 하는 조형 연습으로부터 표현기법을 실습한다."
1학년,2학기,1전선,HBIO1114,디자인학부,디지털미디어,3,3,컴퓨터 기초프로그램의 활용을 통하여 디지털 기초를 습득한다.
1학년,2학기,1전선,HBIO1117,디자인학부,기초디자인2,3,3,디자인의 기본요소와 원리를 활용하여 기초적인 3D표현능력을 학습한다.
2학년,1학기,1전선,HBIE1032,스페이스디자인전공,제도와표현기법,3,3,"실내건축제도를 위한 기초 과정으로 선긋기를 비롯하여 평면도, 입면도, 단면도 등의 2차원적 제도 방법을 익히고 3차원적 표현 방법을 다양한 도구를 활용하여 이해하고 실습한다."
2학년,1학기,1전선,HBIE2131,스페이스디자인전공,Living스페이스디자인Ⅰ(PBL),3,3,"주거공간을 거주자의 생활양식, 주택의 기능, 디자인 원리 등으로 분석, 종합하여 합리적이면서 아름다운 주택의 실내로 계획하는 것에 대해 학습한다. 프로젝트는 APT와 단독주택이며, APT에서는 주어진 구조, 설비의 제 조건하에서 디자인을 절제하는 법을 익히고, 단독주택에서는 대지와의 관계를 비롯하여 실무 프로젝트의 진행과정을 밟아 자유롭고 독창적인 디자이너의 꿈을 도면화해 나간다."
2학년,1학기,1전선,HBIE2181,스페이스디자인전공,디지털드로잉,3,3,"Personal Computer에 대한 기초지식을 습득하고 Auto CAD의 명령어와 기능을 숙지하여 평면, 입면, 단면의 2차원 설계도면 작성 방법을 익힌다."
2학년,1학기,1전선,HBIE4374,스페이스디자인전공,기초실내디자인,3,3,"실내디자인의 기초를 이해하고, 이를 바탕으로 전체 실내 디자인 작업과정을 평면적인 것에서부터 입체적인 것까지 실습해 봄으로써 실내디자인에 대한 흥미를 유발하고 기초를 다진다."
2학년,1학기,1전선,HBIE4380,스페이스디자인전공,Living스페이스디자인Ⅱ(PBL),2,2,"주거공간을 거주자의 생활양식, 주택의 기능, 디자인 원리 등으로 분석, 종합하여 합리적이면서 아름다운 주택의 실내로 계획하는 것에 대해 학습한다. 프로젝트는 APT와 단독주택이며, APT에서는 주어진 구조, 설비의 제 조건하에서 디자인을 절제하는 법을 익히고, 단독주택에서는 대지와의 관계를 비롯하여 실무 프로젝트의 진행과정을 밟아 자유롭고 독창적인 디자이너의 꿈을 도면화해 나간다."
2학년,2학기,1전선,HBIE2132,스페이스디자인전공,Shop스페이스디자인Ⅰ(PBL),3,3,Fashion Boutique를 비롯한 Retail Shop과 Restaurant의 실내 계획에 필요한 기본적 이론을 이해하고 내부를 구성하며 판매를 촉진하는 디자인 요소를 연구하여 이용하기에 편리하고 즐거운 상업공간의 실내설계를 실습한다.
2학년,2학기,1전선,HBIE2161,스페이스디자인전공,재료와색채디자인,3,3,"재료와 색채는 공간디자인을 구현하는 실체적인 요소로서, 재료와 색채의 미적, 기능적 특성을 분석하여 공간의 용도와 목적에 부합하면서 색채와 재료의 속성을 살린 디자인을 제안한다."
2학년,2학기,1전선,HBIE2182,스페이스디자인전공,버추얼스페이스디자인Ⅰ,3,3,Auto CAD 3차원 기능과 3D Studio Max를 이용하여 실내 공간을 모델링하여 Presentation 수단으로 활용할 수 있도록 한다.
2학년,2학기,1전선,HBIE3221,스페이스디자인전공,가구와인간공학,3,3,"가구의 가장 기본이 되는 의자를 디자인하기 위해 가구의 기본적인 개념과, 기능, 재료와 구조를 인간적인 스케일과 연계하여 고찰한다. 또한 본 강좌는 의자를 디자인함에 있어 인간공학적으로 접근함으로써 보다 심미적이고 편안한 디자인을 창조하는데 기여하고자 한다."
2학년,2학기,1전선,HBIE4381,스페이스디자인전공,Shop스페이스디자인Ⅱ(PBL),2,2,Fashion Boutique를 비롯한 Retail Shop과 Restaurant의 실내 계획에 필요한 기본적 이론을 이해하고 내부를 구성하며 판매를 촉진하는 디자인 요소를 연구하여 이용하기에 편리하고 즐거운 상업공간의 실내설계를 실습한다.
3학년,1학기,1전선,HBIE2192,스페이스디자인전공,실내공간만들기,3,3,"구조는 가구, 실내장치물, 건축, 토목 등 일정한 형태를 유지하면서 세워져 있는 모든 것들에게 적용되는 힘의 원리이다. 실내디자인에서는 기본적인 구조원리를 수식적인 풀이보다는 직관적, 감각적으로 완전히 이해하고 있는 것이 매우 중요하다. 따라서 본 강좌는 학생들에게 구조의 개념을 이해시키고, 실내디자인에서 가능한 공간 규모를 파악할 수 있는 능력을 배양시키며, 나아가 구조를 응용한 디자인을 개발한다."
3학년,1학기,1전심,HBIE3131,스페이스디자인전공,Work스페이스디자인Ⅰ(PBL),3,3,현대사회에서 다양한 기능을 수행하는 업무공간의 실내 계획에 필요한 기본 이론을 이해하고 공간의 제반과 표현기법을 익혀 실 산업사회의 실무적응 능력을 함양한다.
3학년,1학기,1전선,HBIE4349,스페이스디자인전공,실내코디와디스플레이,3,3,"실내공간을 구성하는 다양한 요소, 가구와 조명, 재료와 색채, 소품 등을 조화롭게 사용하여 공간적 요구에 맞는 독창적인 공간 이미지를 연출할 수 있도록 지도한다."
3학년,1학기,1전선,HBIE4376,스페이스디자인전공,공간그래픽,3,3,모형제작은 공간디자인을 이해하고 발전시키기 위해 필요한 작업으로서 3D printer와 같은 새로운 기술을 활용하여 다양한 모델을 제작한다.
3학년,1학기,1전심,HBIE4378,스페이스디자인전공,Work스페이스디자인Ⅱ(PBL),2,2,현대사회에서 다양한 기능을 수행하는 업무공간의 실내 계획에 필요한 기본 이론을 이해하고 공간의 제반과 표현기법을 익혀 실 산업사회의 실무적응 능력을 함양한다.
3학년,2학기,1전심,HBIE3132,스페이스디자인전공,Play스페이스디자인Ⅰ(캡스톤디자인),3,3,"기존 전시, 공연들의 특수성, 요구사항, 사례분석 등의 현황파악을 통하여 전시, 공연공간에 대한 총체적 개념과 이해도를 높인다. 또한 이를 기초로 하여 대지, 기본건물 선정 후 Concept를 설정하고, 공간 계획하며 Presentation하는 일련의 과정을 통하여, 실제적으로 합리적이며 심미적인 전시, 공연 공간을 계획, 창조, 표현하는 능력을 함양한다."
3학년,2학기,1전선,HBIE3231,스페이스디자인전공,공간속의빛이야기,3,3,"조명에 대한 기초이론을 습득하고 기존 조명디자인을 분석, 평가함으써 학문적 이해를 구하며 디자인 실습을 통해 조명설계 능력을 배양한다."
3학년,2학기,1전심,HBIE3242,스페이스디자인전공,실내건축디자인사,3,3,"실내건축디자인사는 고대부터 현대까지 건축과 실내공간에 나타난 양식들의 특성과 원리를 분석하고, 양식들간의 상관관계와 현대 디자인과의 연관성 등에 대해 파악한다. 본 강좌는 진실한 디자인에 대한 판단력을 배양하고 진실한 디자인을 추구하는 데 기여한다."
3학년,2학기,1전선,HBIE3282,스페이스디자인전공,실내공간해부학,3,3,"쾌적한 실내 환경을 위한 공기조화설비, 조명, 전기 등 제반 환경설비에 대한 기술적 수단을 이해하고, 실내 환경의 안전을 위해 기본적으로 숙지해야 할 건축 관련 법규를 익혀 실무에 대비한다."
3학년,2학기,1전선,HBIE4377,스페이스디자인전공,MR스페이스디자인,3,3,"4차 산업혁명 시대를 맞이하여 디자인을 체계적이며 효과적으로 표현하는 위한 디지털 프로그램 수업으로 공간 시뮬레이션에 필요한 동영상, VR/AR 등을 학습한다"
3학년,2학기,1전심,HBIE4379,스페이스디자인전공,Play스페이스디자인Ⅱ(캡스톤디자인),2,2,"기존 전시, 공연들의 특수성, 요구사항, 사례분석 등의 현황파악을 통하여 전시, 공연공간에 대한 총체적 개념과 이해도를 높인다. 또한 이를 기초로 하여 대지, 기본건물 선정 후 Concept를 설정하고, 공간 계획하며 Presentation하는 일련의 과정을 통하여, 실제적으로 합리적이며 심미적인 전시, 공연 공간을 계획, 창조, 표현하는 능력을 함양한다."
4학년,1학기,1전심,HBIE4131,스페이스디자인전공,스페이스디자인스튜디오Ⅱ(캡스톤디자인),3,3,"스페이스디자인전공에서 3년 동안 경험해왔던 공간디자인 관련 다양한 교육을 ’스페이스디자인스튜디오I, II, III’를 통하여 최종적으로 체계화한다. 본 교과목의 결과물은 졸업작품을 중심으로 공유되며 1년 동안 진행되는 일련의 과정을 통하여 고도화 되어 공간디자인 교육의 완성을 지향한다.
‘스페이스디자인스튜디오II’ 교과목은 ‘스페이스디자인스튜디오I’의 리서치와 연동되어 다양한 방법을 통하여 새로운 공간을 창출한다. 이는 공간에 대한 도면화 작업, 공간형태에 대한 3차원 투시도 및 모델링, 그리고 구조 및 설비, 조경 등이 포함된다."
4학년,1학기,1전심,HBIE4171,스페이스디자인전공,스페이스디자인스튜디오Ⅰ(캡스톤디자인),3,3,"스페이스디자인전공에서 3년 동안 경험해왔던 공간디자인 관련 다양한 교육을 ’스페이스디자인스튜디오I, II, III’를 통하여 최종적으로 체계화한다. 본 교과목의 결과물은 졸업작품을 중심으로 공유되며 1년 동안 진행되는 일련의 과정을 통하여 고도화 되어 공간디자인 교육의 완성을 지향한다.
‘스페이스디자인스튜디오I’ 은 졸업작품 수행을 위한 주제 및 개념에 대한 다양한 부분에서의 리서치를 중심으로 시작되는데 이는 새로운 공간창출을 위한 지역적 컨텍스트, 사회변화, 환경적 요소, 심리적 요인 등에 대한 포괄적 리서치와 공간계획을 위한 사례조사와 자료의 수집 및 현장조사가 포함된다. 본 교과목은 ‘스페이스디자인스튜디오II’ 와 상시 연동되어 진행되며 ‘스페이스디자인스튜디오II’에서 진행한 공간디자인의 결과물을 이와 같은 리서치를 통하여 상시 조정하며 디자인의 방향을 제시한다."
4학년,1학기,1전심,HBIE4351,스페이스디자인전공,가구와환경디자인(캡스톤디자인),3,3,"실내 공간 내의 의자 및 수납가구를 디자인 하는 것으로, 실내구성요소로서의 가구계획 및 독창적인 제품개발능력을 함양한다."
4학년,2학기,1전선,HBIE4132,스페이스디자인전공,스페이스디자인스튜디오Ⅲ(캡스톤디자인),3,3,"스페이스디자인전공에서 3년 동안 경험해왔던 공간디자인 관련 다양한 교육을 ’스페이스디자인스튜디오I, II, III’를 통하여 최종적으로 체계화한다. 본 교과목의 결과물은 졸업작품을 중심으로 공유되며 1년 동안 진행되는 일련의 과정을 통하여 고도화 되어 공간디자인 교육의 완성을 지향한다.
‘스페이스디자인스튜디오III’는 ‘스페이스디자인스튜디오I, II’ 를 통해 제안된 공간을 다양한 방법으로 표현하는 영역이다. 이 교과목은 입체패널, 동영상 시뮬레이션, AR.VR 그리고 디자인노트가 포함되며 실질적으로 졸업작품을 전시하기 위한 일련의 과정이라고 할 수 있다."
1학년,1학기,1전선,HBIO1112,디자인학부,기초디자인1,3,3,"디자인의 개념 및 원리, 요소를 고찰하고 디자인의 영역과 디자이너의 역할에 대하여 학습한다. 
또한, 디자인의 기본요소와 원리를 활용하여 기초적인 2D 표현능력을 연구한다."
1학년,1학기,1전선,HBIO1116,디자인학부,관찰과표현기법,3,3,"대상의 관찰을 통하여 시각적 표현의 방법을 모색하고, 효과적인 표현을 위해 다양한 매체와 기법을 취급한다. 묘사 · 색채 · 형태 · 소재 · 구성이라고 하는 조형 연습으로부터 표현기법을 실습한다."
1학년,2학기,1전선,HBIO1114,디자인학부,디지털미디어,3,3,컴퓨터 기초프로그램의 활용을 통하여 디지털 기초를 습득한다.
1학년,2학기,1전선,HBIO1117,디자인학부,기초디자인2,3,3,디자인의 기본요소와 원리를 활용하여 기초적인 3D표현능력을 학습한다.
2학년,1학기,1전선,HBIF2151,세라믹디자인전공,테이블웨어디자인,3,3,기능적이고 규격화된 도자공예품의 제작 연구 능력을 갖게 하여 새로운 도자공예디자인 개발에 기초가 되게 한다.
2학년,1학기,1전선,HBIF4356,세라믹디자인전공,디지털디자인1,3,3,도자 디자인에 있어서 제도는 작업을 실체화 시키는 필수 과정이며 수단이다. 특히 양산의 개념이 전제된 디자인이라면 더욱 제도능력이 기본이 된다. 세라믹 디자인 전문 분야의 핵심 디자이너로서의 역할을 위해 우선적으로 습득해야 할 과정이다.
2학년,1학기,1전선,HBIF4370,세라믹디자인전공,공예교육론,2,2,"공예교과의 개념을 정의하고 학문적 특성을 논의하는 가운데 공예교과의 교과론적 가치와 그 의의에 대한 이해를 도모하는데 목적이 있다. 이를 위하여 공예교과교육론의 이론을 바탕으로 공예교육의 의미와 역할, 공예교육과 교육과정, 평가 등에 대해 다양한 탐구를 진행하고 공예교육론의 중요성과 전반적인 문제점을 논의하며 새로운 공예교육 방향을 탐색하여 본다."
2학년,1학기,1전선,HBIF4383,세라믹디자인전공,기초몰드기법,3,3,"석고제형기법을 익히는 기초몰드기법 교과목은 형태가 같은 제품의 효율적인 생산을 위하여 석고 교반하여 원형 및 사용형 Mold를 제작하는 학습내용을 진행함으로써 Mold 제작을 위한 전반적인 기본과정을 습득하는 데에 목적을 둔다. 이렇게 하여 전공 심화교육에 이바지하며, 나아가서 제품도자 디자인개발 능력 함양에 기여하도록 한다."
2학년,1학기,1전선,HBIF4386,세라믹디자인전공,세라믹데코레이션,3,3,"다양한 형태를 표현하는 방법과 원리를 이해하고 습득하여 디자인의 발상과 표현의 능력을 함양 한다.
세라믹의 기본적인 장식기법의 이론을 이해하고 다양한 실습을 통해 습득하여 전공의 이해를 돕는다. 다양한 주제들을 작품에 적용하는 디자인 실습을 통해 효과적인 데코레이션 능력을 함양 한다."
2학년,2학기,1전선,HBIF1121,세라믹디자인전공,조형도자디자인,3,3,"입체의 형태와 구조에 대한 기초적인 관계성과 조형성등을 이해하고 3하원 입체의 기초조형 능력을 기르며, 다양한 재료의 특성을 연구하여 세라믹 제품의 개념이나 메시지가 담긴 입체물을 구성하거나 제작하여 현대적 의미의 구조미와 기능서 표현능력을 습득하도록 한다."
2학년,2학기,1전선,HBIF2152,세라믹디자인전공,테이블웨어디자인2,3,3,기능적이고 규격화된 도자공예품의 다양한 제작 방법 및 물레 성형을 이용한 도자공예품 개발의 기초를 마련한다.
2학년,2학기,1전선,HBIF3221,세라믹디자인전공,디지털디자인2,3,3,"컴퓨터를 이용한 드로잉 및 랜더링 능력을 습득케 하는 과정으로 실습을 통해 도자제품의 문양 및 형태를 디자인하고, 미리 예상된 완성품을 시각적으로 가늠해 봄으로서 효율적인 디자인 능력을 키워준다."
2학년,2학기,1전선,HBIF4381,세라믹디자인전공,공예교육프로그램개발,2,2,"본 교과목은 다양한 공예 교수학습모형에 대한 이해를 기반으로 공예교육에 효과적인 교수학습 전략을 활용하면서 문화예술교육 패러다임에 적합한 공예 교육프로그램을 개발할 수 있는 기본 역량을 기르기 위한 과목이다. 이를 위해 교육프로그램 개발의 원리와 방법을 살펴보고 공예 지도영역별 특징과 교육대상별 차이를 이해하면서 교재교구 사용의 중요성 등을 파악할 수 있도록 한다. 또한 우수한 공예분야 문화예술교육 프로그램 개발 사례를 검토하여 창의적이고 효과적인 프로그램 개발의 아이디어를 탐색한 후, 수업지도안을 작성하고 시연 발표, 수정, 보완의 과정을 거쳐 실제 공예교육프로그램을 실시해 볼 수 있도록 한다. 이를 통해 문화예술교육의 시행 목적에 맞는 공예교육프로그램 특성을 이해하고, 지속적으로 다양한 형태의 공예교육프로그램을 개발할 수 있는 기초 역량을 기를 수 있게 한다. 따라서 본 교과목은 교육프로그램 개발을 위한 이론적 기초를 토대로 공예분야 문화예술교육사로서 전문적이며 교육적 효과를 높일 수 있는 공예교육프로그램을 개발하는 데 중점을 둔다."
2학년,2학기,1전선,HBIF4389,세라믹디자인전공,세라믹몰드기법,3,3,"석고제형기법을 익히는 세라믹몰드기법 교과목은 형태가 같은 제품의 효율적인 생산을 위하여 석고 교반하여 원형 및 사용형 Mold를 제작하는 학습내용을 진행함으로써 Mold 제작을 위한 전반적인 과정을 습득하는 데에 목적을 둔다. 이렇게 하여 전공 심화교육에 이바지하며, 나아가서 제품도자 디자인개발 능력 함양에 기여하도록 한다."
2학년,2학기,1전선,HBIF4392,세라믹디자인전공,세라믹쥬얼리디자인(PBL),3,3,"본 교과목은 세라믹디자인의 전공기초 능력 함양을 위한 과정으로 디자인 트렌드를 반영한 창의적인 세라믹쥬얼리 디자인 제품을 기획, 제작, 제안하는 교과목이다. 시장(market)이 요구 하는 제품을 기획하고 제작하는 과정을 통하여 문제 이해, 분석 및 합리적 해결 능력을 함양한다. 또한 디자인 컨셉에 따른 제작기법과 형태, 색채, 표현질감, 재료 등의 다양한 표현 기법을 종합적으로 구상하고 창의력과 조형성을 연구 개발하여 논리적인 쥬얼리 디자인 능력을 함양한다."
3학년,1학기,1전심,HBIF3151,세라믹디자인전공,리빙제품디자인1,3,3,다양한 형태의 도자공예품의 디자인과 제작방법의 연구 및 개발 방법을 습득케 한다.
3학년,1학기,1전선,HBIF4382,세라믹디자인전공,세라믹원료연구,3,3,"세라믹원료연구 교과목은 세라믹 원료 점토, 유약, 제품등 시험분석 및 소성 특성을 관찰하여  제품 개발의 기초자료를 확보함으로써 학습자로 하여금 세라믹 원료를  쉽게 이해하고  용도에 맞게 효과적으로 사용 하는데 의의가 있다."
3학년,1학기,1전선,HBIF4384,세라믹디자인전공,환경도자디자인1(PBL),3,3,"공간·환경과의 유기적 관계를 이루는 형태 및 재료에 대한 이해를 통해 환경도자에 대한 창의력과 성형능력을 배양한다. 
이를 실현하기 위해 조형의 요소인 통일, 변화, 운동, 리듬, 균제, 점이 등의 요소를 활용, 실용적 기능적 및 심미적 안목에 대한 이해의 폭을 넓힌다."
3학년,1학기,1전선,HBIF4391,세라믹디자인전공,프로덕트디자인1(캡스톤디자인),3,3,"본 교과목은 전공심화 역량의 지식을 바탕으로 디자인 트랜드를 반영한 창의적인 디자인 제품을 기획, 제작, 제안하는 교과목이다. 시장(market)이 요구 하는 제품을 기획하고 제작하는 과정을 통하여 문제 이해, 분석 및 합리적 해결 능력을 함양한다. 이 교과목의 진행은 기업체 멘토와 유기적으로 협력하여 프로젝트를 지속적으로 수행하며 팀 구성원 간의 구체적인 업무할당을 통해 상호간의 신뢰와 결속력을 중요시 한다."
3학년,1학기,1전선,HBOA1023,세라믹디자인전공,스포츠융합디자인의이해(PBL),3,3,"스포츠현장의 이해를 통해 3차원의 디지털 도구를 체험하여 4차 산업시대의 스포츠디자인 전문 인력의 소양을 갖추며, 3D프로그램 및 3D 프린터 등을 활용 스포츠 디자인 아이디어를 직접제작 및 개발하는 체험하는데 그 목적이 있음"
3학년,2학기,1전심,HBIF3152,세라믹디자인전공,리빙제품디자인2,3,3,다양한 형태의 도자공예품의 디자인과 제작방법의 연구 및 개발 방법을 습득하는 심화과정이다.
3학년,2학기,1전선,HBIF4372,세라믹디자인전공,공예교수학습방법,2,2,"공예교육 이론을 기반으로 하여 다양한 공예 분야를 학습현장에서 실제 학습 대상에 알맞게 효과적으로 지도할 수 있는 문화예술교육사의 공예교육 지도 역량 강화를 목적으로 한다. 이를 위하여 동기 유발 방법, 사고 기법 적용 방법, 교재·교구 활용방법 등의 효과적인 교수 학습 전략을 학습하고 창의적 교수학습 과정안을 작성하여 학습 현장에 적용할 수 있는 실제적인 능력을 갖추도록 한다."
3학년,2학기,1전선,HBIF4379,세라믹디자인전공,프로덕트디자인2(캡스톤디자인),3,3,"본 교과목은 전공심화 역량의 지식을 바탕으로 디자인 트랜드를 반영한 창의적인 디자인 제품을 기획, 제작, 제안하는 교과목이다. 시장(market)이 요구 하는 제품을 기획하고 제작하는 과정을 통하여 문제 이해, 분석 및 합리적 해결 능력을 함양한다. 이 교과목의 진행은 기업체 멘토와 유기적으로 협력하여 프로젝트를 지속적으로 수행하며 팀 구성원 간의 구체적인 업무할당을 통해 상호간의 신뢰와 결속력을 중요시 한다."
3학년,2학기,1전심,HBIF4387,세라믹디자인전공,환경도자디자인2(PBL),3,3,"공간·환경과의 유기적 관계를 이루는 형태 및 재료에 대한 이해를 통해 환경도자에 대한 창의력과 성형능력을 배양한다. 
이를 실현하기 위해 조형의 요소인 통일, 변화, 운동, 리듬, 균제, 점이 등의 요소를 활용, 실용적 기능적 및 심미적 안목에 대한 이해의 폭을 넓힌다."
3학년,2학기,1전선,HBIF4393,세라믹디자인전공,세라믹디자인세미나(PBL),2,2,"본 교과목은 현 사회의 주요 이슈 및 환경 변화 경향에 대한 조사, 분석을 통해 트렌드를 수집한다. 이를 통해 라이프 스타일과 관련된 세라믹디자인계의 방향을 예측하고 대비 할 수 있는 지식과 기획을 학습하기 위한 교과목이다."
4학년,1학기,1전심,HBIF4161,세라믹디자인전공,리빙제품스튜디오1,3,3,실습을 통해 익힌 디자인방법과 제작방법을 이용하여 졸업작품에 직접 적용할 수 있다.
4학년,1학기,1전선,HBIF4231,세라믹디자인전공,제품도자스튜디오1(캡스톤디자인),3,3,실습을 통한 다양한 제작방법 및 디자인 방법을 통하여 졸업작품에 직접 적용할 수 있다.
4학년,1학기,1전심,HBIF4361,세라믹디자인전공,환경도자스튜디오1,3,3,쾌적한 환경을 추구하는 환경도자의 중요성을 이해하고 창의적인 표현 능력과 기법을 습득케 하고 실습을 통해 환경 및 조형 도자의 개발능력을 습득케 한다.
4학년,2학기,1전심,HBIF4162,세라믹디자인전공,리빙제품스튜디오2,3,3,실습을 통해 익힌 디자인방법과 제작방법을 이용하여 졸업작품에 직접 적용할 수 있다.
4학년,2학기,1전선,HBIF4232,세라믹디자인전공,제품도자스튜디오2(캡스톤디자인),3,3,실습을 통한 다양한 제작방법 및 디자인 방법을 통하여 졸업작품에 직접 적용할 수 있다.
4학년,2학기,1전심,HBIF4363,세라믹디자인전공,환경도자스튜디오2,3,3,쾌적한 환경을 추구하는 환경도자의 중요성을 이해하고 창의적인 표현 능력과 기법을 습득케 하고 실습을 통해 환경 및 조형 도자의 개발능력을 습득케 한다.
4학년,2학기,1전선,HBIF4366,세라믹디자인전공,포트폴리오,3,3,"현장실습을 통한 자료수집 및 이론에 대한 체계를 정리하여 주제별 발표 및 토론을 하여 실기에 대한 이론적 뒷 받침과 개개인의 예술적 사고 및 판단, 분석능력을 함양함과 동시에 취업에 필요한 포트폴리오제작의 이론과 실제를 연구한다."
1학년,1학기,1전선,HBIO1112,디자인학부,기초디자인1,3,3,"디자인의 개념 및 원리, 요소를 고찰하고 디자인의 영역과 디자이너의 역할에 대하여 학습한다. 
또한, 디자인의 기본요소와 원리를 활용하여 기초적인 2D 표현능력을 연구한다."
1학년,1학기,1전선,HBIO1116,디자인학부,관찰과표현기법,3,3,"대상의 관찰을 통하여 시각적 표현의 방법을 모색하고, 효과적인 표현을 위해 다양한 매체와 기법을 취급한다. 묘사 · 색채 · 형태 · 소재 · 구성이라고 하는 조형 연습으로부터 표현기법을 실습한다."
1학년,2학기,1전선,HBIO1114,디자인학부,디지털미디어,3,3,컴퓨터 기초프로그램의 활용을 통하여 디지털 기초를 습득한다.
1학년,2학기,1전선,HBIO1117,디자인학부,기초디자인2,3,3,디자인의 기본요소와 원리를 활용하여 기초적인 3D표현능력을 학습한다.
2학년,1학기,1전선,HBBG2011,인더스트리얼디자인전공,리빙프로덕트디자인 I,3,3,"제품디자인에 대한 입문 과목으로서 생활제품과 관련된 단순한 제품을 디자인한다. 제품의 사용형태에 따른 사용자의 유형구분과 특성을 파악하여 새로운 제품 디자인 아이디어를 창출하고 발전시켜 나가는 과정에서 스스로 문제 해결 방법을 찾도록 지도하며, 기존의 고정관념에서 벗어나 더욱 진보된 디자인 개념을 중심으로 전개하도록 한다."
2학년,1학기,1전선,HBBG2021,인더스트리얼디자인전공,제품디자인프로세스,3,3,"산업디자인의 총체적인 디자인 프로세스를 이론적인 학습과 기업의 사례연구를 통하여 이해하며, 상품의 기획, 설계, 생산, 조립, 포장, 유통, 폐기에 이르는 전 과정을 실무적인 프로세스에 맞추어 학습한다. 양산 체제에 적합한 제품을 디자인하는데 관련된 제반 요소들을 분석하고, 산업디자인 분야의 대량생산 공정을 총괄적으로 파악한다."
2학년,1학기,1전선,HBBG3043,인더스트리얼디자인전공,디지털디자인프로젝트(SW),3,3,본 교과는 제품디자인 과정에서　요구되는　디자인물에　대한　３차원적　표현능력을　기르는　역할을　담당하며　　디자인 결과물에　대한　올바른　시각적 소통능력을　표현할 수 있는　이론　및　기술적　능력을　담당한다．
2학년,1학기,1전선,HBBG4053,인더스트리얼디자인전공,디자인 스케치,3,3,"디자인 대상에 대한 정확한 표현능력을 기르기 위해 제품의 형태 및 구조, 색채, 재질, 기능 등에 의한 묘사를 다양한 기법으로 습득시킨다. 구체적이며 심도 있는 실용적 교육방법으로 디자인 단계별 요구에 적합한 내용을 교육함으로써 디자인 스케치를 통하여 자신의 디자인을 효율적으로 표현하는 능력을 배양한다."
2학년,1학기,1전선,HBBG4072,인더스트리얼디자인전공,디자인 트렌드 & 이슈,3,3,"디자인 트렌드 & 이슈 조사 분석을 통해 최신의 디자인 경향을 이해하고 이를 데이터화, 시각화 하는 방법론을 연구하여 디자인을 위한 기초자료로 이용하는 방법을 모색한다. 이를 통해 사회적 트랜드 및 현상 등을 기반으로 디자인적 접근을 모색함으로써 보다 다양한 논리적 사고와 방법론을 습득할 수 있다."
2학년,2학기,1전선,HBBG2012,인더스트리얼디자인전공,리빙프로덕트디자인 II,3,3,"본 교과목은 생활제품디자인I 수업의 심화과정으로서 생활제품디자인의 트랜드를 분석하고 마켓과 관련된 소비자의 형태를 분석한다. 제품을 구매할 예비사용자의 유형구분과 특성을 파악하고, 관련된 새로운 제품 디자인 아이디어를 창출시킨다. 문제 해결 방법을 찾도록 지도하며,디자인역사와 결부된 스토리를 찾도록한다."
2학년,2학기,1전선,HBBG2052,인더스트리얼디자인전공,컴퓨터모델링(SW),3,3,본 강좌는 컴퓨터모델링을 익히는 과정으로 3D의 기본적인 개념을 이해하고 모델링 방법을 발전시켜나가도록 한다. 산업디자인 과정에서 요구되는 3차원적 표현 능력을 기르는 역할을 담당하며 자신의 디자인 결과물에 대한 올바른 시각적 소통능력을 학습할 수 있도록 한다. 산업현장에서 많이 사용되고 있는 소프트웨어와의 호환성을 고려한 3D 프로그램의 활용법을 위주로 학습한다.
2학년,2학기,1전선,HBBG4059,인더스트리얼디자인전공,디자인워크샵,3,3,"산업사회에서 활용되고 있는 전반적인 디자인 문제와 기술적 문제를 조사, 분석하여 합리적인 해결방안을 연구하도록 한다. 조사 및 분석한 내용을 함께 토론하여 문제를 해결해 나가는 수업방식으로, 학생들의 디자인 기획과정을 중시하며 수업 참여도를 높이고 실험적인 디자인을 전개하도록 한다."
2학년,2학기,1전선,HBBG4063,인더스트리얼디자인전공,디지털 공간디자인,3,3,"테크놀러지디자인과 연계된 교과목으로, 디자인과 브랜드 그리고 소비자 라이프스타일, 글로벌 마켓을 연구한다. 테크놀러지디자인에 관련된 세계 우수 디자이너에 대해 비교 연구하고,  현대디자인 사조를 비교 분석한다."
3학년,1학기,1전선,HBBG3011,인더스트리얼디자인전공,어드밴스드프로덕트디자인 I,3,3,"산업제품에 대한 폭넓은 이해를 위하여 실무적인 프로세스에 맞춘 프로젝트를 진행한다. 새로운 생활의 패러다임을 여는 산업디자인의 미래 지향적인 개념을 발전시키고 전개해 나가는 과정으로 차별화된 궁극적인 생활의 가치를 창출하고 학습하는 데 목적을 두며, 제품의 사용자와 사용 환경 및 동시대의 트렌드를 포함한 제반 연구와 기술 및 산업 환경에 대한 이해를 바탕으로 혁신적인 산업제품디자인을 진행한다."
3학년,1학기,1전선,HBBG3061,인더스트리얼디자인전공,제품인터페이스디자인,3,3,"산업디자인에 영역에서 중요하게 인식되고 있는 사용자 인터페이스에 대한 이해와 분석을 위한 수업이다. 사용자의 지각과 인지, 행동의 키워드를 통해 이론적 접근을 모색하고 이를 통해 성공적인 디자인 프로세스를 수립한다. 인터페이스디자인의 구성요소를 총체적으로 이해하며, 인지공학과 인간공학, 시지각 이론 등 이론수업과 이를 토대로 제품디자인의 사용성을 개선하는 디자인제안의 실기과제를 진행한다."
3학년,1학기,1전선,HBBG4051,인더스트리얼디자인전공,디자인과 재료,3,3,졸업 작품을 위한 교과목으로 소비자 감성에 조화된 디자인의 디지털과 아날로그적인 장점을 수용한다. High tech.와 Low tech.의 감성적인 접목을 통해 새로운 테크놀러지를 포함하는 high 터치 디자인을 완성한다. 제품의 사용형태에 따른 사용자의 유형구분과 특성을 파악하여 그룹별 제품의 사용행태를 분석하고 디자인에 적용한다.
3학년,1학기,1전선,HBBG4056,인더스트리얼디자인전공,생활환경디자인,3,3,"환경디자인을 이해하기 위한 개념학습을 목적으로 기초적인 이론과 환경디자인의 기본적인 기술을 익히며, 디자인 대상의 설정에서부터 구체적 디자인전개 등에 이르는 디자인 프로세스를 경험한다. 소규모, 중규모의 환경디자인을 팀 작업으로 수행함으로써 환경디자인에 대한 프로젝트를 이해하도록 실습한다. 실제 site on project를 수행하여 big project의 수행능력을 증진한다."
3학년,2학기,1전선,HBBG2032,인더스트리얼디자인전공,디자인과 가구,3,3,"가구는 우리 실생활에 널리 사용되고 있는 제품의 일종으로 독자적인 영역을 구축하고 있다. 본 강좌는 실습으로 가구제작에 관한 재료 및 중요과정을 이해하도록 하며, 자기 생각을 효과적으로 디자인할 수 있는 창의적인 조형교육을 시도하는 것을 그 목표로 한다. 가구디자인의 범위로는 최근 중요성이 커지고 있는 공공디자인의 영역의 urban furniture를 포함한다."
3학년,2학기,1전선,HBBG3012,인더스트리얼디자인전공,어드밴스드프로덕트디자인 II (캡스톤 디자인),3,3,"본 교과목은 산업제품디자인I의 심화과정으로서 산업제품에 대한 폭넓은 이해를 위하여 실무적인 프로세스에 맞춘 프로젝트를 진행한다. 새로운 생활의 패러다임을 여는 산업디자인의 미래 지향적인 개념을 발전시키고 전개해 나가는 과정으로 차별화된 궁극적인 생활의 가치를 창출하고 학습하는 데 목적을 두며, 제품의 사용자와 사용 환경 및 동시대의 트렌드를 포함한 제반 연구와 기술 및 산업 환경에 대한 이해를 바탕으로 혁신적인 산업제품디자인을 진행한다."
3학년,2학기,1전심,HBBG3062,인더스트리얼디자인전공,사용자경험디자인(PBL),3,3,"이 과목은 인터페이스 I와 관련된 내용으로, 산업 디자인 분야에서 더욱 중요 해지고 있는 사용자 인터페이스 디자인의 이해를 향상시키도록 한다. 산업 분야의 디자인 개발 과정에 필요한 실천적인 연구를 제공한다. 나아가 미래에 예상되는 사용자 인터페이스 디자인의 개발 방향을 연구한다."
3학년,2학기,1전선,HBBG4012,인더스트리얼디자인전공,포트폴리오 & 디자인 기획,3,3,"디자인 프로젝트 연구 결과의 내용과 연구 역량이 충분히 전달될 수 있도록 시각화하는 기법을 수업하며, 포트폴리오 제작 과정을 연구하고, 효과적인 포트폴리오 결과물 도출을 통하여 학생 각자의 독창적인 디자인능력을 최대한 표현할 수 있도록 지도하며, 개인포트폴리오의 작성에 필요한 제반 방법론과 프레젠테이션 기법을 익힌다."
3학년,2학기,1전선,HBBG4061,인더스트리얼디자인전공,문화환경디자인(캡스톤디자인),3,3,"환경디자인의 응용과정으로, 환경디자이너에게 필수적인 전시환경디자인에 대하여 학습하며, 이론과 실습을 병행함으로써 전시환경디자인에 대한 이해를 높인다. 중규모의 전시환경디자인을 팀 작업으로 수행하며, 매 학기 이슈화되는 사이트를 중심으로 프로젝트를 수행한다."
4학년,1학기,1전심,HBBG4011,인더스트리얼디자인전공,Living & Life Design Ⅰ,3,3,"보편적으로 풀어나가는 산업디자인의 일목적인 제품형성과정을 탈피하고 나날이 변모되어가는 사회적, 시대적 조류에 편승해서 현 상황에 부합하며 고유의 아이덴티티를 표현할 수 있는 새로운 접근방법의 필요성을 요구한다. 이에 발맞춰 나가기 위해 여러 종류의 방법론, 접근법적 이론 즉 vision을 제시하여 새로운 차원의 기획방법론을 연구 발전시킨다."
4학년,1학기,1전심,HBBG4041,인더스트리얼디자인전공,메타 공간 환경디자인 I,3,3,"본 강좌는 기초, 전시환경디자인의 연계과목으로, 환경디자인의 대형 프로젝트의 이론과 실습을 병행함으로써 환경디자인 플래닝에 대한 이해를 높인다. 대규모의 환경디자인 프로젝트를 팀 작업으로 수행함으로써 완성도 높은 프로젝트의 결과물을 목표로 한다."
4학년,1학기,1전심,HBBG4058,인더스트리얼디자인전공,네트워크디자인,3,3,"졸업 작품을 위한 교과목으로, 새로운 문화를 선도할 수 있는 독창적인 미래지향적 제품디자인을 전개한다. 삶의 질을 향상하기 위한 기술적 발전을 포함하며 사용자에게 감성적으로 공감하는 디자인을 표현하도록 한다. 합리적인 디자인 프로세스를 통하여 디자인을 구체화하며 첨단문화를 주도하는 창의적인 실무형 산업디자이너를 양성하는 데 필요한 제반 지식을 습득할 수 있도록 지도한다."
4학년,1학기,1전선,HBBG4073,인더스트리얼디자인전공,디자인비즈니스연구,3,3,"디자인·기술·비즈니스의 융합 기반교육 및 연구과정으로, 현장 맞춤형 비즈니스 연구를 통해 졸업예정 학생들의 실무 역량을 배양할수 있도록 함"
4학년,2학기,1전심,HBBG4022,인더스트리얼디자인전공,Living&Life DesignⅡ(캡스톤디자인),3,3,"본 교과목은 Living & Life I 수업의 심화과정으로서 보편적으로 풀어나가는 산업디자인의 일목적인 제품형성과정을 탈피하고 나날이 변모되어가는 사회적, 시대적 조류에 편승해서 현 상황에 부합하며 고유의 아이덴티티를 표현할 수 있는 새로운 접근방법의 필요성을 요구한다. 이에 발맞춰 나가기 위해 여러 종류의 방법론, 접근법적 이론 즉 vision을 제시하여 새로운 차원의 기획방법론을 연구 발전시킨다."
4학년,2학기,1전심,HBBG4062,인더스트리얼디자인전공,네트워크디자인세미나(캡스톤디자인),3,3,"As an application process of environmental design, exhibition environment design essential to environmental designers is studied, and by including theory and practice, the understanding of exhibition environment design is heightened. Medium-scale exhibition environment design is executed in teams, and projects are executed with focus on Websites that become issues each semester."
4학년,2학기,1전심,HBBG4064,인더스트리얼디자인전공,메타 공간 환경디자인 II,3,3,"본 강좌는 환경디자인 플래닝의 4학년 후속 과목이다. 환경디자인 아이템들을 응용함으로써 환경디자인 교육을 완성하며, 지역사회의 여건을 이해하고 요구를 반영함으로써 지역사회에 이바지할 수 있는 방안을 연구하며 올바른 사회 환경을 발전시켜 나가도록 지도한다. 프로젝트를 체계적으로 매니지먼트(Management)하는 방법을 습득함으로써 환경디자인의 교육에 완성도를 높인다."
전체학년,하계 특별학기(A),일선,HBTB0011,인더스트리얼디자인전공,AI디자인프로젝트,3,3,
1학년,1학기,1전선,HBIO1112,디자인학부,기초디자인1,3,3,"디자인의 개념 및 원리, 요소를 고찰하고 디자인의 영역과 디자이너의 역할에 대하여 학습한다. 
또한, 디자인의 기본요소와 원리를 활용하여 기초적인 2D 표현능력을 연구한다."
1학년,1학기,1전선,HBIO1116,디자인학부,관찰과표현기법,3,3,"대상의 관찰을 통하여 시각적 표현의 방법을 모색하고, 효과적인 표현을 위해 다양한 매체와 기법을 취급한다. 묘사 · 색채 · 형태 · 소재 · 구성이라고 하는 조형 연습으로부터 표현기법을 실습한다."
1학년,2학기,1전선,HBIO1114,디자인학부,디지털미디어,3,3,컴퓨터 기초프로그램의 활용을 통하여 디지털 기초를 습득한다.
1학년,2학기,1전선,HBIO1117,디자인학부,기초디자인2,3,3,디자인의 기본요소와 원리를 활용하여 기초적인 3D표현능력을 학습한다.
1학년,1학기,1전선,HBIT0001,AR·VR미디어디자인전공,2D그래픽기초,3,3,"AR?VR기초디자인의 개념 및 원리를 이해하고 다양한 미디어에 활용할 수 있는 디자인 능력을 함양한다. 또한, AR?VR미디어를 기반으로 한 디자인 기본 요소와 원리를 활용한 기초 미디어디자인 표현 능력을 배양한다."
1학년,1학기,1전선,HBIT0002,AR·VR미디어디자인전공,3D모델링Ⅰ,3,3,AR?VR모션디자인의 이해와 제작 능력기술을 습득한다. 이로써 시?공간의 개념과 효과적인 그래픽 표현력을 기반한 모션디자인 기초 응용 능력을 배양한다.
1학년,1학기,1전선,HBIT0003,AR·VR미디어디자인전공,AR?VR스토리텔링,2,2,"AR?VR에서의 콘텐츠 개발의 중요성을 이해하고, 스토리텔링 기본 프로세스를 학습한다. 기존사례의 분석, 통찰, 발상, 개발 과정을 통하여 다양한 미디어에서의 콘텐츠 기획 및 창의적인 아이디어를 구체화하는 과정을 익히며, 이를 통해 AR?VR을 활용한 콘텐츠 개발 전반의 과정을 이해하고 기획 기초능력을 기른다."
1학년,2학기,1전선,HBIT0004,AR·VR미디어디자인전공,AR?VR프레이밍디자인,3,3,"AR?VR를 적용한 다양한 미디어에 따른 활용 구조 및 이해를 바탕으로 전략적 디자인 방법에 대하여 고찰한다. 특히, 다양한 미디어의 GUI(Graphical User Interface) 특성을 이해하고 프로젝트에 기반하여 디자인 전 과정을 경험함으로써 논리적 디자인 방법론을 익히고 AR·VR미디어디자인 기초 능력을 함양한다."
1학년,2학기,1전선,HBIT0005,AR·VR미디어디자인전공,3D모델링Ⅱ,3,3,"AR?VR모션디자인Ⅰ의 연장된 수업으로 AR?VR모션디자인의 이해와 제작 능력 향상 및 기술 습득에 대하여 학습한다. 재질, 빛, 카메라를 활용한 가상공간에서 캐릭터 혹은 오브젝트의 모션디자인 표현력과 이를 보정, 편집, 합성할 수 있는 테크닉 능력 함양에 중점을 둔다."
1학년,2학기,1전선,HBIT0008,AR·VR미디어디자인전공,AR?VR서비스기획론,3,3,"사용자의 서비스 경험의 창출을 위해 다양한 미디어 활용에 따른 복합적인 지식과 기술에 대하여 이해하고 이에 대한 기획 방법론에 대하여 학습한다. 사용자와 기술, 사회, 문화 전반에 대한 본질적 문제를 탐색하고 연구하며 혁신적인 해결안을 창출할 수 있는 역량을 기른다."
2학년,1학기,1전선,HBIT0006,AR·VR미디어디자인전공,가상현실기초프로그래밍,2,2,"미디어디자인의 이해를 기반으로 콘텐츠 제작을 위한 개념과 개발 환경을 이해함으로써 기초 소프트웨어 개발 능력 함양을 목표로 한다. 간단한 논리구조를 가지는 예제 실습을 통하여 프로그래밍 언어 구문구조, 데이터구조, 언어적 의미를 이해하며 기초 프로그래밍 능력을 함양한다."
2학년,1학기,1전선,HBIT0007,AR·VR미디어디자인전공,모션그래픽,3,3,AR?VR 기반의 다양한 환경 구현 테크닉 및 컴퓨팅 사고 향상을 위한 코딩 능력을 위한 학습으로 문제해결을 위한 논리적 사고 중심의 접근방법으로 코드를 사용하여 다양한 실험을 통해 디자인 표현 및 구현 능력을 함양하기 위한 AR?VR디자인의 심화과정이다
2학년,1학기,1전선,HBIT0010,AR·VR미디어디자인전공,3D모델링Ⅲ,3,3,"사회의 주요 이슈 및 환경 변화 경향에 대한 AR?VR미디어디자인 프로젝트를 기획하고 3D 모델링의 기능적 형태와 표현의 다양성을 종합적으로 학습한다. 즉, 3D 모델링에 수반되는 360VR 촬영, 텍스쳐 맵핑, 조명 그리고 랜더링 전 과정을 포함하며, 이를 AR?VR기술로 결합하여 통합적 3D 구현 능력을 함양한다."
2학년,1학기,1전선,HBIT0012,AR·VR미디어디자인전공,AR콘텐츠디자인I,3,3,"전공기초 디자인 능력을 키우기 위한 과정으로 AR?VR 기술이 활용된 디자인 트랜드를 반영한 프로젝트의 리서치, 기획, 제작, 제안에 대하여 학습한다. 시장(market)이 요구하는 프로젝트를 기획하고 제작하는 과정을 통하여 문제 이해, 분석 및 합리적 해결 능력을 함양한다."
2학년,2학기,1전선,HBIT0009,AR·VR미디어디자인전공,AR?VR디자인프로그래밍Ⅰ,3,3,"전공기초 능력의 함양을 위한 과정으로 미디어디자인 기반 소프트웨어 및 미디어 프로그래밍 언어의 구조를 이해하고 이를 응용하여 관련 이미지 등을 구현하는 능력을 함양한다. 또한, 디지털 언어와 디자인 표현과의 상관관계 이해 및 다양한 활용방법에 관하여 연구한다."
2학년,2학기,1전선,HBIT0014,AR·VR미디어디자인전공,3D 환경 디자인,3,3,"3D캐릭터모델링Ⅰ의 연장된 수업으로 사회의 주요 이슈 및 환경 변화 경향에 대한 AR?VR미디어디자인 프로젝트를 기획하고 3D 모델링의 기능적 형태와 표현의 다양성을 종합적으로 학습한다. 3D관련한 다양한 프로그램의 경험과 촬영, 편집, 제작의 통합적 과정으로 3D 기반의 미디어 융합능력을 함양한다."
2학년,2학기,1전선,HBIT0015,AR·VR미디어디자인전공,VR영상미디어디자인,3,3,VR영상의 기본적인 이해와 시각요소에 대한 지식을 바탕으로 사용자 니즈를 고려한 창의적인 VR영상 기획 및 제작 과정을 학습한다. 또한 스토리보드의 제작부터 동영상의 촬영과 편집 등의 VR영상 프로덕션 전 과정을 경험함으로써 VR영상미디어 활용 능력을 기른다.
2학년,2학기,1전선,HBIT0017,AR·VR미디어디자인전공,AR콘텐츠디자인Ⅱ,3,3,"AR?VR디자인스튜디오Ⅰ의 연장된 전공 능력을 키우기 위한 과정으로 AR?VR 기술이 활용된 디자인 트랜드를 반영한 프로젝트의 리서치, 기획, 제작, 제안에 대하여 학습한다. 시장(market)이 요구하는 프로젝트를 기획하고 제작하는 과정을 통하여 문제 이해, 분석 및 합리적 해결 능력을 함양한다."
3학년,1학기,1전선,HBIT0013,AR·VR미디어디자인전공,AR?VR디자인프로그래밍Ⅱ,3,3,"AR?VR디자인프로그래밍Ⅰ의 연장된 전공기초 능력의 함양을 위한 과정으로 미디어디자인 기반 소프트웨어 및 미디어 프로그래밍 언어의 구조를 이해하고 이를 응용하여 관련 이미지 등을 구현하는 능력을 함양한다. 또한, 디지털 언어와 디자인 표현과의 상관관계 이해 및 다양한 활용방법에 관하여 연구한다."
3학년,1학기,1전심,HBIT0016,AR·VR미디어디자인전공,AR디자인스튜디오(PBL),3,3,"AR?VR디자인스튜디오Ⅱ의 연장된 전공핵심 능력 함양을 위한 과정으로 디자인 트랜드를 반영한 창의적인 AR?VR미디어디자인 프로젝트를 기획, 제작, 제안에 대하여 학습한다. 시장(market)이 요구하는 프로젝트를 기획하고 제작하는 과정을 통하여 문제 이해, 분석 및 합리적 해결 능력을 함양한다. 이 과목은 ‘실제 현장문제’해결 중심의 학습으로 관련 현 산업 현장의 문제를 도출하여 해결안을 제안한다."
3학년,1학기,1전선,HBIT0022,AR·VR미디어디자인전공,3D 시뮬레이션,3,3,"창의적인 AR콘텐츠 개발을 위하여 사용자의 환경과 하드웨어 및 소프트웨어를 이해하고 사용자 중심의 유용하고 창의적인 AR 콘텐츠 기획 및 제작에 대하여 학습한다. 콘텐츠 기획 과정에서 수반되는 디자인 씽킹을 통한 기획, 설계, 시각화, 피드백의 개발 프로세스를 이해하고 효과적인 AR 콘텐츠디자인 전반전인 과정에 대한 능력을 함양한다."
3학년,1학기,1전선,HBIT0028,AR·VR미디어디자인전공,3D영상제작Ⅰ,3,3,"AR콘텐츠디자인Ⅰ의 연장된 수업으로 창의적인 AR콘텐츠 개발을 위하여 사용자의 환경과 하드웨어 및 소프트웨어를 이해하고 사용자 중심의 유용하고 창의적인 AR 콘텐츠 기획 및 제작에 대하여 학습한다. 콘텐츠 기획 과정에서 수반되는 디자인 씽킹을 통한 기획, 설계, 시각화, 피드백의 개발 프로세스를 이해하고 효과적인 AR 콘텐츠디자인 전반전인 과정에 대한 능력을 함양한다."
3학년,2학기,1전심,HBIT0018,AR·VR미디어디자인전공,AR?VR디자인프로그래밍응용,3,3,전공핵심 능력의 함양을 위한 과정으로 인터랙티브 영상 및 서비스에 사용되는 AR?VR 디자인을 심화하기 위한 프로그래밍 실습을 중심으로 학습한다. AR?VR 디자인 기반의 프로그래밍 코드 언어를 응용하는 능력을 습득하여 프로그래밍의 다양한 활용법을 연구한다.
3학년,2학기,1전심,HBIT0019,AR·VR미디어디자인전공,인터랙티브미디어디자인스튜디오,3,3,"사용자와 시스템과의 인터랙션에 대한 기본적인 개념 이해와 상호작용 구현을 학습한다. 다학제적인 환경에서 적용이 가능하도록 아이디어 발상, 기술 습득 및 구현 등의 미래의 인터랙티브한 VR 콘텐츠 프로토타입을 제작한다."
3학년,2학기,1전심,HBIT0020,AR·VR미디어디자인전공,VR디자인스튜디오(PBL),3,3,"AR?VR디자인스튜디오Ⅲ의 연장된 전공핵심 능력 함양을 위한 과정으로 디자인 트랜드를 반영한 창의적인 AR?VR미디어디자인 프로젝트의 기획, 제작, 제안에 대하여 학습한다. 시장(market)이 요구하는 프로젝트를 기획하고 제작하는 과정을 통하여 문제 이해, 분석 및 합리적 해결 능력을 함양한다. 이 과목은 ‘실제 현장문제’해결 중심의 학습으로 관련 현 산업 현장의 문제를 도출하여 해결안을 제안한다."
3학년,2학기,1전선,HBIT0021,AR·VR미디어디자인전공,3D영상제작Ⅱ,3,3,"AR미디어디자인 분야의 복합적인 지식과 기술을 활용하여 새로운 사용자 경험을 창출하기 위하여 사용자의 행태를 관찰, 수집, 분석하는 방법법론을 익히고 이를 디자인 프로젝트에 적용하고 디자인 전략을 수립하는 능력을 함양한다."
4학년,1학기,1전심,HBIT0025,AR·VR미디어디자인전공,트랜스미디어디자인,2,2,디지털 융합사회 내 콘텐츠 미디어 플랫폼의 특성과 진화를 이해하고 하나의 콘텐츠가 매체와 매체를 넘나드는 트랜스미디어가 될 수 있는 구체적인 융합 콘텐츠 기획을 학습한다. 이는 사용자와의 상호작용을 고려하여 AR?VR미디어디자인계의 확장된 장르 개척에 대하여 연구한다.
4학년,1학기,1전심,HBIT0026,AR·VR미디어디자인전공,AR?VR디자인스튜디오Ⅰ(PBL),3,3,"AR?VR디자인스튜디오Ⅳ의 연장된 전공심화 능력 함양을 위한 과정으로 디자인 트랜드를 반영한 창의적인 AR?VR미디어디자인 프로젝트의 기획, 제작, 제안에 대하여 학습한다. 시장(market)이 요구하는 프로젝트를 기획하고 제작하는 과정을 통하여 문제 이해, 분석 및 합리적 해결 능력을 함양한다. 이 과목은 ‘실제 현장문제’해결 중심의 학습으로 관련 현 산업 현장의 문제를 도출하여 해결안을 제안하며 졸업작품 제작으로 학생 주도형 교육으로 진행한다."
4학년,1학기,1전심,HBIT0027,AR·VR미디어디자인전공,AR?VR콘텐츠스튜디오Ⅰ(캡스톤디자인),3,3,"전공심화 능력을 위한 과정으로 AR?VR미디어디자인의 전반적이고 포괄적인 개념과 기술 테크닉을 해석, 활용하여 사용자 경험을 창출할 수 있는 융합적인 AR?VR콘텐츠디자인 프로젝트를 제작한다. 이 교과의 진행은 기업체 멘토와 유기적으로 협력하여 프로젝트를 지속적으로 수행하며 팀 구성원 간의 구체적인 업무할당을 통해 상호간의 신뢰와 결속력을 강화한다."
4학년,2학기,1전심,HBIT0011,AR·VR미디어디자인전공,AR?VR포트폴리오,3,3,"포트폴리오의 필요성을 이해하고 색채, 편집디자인 그리고 프리젠테이션 등의 학습을 통해 전공 관련 수행 과제들을 정리하여 자신의 디자인 능력을 표현할 수 있는 포트폴리오를 제작한다. 이는 디자이너로써 자신의 표현을 극대화할 수 있는 결과물로 자신의 진로에 적극 활용할 수 있도록 한다."
4학년,2학기,1전심,HBIT0029,AR·VR미디어디자인전공,AR?VR디자인스튜디오Ⅱ(PBL),3,3,"AR?VR디자인스튜디오Ⅴ의 연장된 전공심화 능력 함양을 위한 과정으로 디자인 전 분야의 트랜드를 반영한 창의적인 AR?VR미디어디자인 프로젝트의 기획, 제작, 제안에 대하여 학습한다. 시장(market)이 요구하는 프로젝트를 기획하고 제작하는 과정을 통하여 문제 이해, 분석 및 합리적 해결 능력을 함양한다. 이 과목은 ‘실제 현장문제’해결 중심의 학습으로 관련 현 산업 현장의 문제를 도출하여 해결안을 제안하며 졸업작품 제작으로 학생 주도형 교육으로 진행한다."
4학년,2학기,1전심,HBIT0030,AR·VR미디어디자인전공,AR?VR콘텐츠스튜디오Ⅱ(캡스톤디자인),3,3,"AR?VR콘텐츠스튜디오Ⅰ의 연장된 전공심화 능력을 위한 과정으로 AR?VR미디어디자인의 전반적이고 포괄적인 개념과 기술 테크닉을 해석, 활용하여 사용자가 경험을 창출할 수 있는 융합적인 AR?VR콘텐츠디자인 프로젝트를 제작한다. 이 교과의 진행은 기업체 멘토와 유기적 협력과 지속적 프로젝트의 수행을 통해 상호간의 신뢰와 결속력을 강화한다."
전체학년,1학기,1전선,HBQA0001,예술학부,공연예술제작,3,3,"공연예술을 직접 제작해봄으로써 공연 기획, 텍스트의 선택과 분석, 인물창조, 장면구성, 무대미술 표현, 리허설 등 공연예술 제작과정 전반의 경험을 쌓도록 한다"
전체학년,2학기,1전선,HBQA0002,예술학부,영상예술제작,3,3,"영상예술을 직접 기획하고 제작해봄으로써 영상기획, 영상예술의 선택과 분석, 영상 편집을 경험할 수 있음. 이 수업은 이미지 촬영의 이해,  영상예술의 표현 등 영상예술에 대한 이해를 중심으로 진행 됨."
1학년,1학기,1전선,HBIG2011,영화영상전공,영화기술,2,2,"영화제작에 필요한 촬영, 편집, 녹음, 조명 등 기술적 요소에 대한 기초적 개념과 각종 기기 및 장비의 메커니즘에 대한 이해를 도모한다."
1학년,1학기,1전선,HBIG3042,영화영상전공,편집및음향입문,3,3,영화 편집 및 음향 입문수업으로 기초 이론에서부터 실제 컴퓨터 프로그램 사용법까지 영화 후반작업 전체의 이론과 실제를 다룬다.
1학년,1학기,1전선,HBIG4161,영화영상전공,매체연기입문,2,2,"매체연기의 이해, 영상매체의 시각적 특성을 고려하여 우선 말하기보다 듣기, 움직임, 구성에 중점을 둔다."
1학년,1학기,1전선,HBIG4492,영화영상전공,영화리터러시의이해,2,2,"영화과 학생이 기본적으로 꼭 봐야할 영화, 역사적으로 중요한 작품들을 보고 함께 분석해본다."
1학년,2학기,1전선,HBIG1151,영화영상전공,디지털영상기초,3,3,디지털 전자 영상에 대한 기술적인 기초 이론과 비디오매체의 기본적인 운용 방식을 습득시킴으로써 비디오제작 실습을 원활하게 할 수 있도록 한다.
1학년,2학기,1전선,HBIG4147,영화영상전공,캐릭터연기,2,2,본격적인 트레이닝의 첫 과정으로 텍스트의 분석을 통한 신체와 음성의 표현법과 캐릭터의 형상화를 훈련한다.
1학년,2학기,1전선,HBIG4491,영화영상전공,영화편집(SW),3,3,영화 속의 좋은 편집 장면을 분석하고 여러 사람과의 대화 씬 및 복잡한 씬 구성을 연습해본다. 아울러 사운드 편집과 뮤직비디오 등을 편집해본다.
2학년,1학기,1전선,HBIG1152,영화영상전공,시나리오창작,2,2,"영화 제작의 기초인 시나리오의 역할과 기능에 대한 이해를 바탕으로 직접 창작 시나리오를 쓰고 소설, 희곡, 실제 사건 등을 시나리오로 각색한다."
2학년,1학기,1전선,HBIG2272,영화영상전공,디지털콘텐츠창작,3,3,디지털카메라를 이용한 촬영 및 제작 실습에 필요한 기초적 개념과 실제 방법을 훈련하기 위한 초급과정으로 영화가 제작되는 과정을 비디오 장비를 이용해 연습함으로써 DV제작과정에 대한 기초적 이해와 적응력을 갖추는 데 목표를 두고 있다.
2학년,1학기,1전선,HBIG3141,영화영상전공,매체연기실습Ⅰ,3,3,TV 드라마 대본을 선택하여 매체연기 전반적인 접근과 실습을 통하여 기초적인 적응력을 키워 실전에 활용할 수 있는 연기력을 증진시키는데 중점을 둔다.
2학년,2학기,1전선,HBIG2262,영화영상전공,영화촬영,3,3,보다 전문적인 촬영에 필요한 효과적인 조명과 디지털촬영에 대한 이론 및 실제적 노하우를 배운다.
2학년,2학기,1전선,HBIG2291,영화영상전공,영화연출,2,2,"이 과목은 영화감독이 한편의 영화를 감독하는 과정에서 기본적으로 수행할 페이퍼 웍, 카메라 세트 업, 배우 지도하기 등은 물론 각자의 전문가들과의 협동사항들에 대해 공부함."
2학년,2학기,1전선,HBIG3021,영화영상전공,영화감독연구,2,2,"한 편의 영화는 여러 가지 요소를 종합적으로 담고 있지만 그것을 어떤 기능과 효과로 제어할 것인가를 결정하는 것은 감독의 역할이다. 따라서 특정한 감독들이 응용하거나 추구해온 기법적 특성 및 인식적 다양성에 대해 구체적으로 분석, 평가함으로써 영화감독의 작가적 특성을 이해하고자한다."
2학년,2학기,1전선,HBIG3052,영화영상전공,사운드디자인(SW),3,3,"편집이 끝난 워크 프린트를 보고 각 신의 분위기나 내용에 어울리는 대사 또는 내레이션, 영화음악, 음향효과 등을 디자인하고 실제로 그것을 실행하는 방식들에 대한 연구에 목표를 둔다."
2학년,2학기,1전선,HBIG3142,영화영상전공,매체연기실습Ⅱ,3,3,실습1에서 학습한 내용을 중심으로 영화대본을 선택하여 심도 있는 연기를 하는데 중점을 둔다.
3학년,1학기,1전선,HBIG4042,영화영상전공,영화기획및마케팅,2,2,"모든 영화는 기획 과정을 거쳐 제작에 들어간다. 이 때 산업적 성공을 겨냥하거나 예술적 성취를 목표로 하는 구분은 기획단계에서 달라진다. 영화제작 과정에서 기획의 역할, 기획자의 업무 등에 대해서 이해한다."
3학년,1학기,1전심,HBIG4154,영화영상전공,영화제작Ⅰ(캡스톤디자인),3,3,실제 영화제작을 통해 한편의 영화가 어떤 요소와 과정을 거쳐 유기적인 관계로 조화를 이루어나가는가를 훈련한다.
3학년,1학기,1전선,HBIG4160,영화영상전공,한국영화와사회,2,2,60년대 이후 한국 영화를 중심으로 한국 근대화 과정과 사회상을 공부한다.
3학년,1학기,1전심,HBIG4483,영화영상전공,영상미학의이해,2,2,영상을 이해하는데 필요한 영상미학의 기초를 배우는 시간이다. 사실주의와 표현주의를 중심으로 미장센과 편집과 같은 영상 스타일을 집중적으로 습득한다.
3학년,1학기,1전선,HBIG4496,영화영상전공,장면연기실습,3,3,배역 창조를 포함하여 장면연기의 기초문법 및 기술체계를 공부하면서 연기의 형태 및 연기양식의 다양한 모습을 탐구한다.
3학년,1학기,1전선,HBOA1018,영화영상전공,1인미디어기획및제작(캡스톤디자인),3,3,"다큐, 광고, 실험영화, 공연용 영상, 뮤직비디오, 홍보물, 웹 콘텐츠 등 디지털 영상을 기반으로 하는 다양한 콘텐츠를 실제로 제작해본다. 각 콘텐츠의 차이와 공통점을 통해 디지털콘텐츠창작의 실제를 경험하고 학습한다."
3학년,1학기,1전선,HBTT0117,영화영상전공,연극영화교과교육론,3,3,"교과의 학습지도안을 작성하고 실제수업에 임할 수 있으며 이에 적합한 교편물을 제작할 수 있도록 학습지도안 작성요령, 교편물 이용 및 개발방안, 학습지도의 실제 등을 학습한다."
3학년,2학기,1전심,HBIG2211,영화영상전공,한국영화분석,3,3,"한국영화를 중심으로 텍스트 분석을 시도한다. 이러한 텍스트 분석은 한국영화의 담론을 문화적, 이데올로기적 측면에서 토론하고 탐구하는 과목이다."
3학년,2학기,1전선,HBIG3151,영화영상전공,영화장르연구,2,2,"미국영화 장르 시스템을 중심으로 메이저 스튜디오에서 제작되었던 서부극, 갱스터, 뮤지컬, 스쿠루블 코미디, 필름 느와르의 특성과 스타일을 분석한다."
3학년,2학기,1전심,HBIG4158,영화영상전공,영화제작Ⅱ(캡스톤디자인),3,3,"영화제작I 의 심화과정으로, 영화제작I 과 같은 방식으로 단편영화를 제작하면서, 각 분야별 스텝들의 영화제작 숙련도를 향상시킨다."
3학년,2학기,1전선,HBIG4485,영화영상전공,연기공연실습Ⅰ(PBL),3,3,"공연실습 기초과정으로서 시나리오를 선정, 배역을 부여하고 성격창조과정을 거친 후, 배우로서 자질과 연기력을 공연실습을 통해 향상시킨다."
3학년,2학기,1전선,HBOA1022,영화영상전공,AR&VR콘텐츠,3,3,"360° 영상을 활용한 Virtual Reality 콘텐츠 제작 과정을 통해 360°카메라의 이해, 360° 콘텐츠의 이해와 360°카메라 촬영과 편집을 통한 포트폴리오 제작을 한다. 
 VR 콘텐츠의 이해와 현장 전문가와의  팀티칭 프로그램을 통한 콘텐츠 제작 과정의 이해를 목표로 한다."
4학년,1학기,1전심,HBIG4141,영화영상전공,영화문화연구,2,2,"영화가 중심을 이루는 대중문화에 대한 이해는 기호학, 정신분석학과 같은 인문, 철학에 대한 지식을 배움으로서 한 걸음 다가서게 된다."
4학년,1학기,1전심,HBIG4152,영화영상전공,세계영화사Ⅰ,3,3,영화가 새로운 매체로 등장하기까지의 과정과 예술적 표현력과 산업적 기반을 확보해온 과정을 살펴봄으로써 세계 각국의 영화가 변모 발전해온 과정을 이해하고자한다. 세계 영화사Ⅰ은 영화 역사의 전반부에 해당하며 영화 탄생부터 1950년대까지의 세계 영화사의 주요 변천과정에 초점을 맞춘다.
4학년,1학기,1전심,HBIG4486,영화영상전공,연기공연실습Ⅱ(캡스톤디자인),3,3,"공연실습 고급과정으로서 시나리오를 선정, 배역을 부여하고 성격창조과정을 거친 후, 배우로서 자질과 연기력을 공연실습을 통해 향상시킨다."
4학년,1학기,1전심,HBIG4498,영화영상전공,졸업작품제작Ⅰ(캡스톤디자인),3,3,"졸업 작품을 제작하는 수업으로 장르나 포맷의 제한이 없이 다양한 영화, 영상을 제작한다. 졸업 작품을 만드는 수업이므로 형식과 내용에 있어 학위수여의 근거를 담보할 수 있는 일정 수준 이상의 리서치, 제작의도, 기획방향, 구성내용을 갖춘 작품의 제작으로 이루어진다."
4학년,2학기,1전심,HBIG4011,영화영상전공,졸업작품제작Ⅱ(캡스톤디자인),3,3,"졸업 작품을 제작하는 수업으로 장르나 포맷의 제한이 없이 다양한 영화, 영상을 제작한다. 졸업 작품을 만드는 수업이므로, 형식과 내용에 있어, 학위수여의 근거를 담보할 수 있는 일정 수준 이상의 리서치, 제작의도, 기획방향, 구성내용을 갖춘 작품의 제작으로 이루어진다."
4학년,2학기,1전심,HBIG4157,영화영상전공,세계영화사Ⅱ,3,3,"영화가 새로운 매체로 등장하기까지의 과정과 예술적 표현력과 산업적 기반을 확보해온 과정을 살펴봄으로써 세계 각국의 영화가 변모 발전해온 과정을 이해하고자 한다. 세계 영화사Ⅰ에서 이어지는 세계 영화사Ⅱ, 이 과목에서는 1960년대 영화에서부터 1990년대 현대영화까지 세계영화의 발달 과정을 공부한다."
4학년,2학기,1전선,HBIG4490,영화영상전공,현장오디션실습,3,3,"연극, 뮤지컬, 영화, 리포터 등 캐스팅과정에서 필수적으로 거치는 오디션을 반복 학습하여 현장 감각을 익히는 것이 목표다."
4학년,2학기,1전선,HBIG4495,영화영상전공,초중등영화교수학습방법,3,3,본 교과는 문화예술교육사가 학습자 연령대에 맞게 영화교육을 지도할 수 있도록 하는데 그 목적이 있다.
4학년,2학기,1전선,HBIG4499,영화영상전공,영화교육프로그램개발,3,3,"본 강의는 다양한 영화교육프로그램 개발을 목표로 한다. 영화교육의 기본적인 커리큘럼을 이해하는 한 편, 자신만의 독창적이고 흥미로운 영화교육프로그램 개발을 통해 교육대상과 기간, 내용에 따라 자유롭게 프로그램을 만들 수 있는 능력을 익힐 수 있다."
전체학년,1학기,1전선,HBQA0001,예술학부,공연예술제작,3,3,"공연예술을 직접 제작해봄으로써 공연 기획, 텍스트의 선택과 분석, 인물창조, 장면구성, 무대미술 표현, 리허설 등 공연예술 제작과정 전반의 경험을 쌓도록 한다"
전체학년,2학기,1전선,HBQA0002,예술학부,영상예술제작,3,3,"영상예술을 직접 기획하고 제작해봄으로써 영상기획, 영상예술의 선택과 분석, 영상 편집을 경험할 수 있음. 이 수업은 이미지 촬영의 이해,  영상예술의 표현 등 영상예술에 대한 이해를 중심으로 진행 됨."
1학년,1학기,1전선,HBIH4522,연극전공,서양연극사Ⅰ,3,3,"고대부터 17세기 신고전주의 시대에 이르는 서양 연극의 흐름을 각 시대별, 사조별 그리고 대표적 작가의 작품의 실례를 통하여 입체적으로 파악한다."
1학년,1학기,1전선,HBIH4527,연극전공,기초연극워크숍Ⅰ,3,3,"연극인로서 갖추어야 할 창조적인 사고능력, 예술적감성, 폭넓은 시야, 독특한 시각. 예술작품에 대한 감상 능력, 진지한 태도, 집중력 등을 훈련한다."
1학년,1학기,1전선,HBIH4580,연극전공,화술Ⅰ,3,3,"신체기관의 구조를 파악하고, 음성과 관련 된 몸의 긴장과 이완   공명, 음조, 억양, 발음에 대한 내용을 구성하고 수행하는 능력을 배양하고, 희곡분석, 장면 이해, 전달하고자 하는 내용과 목표를 정확한 대사로 전달하도록 연습한다."
1학년,1학기,1전선,HBIH4581,연극전공,배우훈련Ⅰ,3,3,"무대 위에서의 배우는 무엇을(what), 왜(why), 어떻게(how) 움직여야 하는가에 대한 인식과 이해가 절실히 필요하다. 따라서 다양한 몸짓의 특징적 동작을 습득하고, 움직임의 리듬감과 창조성, 그리고 근육을 이용하여 몸짓을 극대화 시키는 훈련을 지도한다. 뿐만 아니라 몸짓과 행위를 구분하여 신체를 효과적으로 정확히 움직이는 방법을 인식할 수 있게 하며, 다양한 동작어휘의 접근을 통해 동작응용력을 집중 지도한다."
1학년,2학기,1전선,HBIH4523,연극전공,기초연극워크숍Ⅱ,3,3,"연속된 과정에서는 연극언어와 매체의 시·공간적 특성을 파악하고 적용하는 능력을 키우는데 초점을 맞추어 진행되는 가운데, 창의적인 공연예술의 창작과정 및 공연발표를 통하여 표현과 감상의 개념을 확립한다."
1학년,2학기,1전선,HBIH4530,연극전공,서양연극사Ⅱ,3,3,"18세기에서 현대에 이르는 서양 연극의 흐름을 각 시대별, 사조별 그리고 대표적 작가의 작품의 실례를 통하여 입체적으로 파악한다."
1학년,2학기,1전선,HBIH4583,연극전공,화술Ⅱ,3,3,"음성 훈련을 통해 불필요한 긴장 상태를 없애고, 장면 분석을 기본으로 대사를 이해하고 인물의 목표 정하여 연습을 통해 올바른 말로 표현 한다"
1학년,2학기,1전선,HBIH4584,연극전공,배우훈련Ⅱ,3,3,"현대무용을 기반으로 한 테크닉과 단련된 신체를 가지고 리듬감과 창조성, 그리고 근육을 이용하여 몸짓을 극대화 시키는 훈련을 지도한다. 뿐만 아니라 몸짓과 행위를 구분하여 신체를 효과적으로 정확히 움직이는 방법을 인식할 수 있게 하며, 다양한 동작어휘의 접근을 통해 동작응용력을 집중 지도한다."
2학년,1학기,1전선,HBIH2161,연극전공,연기Ⅰ,3,3,"자신의 육체를 통하여 작가의 의도와 작품 주제를 관객에게 진솔하게 전달하는 방법의 교육으로, 무대 몸 동작, 호흡, 발성의 지속적인 훈련을 통하여 감각적인 화술과 연기의 개발을 목적으로 한다. 특히 복식호흡과 단전호흡의 발성을 중심으로 하여 배우로써의 근성을 주지시킨다."
2학년,1학기,1전선,HBIH4497,연극전공,연출Ⅰ,3,3,본격적인 연출가 트레이닝의 첫 과정으로 스토리텔링의 기본과 텍스트의 연구를 중심으로 교육하고 극적 구성능력을 키운다.
2학년,1학기,1전선,HBIH4526,연극전공,한국연극사,3,3,"한국연극사는 고전연극사와 현대연극사로 대별되는데 이강의는 고대 연희의 시발점에서부터 신극의 유입 시기까지 흐름을 시대별, 형태별로 파악하여 우리 고유의 연극미학을 바로보는 시각을 정립한다."
2학년,1학기,1전선,HBIH4582,연극전공,장면창작실습(PBL),3,3,"장면창작실습은 2학년 과목으로 팀을 구성하여 장막희곡의 한 장면, 혹은 단막극을 선택하여 작가 및 작품분석, 장면분석, 인물분석, 대사분석 등을 경험하고 구체적인 방법론을 모색하는 과목이다. 연극의 시작부터 완성까지 전 과정을 워크북으로 작성 제출한다."
2학년,1학기,1전선,HBIH4592,연극전공,현대및동시대연극,3,3,고대로부터 근대를 지나 현대 및 동시대에 이르는 연극은 시대에 따라 다양한 모습으로 변모하여 왔다. 본 교과목은 20세기 후반 급진적으로 진화하는 연극의 양상을 실제적 작업의 사례를 통하여 조망해 보며 동시대 우리나라와 세계의 연극 현상 중 두드러진  사례들을 체험해 보고자 한다. 이러한 과정을 통하여 미래 사회와 소통할 수 있는 진취적인 연극의 미학의 토대를 마련하도록 한다.
2학년,2학기,1전선,HBIH2072,연극전공,희곡분석,3,3,"연극을 구성하는 가장 중요한 요소 중 하나의 희곡에 대한 본질적이고도 구조적인 이해를 도모하며 사조 별, 장르 별 대표 희곡들을 분석해 본다."
2학년,2학기,1전선,HBIH2202,연극전공,연기Ⅱ,3,3,연기1과 연계하여 훈련되어진 신체와 화술등을 활용하여 텍스트 상의 인물을 무대 위로 체현하는 과정이다. 즉흥연기와 관찰등의 훈련을 통해 인물의 형상과 행동을 구체화시키고 장면연기를 통해 무대 위에서 직관적이고 유기적인 행동이 가능하도록 훈련한다.
2학년,2학기,1전선,HBIH4501,연극전공,연출Ⅱ,3,3,연속된 과정에서는 텍스트를 스테이지를 전환시키는 무대형사와 능력을 집중적으로 훈련하며 다양한 연출 테크닉을 연마한다.
2학년,2학기,1전선,HBIH4524,연극전공,단막극제작실습(PBL),3,3,단막연극공연의 실제 제작과정을 경험함으로써 리허설에서 공연까지의 과정을 훈련하고 제작전반에 걸친 다양한 이슈들에 대해 연구한다.
2학년,2학기,1전선,HBIH4594,연극전공,연기이론과실제,3,3,"근대에 이르러 배우의 연기에 대한 연구는 러시아의 스타니슬라브스키에 힙입어 진일보하게 된다. 20세기 초 확립된 사실주의 연기론을 중심으로 미하엘 체홉, 메이어홀드, 그로토스키, 브레히트, 보알 등에 의하여 전개되는 다양한 연기론을 비교하여 조망하고자 한다. 이론적 입장에 따른 실제적 훈련에 대한 체험을 병행하여, 다양한 장르의 연극 무대에 적절한 연기 양식을 구현하는 데에 대한 준비가 되도록 한다."
3학년,1학기,1전심,HBIH4544,연극전공,공연제작실습Ⅰ(PBL),3,3,"공연제작실습1은 문화예술교육에 있어 학습자의 인지적, 정서적, 사회적 발달을 돕는 효과적인 교육 기회를 제공한다. 본 교과목에서는 자신의 전공 예술분야에 맞는 일정 유형의 시연을 위해 기획 및 제작하는 데 필요한 전체 프로세스를 이해할 뿐만 아니라 문화예술교육사로서의 준비과정의 하나로 이를 교육과 접목하여 실행할 수 있도록 기본 지식과 역량을 갖출 필요가 있다."
3학년,1학기,1전심,HBIH4554,연극전공,극작Ⅰ,3,3,"희곡의 기본적인 구성과 극작의 원리를 배우기 위한 교과목이다. 극작에 필요한 케릭터, 플롯, 대사 등의 기본 요소들을 습득 후 실제 장면을 구성해본다."
3학년,1학기,1전선,HBIH4577,연극전공,뮤지컬워크숍Ⅰ,3,3,뮤지컬 배우로서 활용할 수 있는 기초적인 연기 훈련 실기 과목으로 정극과 뮤지컬 연기의 차이와 뮤지컬에서의 신체 운용법  뮤지컬 장면의 무대화를 위한 기초 지식을 습득한다.
3학년,1학기,1전선,HBTT0123,연극전공,연극영화교과교육론,3,3,"본 교과는 연극영화교과교육을 위한 기초적인 이론과 실제를 학습하여 연극영화교과교육에 대한 전반적인 이해를 도모하는 데 목적이 있다. 이를 위해 연극영화교과에 대한 기본적인 개념에서부터 출발하여 연극영화교과교육을 사회학적으로 접근하고 연극영화교과교육의 의의 및 세계적 동향을 알아본다. 또한 연극영화교과교육과정, 효과적인 연극영화교과교육방법과 평가, 연극수업설계 모형 등을 탐색한다. 이를 통하여 연극영화교과교육에 대한 지식과 안목을 형성하고 연극영화교과교육 및 연극영화교과교육지도 이해의 폭을 넓히도록 한다."
3학년,2학기,1전심,HBIH4549,연극전공,공연제작실습Ⅱ(PBL),3,3,"공연제작실습2는 문화예술교육에 있어 학습자의 인지적, 정서적, 사회적 발달을 돕는 효과적인 교육 기회를 제공한다. 본 교과목에서는 자신의 전공 예술분야에 맞는 일정 유형의 시연을 위해 기획 및 제작하는 데 필요한 전체 프로세스를 이해할 뿐만 아니라 문화예술교육사로서의 준비과정의 하나로 이를 교육과 접목하여 실행할 수 있도록 기본 지식과 역량을 갖출 필요가 있다."
3학년,2학기,1전심,HBIH4561,연극전공,극작Ⅱ,3,3,"극작의 기본요소를 바탕으로 장면을 구성하고, 습작을 통해 하나의 작품을 완성한다."
3학년,2학기,1전선,HBIH4586,연극전공,뮤지컬워크숍2,3,3,뮤지컬워크숍1에서 습득한 뮤지컬에 대한 이해와 신체 훈련을 바탕으로 축제 및 쇼 케이스 등에 적합한 장면을 만들어간다.
3학년,2학기,1전선,HBTT0124,연극전공,연극영화교과교재및연구법,3,3,"본 교과는 창의적인 연극영화교과교재교육 방법을 적용할 수 있도록 창의성 개발을 위한 교수 방법, 동기 유발 방법, 활동 전략 등의 창의적 교수 기법을 문화예술교육사가 습득하고, 다양하고 창의적인 연극영화교과교재교육 방법을 스스로 개발하고 적용할 수 있도록 하는데 목적을 둔다. 이를 위하여 기본적인 창의성 이론과 창의적 교수 기법, 창의적인 활동 전략, 창의적 연극영화교과교재교육 사례 등을 살펴보고 창의적 연극교육을 위한 수업모형과 교수학습 방법을 새롭게 구성하고 적용해 보도록 한다."
4학년,1학기,1전심,HBIH4546,연극전공,공연제작실습Ⅲ(PBL),3,3,"기획, 제작 및 시연은 문화예술교육에 있어 학습자의 인지적, 정서적, 사회적 발달을 돕는 효과적인 교육 기회를 제공한다. 본 교과목에서는 자신의 전공 예술분야에 맞는 일정 유형의 시연을 위해 기획 및 제작하는 데 필요한 전체 프로세스를 이해할 뿐만 아니라 문화예술교육사로서의 준비과정의 하나로 이를 교육과 접목하여 실행할 수 있도록 기본 지식과 역량을 갖출 필요가 있다."
4학년,1학기,1전선,HBIH4595,연극전공,연극교육프로그램개발,2,2,"본 교과는 인간의 심리적 갈등, 대인관계 문제, 적응곤란 등 상담을 필요로 하는 심리적 문제를 예술교육을 통해 상담하고 치유할 수 있도록 하는데 목적을 두고 있다. 이를 위하여 인간 심리의 이해, 대인관계 기술 및 상담기법 습득, 예술교육상담 및 치유기법 이해, 문화예술교육 현장의 이해 등을 통해 예술교육 상담역량을 기르며 연극교육프로그램 개발도 같이 병행하여 예술교육을 위해 필요한 기초 소양을 기른다."
4학년,2학기,1전심,HBIH4576,연극전공,오디션테크닉,3,3,"연극의 세부 전공 영역에 따라 체계적인 현장 진출을 준비하도록 하는 교과목이다. 세부전공 별 오디션 및 면접에 대비하는 단계별 과제를 수행하고, 세부 전공별 포토폴리오 준비와 오디션에 필요한 테크닉을 익히고 오디션 현장에서의 적응력을 익힌다."
4학년,2학기,1전심,HBIH4587,연극전공,현장연계프로젝트(캡스톤디자인),3,3,전공 고 학년생들이 전공 관련 현장에서의 경험을 축적하여 졸업 후 현장 진출에 있어 경력 면에서나 경험 면에서 유익하도록 교과목을 운영함.
전체학년,1학기,1전선,HBQA0001,예술학부,공연예술제작,3,3,"공연예술을 직접 제작해봄으로써 공연 기획, 텍스트의 선택과 분석, 인물창조, 장면구성, 무대미술 표현, 리허설 등 공연예술 제작과정 전반의 경험을 쌓도록 한다"
전체학년,2학기,1전선,HBQA0002,예술학부,영상예술제작,3,3,"영상예술을 직접 기획하고 제작해봄으로써 영상기획, 영상예술의 선택과 분석, 영상 편집을 경험할 수 있음. 이 수업은 이미지 촬영의 이해,  영상예술의 표현 등 영상예술에 대한 이해를 중심으로 진행 됨."
1학년,1학기,1전선,HBIP0019,무대미술전공,무대미술기초,3,3,"무대미술에 대한 일반적인 개념을 이해하고 간단한 작업과정을 실습해 봄으로서 무대세트디자인, 무대의상디자인, 무대조명디자인에 대한 이해도를 향상시키는 과정이다."
1학년,1학기,1전선,HBIP0020,무대미술전공,디지털렌더링,3,3,포토샵과 일러스트 프로그램에 대한 교육을 중심으로 무대미술에 필요한 디지털 드로잉 능력을 함양한다.
1학년,1학기,1전선,HBIP0022,무대미술전공,텍스트분석과창의표현(PBL),3,3,"약 5-6개의 시대별, 사조별 연극작품을 선정하여 진행되며, 대본분석과 해석을 통한 무대 미술적 아이디어의 창출과 표현을 위주로 진행된다."
1학년,1학기,1전선,HBIP0023,무대미술전공,드로잉앤페인팅,3,3,"무대미술의 기초 실습 교과목으로 학생 스스로가 자유롭게 공간과 인체를 묘사 또는 재현할 수 있는 능력을 향상시키는데 목적을 두고 있다. 드로잉, 스케치, 크로키 및 수채화 기법을 통해 단순한 모사가 아닌 상상의 이미지를 평면으로 재현할 수 있는 능력을 개발하고자 한다."
1학년,1학기,1전선,HBIP0085,무대미술전공,극장과무대미술사,3,3,"고대부터 현대에 이르는 공연과 극장의 변천과정, 무대미술의 중요작가 및 작품연구 등을 통하여 무대미술의 역사적 배경과 특성을 학습한다."
1학년,2학기,1전선,HBIP0024,무대미술전공,드래프팅과모델링,3,3,무대디자인을 통해 작성되어야 할 각종 무대도면의 제작실습이 진행되며 공간을 도면으로 해석하는 학습이다.
1학년,2학기,1전선,HBIP0025,무대미술전공,재료와기법(PBL),3,3,"디자인 및 제작을 위한 사용재료의 종류, 성질, 가공기법 등에 대한 기초실습과정이다."
1학년,2학기,1전선,HBIP0032,무대미술전공,무대기술,3,3,"무대제작을 위한 공구사용방법, 제작실안전교육, 무대기술의 기초사항을 실습하며, 무대작화를 위한 작업도구, 페인트의 종류와 색채혼합방법, 작화기법 등을 실습한다."
1학년,2학기,1전선,HBIP0086,무대미술전공,무대의상사,3,3,"연극의 발전과정을 따라 고대부터 현대에 이르기까지 서양 무대의
상의 변천과정은 물론 고대시대부터 근현대까지 한국 무대의상의 흐름을 조망해보는 과목이다. 이를 통해 시대별 복식이 다양한 장르의 공연과 영화, TV등의 무대의상에 어떻게 접목되는지에 관해 탐구한다."
1학년,2학기,1전선,HBIP0094,무대미술전공,미술의이해,3,3,"예술대에 지원한 학생들의 대부분은 예술의 매체적 구분만으로 학과를 선택하는 경향이 있다. 그러나 예술의 시대정신, 사회적 기능, 나아가 예술가의 태도가 예술을 학습하는 학생들에게 반드시 필요한 요소이다. 이 교과목은 이를 교육하기 위해 근현대 미술의 역사, 그리고 이론과 사조를 가르친다."
2학년,1학기,1전선,HBIP0027,무대미술전공,무대조명디자인,3,3,"연극 조명디자인의 기초실습과정으로서 연극조명 도면작성법 등 디자인기초사항을 익히고, 극장설비 및 장비, 장치요소 등의 상황을 활용하여 조명디자인을 학습하는 과정이다."
2학년,1학기,1전선,HBIP0030,무대미술전공,무대의상디자인(PBL),3,3,"무대의상디자인의 기초실습과정으로서 무대의상디자이너의 역할과 무대의상의 기능을 이해하고, 캐릭터 분석, 시각적인 리서치와 드로잉을 통한 디자인과정을 실습한다."
2학년,1학기,1전선,HBIP0035,무대미술전공,무대디자인,3,3,"비중 있는 연극작품 2개를 선정하여 진행되며, 무대디자인의 전체적인 작업과정을 실습한다."
2학년,1학기,1전선,HBIP0091,무대미술전공,비주얼스토리텔링,3,3,"문학, 연극, 영화, 광고 등과 같이 내러티브 중심의 분야에서 요구되는 언어와 이미지를 창출하는 역량을 키우는 교과목이다. 내러티브 및 플롯을 만들고, 이를 이야기로 요약하거나 이미지로 만들어 가는 과정을 담고 있으며, 동영상 또는 그림책을 최종적으로 제작한다."
2학년,1학기,1전선,HBIP0095,무대미술전공,영화미술과TV쇼디자인,3,3,이 교과는 영상미디어의 대표 콘텐츠인 영화와 TV쇼를 위한 미술과 디자인으로서 프로덕션디자인과 방송무대디자인의 기본 요소를 이해하고 실습을 통해 구체적으로 학습한다. 영화미술과 TV쇼 디자인은 영화와 드라마를 비롯해 케이팝 차트쇼나 콘서트 음악방송 등의 영상미디어 프레임 속의 화면을 표현하고픈 주제에 맞추어 시각적으로 재현하거나 표현하는 작업이다. 따라서 이 교과는 영상미디어의 서술방법인 내러티브 및 플롯 그리고 미장센을 이해하고 시청자와의 소통을 위한 영상이미지를 창작하면서 스토리텔링을 완성하여 시각적 커뮤니케이션 능력을 배양한다. 또한 극적 공간 창조를 위해 사전 시각화 작업을 학습하고 스토리보드와 프로덕션 일러스트를 통해 영상미디어를 위한 상상력과 창의력을 발전시킨다.
2학년,2학기,1전선,HBIP0073,무대미술전공,조명디자인과영상,3,3,전통적 공연예술과 첨단기술의 융합현상들이 자연스러워짐에 따라 무대공간에서의 영상사용의 필요성과 목적성을 파악하고 조명과의 협업과정을 통해 하나의 시각언어이자 시각적 연출요소로서의 다양한 영상 콘텐츠 활용법을 연구하는 수업이다.
2학년,2학기,1전선,HBIP0087,무대미술전공,소품제작프로젝트(PBL),3,3,공연예술에 필요한 다양한 소품의 디자인 과정과 제작법을 실습하는 교과목으로 희곡 작품분석을 통해 단계별 소품 디자인 프로세스를 학습하고 전통적인 소품제작방식 뿐만 아니라 기술이 융합된 새로운 표현방법을 실습하여 무대미술 표현방식 확장을 연구한다.
2학년,2학기,1전선,HBIP0092,무대미술전공,아트앤미디어,3,3,1960년대부터 현대까지 예술 문화 분야에서 두각을 나타낸 공간 중심의 예술 작품을 학습하고 이에 대한 이론적 배경을 교육하는 교과목이다. 강의와 발표로 진행되며 후반부에는 작품제작으로 이루어 진다.
2학년,2학기,1전선,HBIP0096,무대미술전공,공연기획과창작(PBL),3,3,"공연기획과 제작은 공연을 위한 작품구상부터 제작까지의 창작과정을 실습한다. 공연제작 과정에서 필요한 창작, 제작, 기술 등의 기초실무를 학습하고 각자 짧은 퍼포먼스로 무대에 구현시킨다."
2학년,2학기,1전선,HBIP0097,무대미술전공,방송무대디자인기초,3,3,이 교과는 TV쇼와 드라마 등의 텔레비전 콘텐츠를 위한 방송미술 을 이해하고 디자인 프로세스 실습을 통해 방송무대디자인의 기초를 학습한다. 방송무대디자인은 여러 가지 특성을 가진 복합분야다. 연극의 무대디자인 기능을 가지면서 영화의 프로덕션디자인 역할을 하기도 한다. 빠르게 변하는 대중의 취향을 고려한 디자인 마케팅 요소도 필요하다. 따라서 방송무대디자인을 명확히 이해하기 위해 방송제작의 구조 안에서 방송미술의 역할을 살펴보고 디자인프로세스를 조형언어와 감성디자인 접근법으로 제시한다. 실습으로 쇼 프로그램 무대디자인 프로세스를 경험하면서 프로덕션디자이너가 가져야 할 기본적인 시각화 능력을 배양한다.
2학년,2학기,1전선,HBIP0098,무대미술전공,커머셜콘텐츠무대디자인(PBL),3,3,"무대디자인 영역과 개념은 전통적 공연예술에서 파생된 매체, 장르로 다변화되어 브랜드 세계관과 스타일을 창조하는 필수적 요소로서 자리 잡고 있으며 소비자의 문화예술 콘텐츠 향유방식 변화와 콘텐츠 다양화는 시대의 새로운 트렌드와 융합되며 새로운 세대 문화를 이끌고 있다. 
이에 커머셜 콘텐츠 무대디자인 교과목에서는 뮤직비디오, 패션쇼, 브랜드 팝업 스토어 등 다양한 무대미술 파생 산업 분야에서의 브랜드 이미지 창조와 결합된 스토리텔링 및 세계관 구현을 통한 공간을 창조함으로써 무대디자인영역의 산업 확장성 및 커머셜 콘텐츠로서의 활용 중요성을 제고하는 수업이다."
3학년,1학기,1전선,HBIP0042,무대미술전공,테마무대디자인(PBL),3,3,"무대디자인의 확장된 개념으로서 월드컵이나 올림픽 개·폐막식과 같은 대형이벤트,  축제, 테마파크, 페스티벌 등의 창의적인 주제의 도출과 디자인을 실습하며, 특히 멀티미디어를 활용한 디자인방법론과 제작기술, 무대에서의 활용법을 융합하여 연구한다."
3학년,1학기,1전심,HBIP0047,무대미술전공,방송영화의상(PBL),3,3,방송과 영화의 매체와 의상디자인 과정을 이해하고 다양한 작품을 통해 디자인 능력을 개발한다.
3학년,1학기,1전심,HBIP0052,무대미술전공,무대의상콘셉트아트(PBL),3,3,현장 공연과 연계하여 공연의상제작을 위한 전반적인 과정을 실습하는 교과목이다. 의상 디자인과 의상제작은 물론  공연 전반에 관련한 모든 요소를 직접 경험함으로써 하나의 공연작품이 제작되는 전 과정을 실습하는 교과목이다.
3학년,1학기,1전심,HBIP0075,무대미술전공,창착예술과라이팅,3,3,"희곡분석을 통해 무대화 작업의 여러 요소 중에서 조명디자인의 전체적인 프로세스와 시각적 완성을 체계화 시키는 전공심화과정이다. 연극, 무용 조명디자인 방법론과 함께 공연예술에 사용하는 조명 메모리 콘솔과 다양한 종류의 조명 장비를 다루기 위한 수업도 병행하게 된다"
3학년,1학기,1전선,HBIP0093,무대미술전공,아트앤컬쳐,3,3,"공연예술을 전공하는 학생들을 대상으로 인문학, 사회과학 일반에 관한 체계적인 조망을 제공하는 교과목이다. 미술가가 더 이상 수공업적 기능인의 역할에 안주할 수 없게 된 현대예술에 있어서 인문학적 토대의 중요성은 점점 더 커지고 있다. 이 과목은 학생들의 시야를 문학, 철학, 사회학, 문화비평 등 타 예술과 인접학문 분야로 확장함으로써 예술의 개념과 역할에 대한 비판적 시선을 제공한다."
3학년,1학기,1전심,HBIP0099,무대미술전공,OTT드라마프로덕션디자인,3,3,"이 교과는 현재 가장 두드러진 미디어콘텐츠 형태인 넷플릭스 등의 국제적 OTT플랫폼드라마를 위한 영화미술 즉 프로덕션디자인을 학습한다. 이 수업은 내러티브를 OTT드라마 전반에 시각적으로 표현하는 모든 공간과 사물에 대한 스타일과 룩을 색상, 형태, 질감 등을 통제하고 조절하여 계획하고, 카메라와 조명 그리고 특수효과 등의 작업과 적절한 협업으로 전개되도록 실현하는 프로덕션디자인을 학습하는 교과이다. 학생들은 스토리텔링의 상징과 기호적 관계를 인지시키는 자신만의 해석을 바탕으로 한 디자인유니버스를 생성하며 프로덕션디자인프로세스를 학습한다."
3학년,2학기,1전심,HBIP0079,무대미술전공,무대의상LAB(PBL),3,3,다양하게 기획되는 문화산업 이벤트분야의 무대의상 디자인을 실습하는 교과목이다.주제에 맞춘 창의적인 디자인 콘셉트 구축과 디자인 요소와 원리를 이용하여 무대의상의 효과적인 시각적 표현을 연구한다.
3학년,2학기,1전심,HBIP0088,무대미술전공,공연제작워크숍(캡스톤디자인),3,3,공연제작워크숍은 작품 분석에서 공연 후 합평회까지 공연 제작의 전 단계를 공부한다. 이 수업을 통해 학생들은 공연제작과정은 물론 무대미술 전 영역을 역할 분담하여 실제로 공연을 완성시킴으로서 협업의 중요성뿐만 아니라 무대미술의 가치를 경험한다.
3학년,2학기,1전선,HBIP0100,무대미술전공,염색과소재변형(PBL),3,3,"이 과목은 공연과 영상 및 엔터테인먼트 산업을 위한 무대미술에 필요한 염색 및 질감 연구 그리고 소재변형 등을 연구하는 과목이다. 특히 다양한 염색 방법 및 기법연구, 표면 변형을 통해 독특한 무대공간 및 무대의상 표현을 실습하게 된다."
3학년,2학기,1전선,HBIP0101,무대미술전공,아트앤엔터테인먼트,3,3,"2000년대 이후 현대미술에서 발견되는 대중친화적이고 내러티브적인 요소는 관람객들에게 재미를 제공한다. 한 미술가의 진지한 성찰이 담긴 개념적 미술과는 거리가 있는 이런 유형의 현대미술은 관람객의 반응이 즉각적이고, 시각적으로 스펙타클하고, 스케일이 크다는 공통점이 있다. 이 교과목은 이러한 현대미술의 다원적 매체를 이용한 재미난 미술적 장치와 설계를 교육한다."
3학년,2학기,1전심,HBIP0102,무대미술전공,TV쇼콘텐츠방송무대디자인(PBL),3,3,이 교과는 산업체 수요 대응과 방송현장 실무연계를 통한 산학협력 활성화를 위하는 산학협력기반 교과다. 이 교과는 CJ ENM TV쇼 콘텐츠의 방송무대디자인과 미디어디자인을 협력하여 교육하는  교과로서 CJ ENM의 쇼콘텐츠디자인팀에서 진행하는 실무 프로젝트를 연계하여 수업에 참여하는 학생들이 직접 방송무대디자인과 미디어디자인을 스스로 기획 개발하고 도출한 결과물을 평가/심사를 통해 실제 방송제작에 활용하는 산학협력 프로그램으로 학생들의 실무능력을 배양한다.
3학년,2학기,1전심,HBIP0103,무대미술전공,뉴미디어테크놀로지무대디자인(PBL),3,3,전통적 공연예술과 뉴미디어 첨단기술의 융합현상들이 자연스러워짐에 따라 무대공간에서의 영상 미디어 콘텐츠 사용 및 기술 사용의 필요성과 예술을 바탕으로 한 목적성을 파악하고 첨단기술의 활용을 하나의 시각언어이자 시각적 연출요소로서의 활용법을 연구하는 수업이다.
4학년,1학기,1전심,HBIP0048,무대미술전공,쎄노그라피(캡스톤디자인),3,3,"야외공연장에서 올려지는 연극, 오페라 등의 작품이나 실험적인 작품을 창의적인 아이디어로 공연하기 위해 연구하는 과목이다."
4학년,1학기,1전선,HBIP0104,무대미술전공,공연영상세미나,3,3,"공연과 영상예술 산업에 대한 전반적인 개론과 실태를 탐구한다. 공연의 종류와 공연발전에 영향을 끼친 인물들에 대한 탐구도 병행하게 된다. 그리고 수많은 종류의 공연물에 대한 스태프(조명, 장치, 음향, 의상, 소품...)들의 준비과정에 대한 분석작업과 원활한 공연을 위한 기본적인 실습도 병행하게 된다."
4학년,1학기,1전심,HBIP0105,무대미술전공,영화프로덕션디자인(PBL),3,3,"이 교과는 조형예술로서 영화미술의 미학적 정체성을 이해하고 내러티브 시각화를 정의하는 새로운 시네마틱 아트의 미래를 고민한다. 프로덕션디자인은 내적이미지의 정서적이고 함축적인 의미를 연구하고, 내러티브의 주제에 적확한 시각적 의미를 담은 외적이미지를 구현하는 변증법적 프로세스를 가진다. 영화 프로덕션디자인은 공감을 통해 드러난 영화의 정서와 분위기를 감성적 언어로 정의하고, 이를 기반으로 시각적 이미지에 대한 영감을 떠올리며 전체 영상이미지에서 보여 질 디자인유니버스를 창작한다."
4학년,1학기,1전심,HBIP0106,무대미술전공,무대의상미장센(캡스톤디자인),3,3,"무대의상 미장센 교과목은 텍스트를 분석하여 예술 작품이 전달하고자 하는 스토리와 핵심적인 감정을 비언어적 요소인 이미지로 캐릭터 의상에 배치함으로써 총체적 이미지를 구현, 관객과의 소통 및 공감각적 감상이 가능케 하는 전달체로서 역할 할 수 있도록 무대미술 미장센 요소들의 창의적 기능을 연구하는 교과목이다."
4학년,1학기,1전심,HBIP0107,무대미술전공,무대공간미장센(캡스톤디자인),3,3,"무대 공간 미장센 교과목은 텍스트를 기반으로 하는 예술 작품이 전달하고자 하는 스토리와 핵심적인 감정을 비언어적 요소인 이미지로 공간(프레임) 속에 배치함으로써 총체적 이미지를 구현, 관객과의 소통 및 공감각적 감상이 가능케 하는 전달체로서 역할 할 수 있도록 무대미술 미장센 요소들의 창의적 기능을 연구하는 교과목이다."
4학년,2학기,1전선,HBIP0108,무대미술전공,무대디자인포트폴리오(캡스톤디자인),3,3,"본 교과목은  졸업작품전시와 연계되어 진행된다. 작품선정, 무대미술 표현방향성, 전시방법 등 무대미술 제작의 전반적인 요소를 각 수강생의 개별적 구상과 계획에 의해 독립적으로 설계되어 진행된다. 최종적으로 완성된 작품은 전시를 통해 평가하여 졸업자격을 여부를 판단한다."
4학년,2학기,1전선,HBIP0109,무대미술전공,무대의상졸업포트폴리오(캡스톤디자인),3,3,"이 과목은 4학년 졸업을 위한 과목으로 작품 선택에서부터 분석, 디자인 및 제작 전 과정을 체계적으로 실습한다. 또한 졸업작품 전시를 통해 예술성과 독창성의 가치를 높이며 전 과정을 포트폴리오에 담아 완성도를 높인다."
4학년,2학기,1전선,HBIP0110,무대미술전공,무대조명디자인포트폴리오,3,3,"졸업 작품의 진행을 위해 전시 참가 학생을 대상으로 작품 기획서 작성과 전시작품  제작하는 수업이다. 연극, 오페라, 무용, 영화등 다양한 장르의 작품이나 실험적인 작품을 창의적인 아이디어와 새로운 접근법으로 연구하는 과목이다."
4학년,2학기,1전선,HBIP0111,무대미술전공,프로덕션디자인졸업포트폴리오,3,3,이 교과는 프로덕션디자인분야 졸업을 위한 준비과목으로서 개인 별로 영화 및 방송 관련한 프로덕션디자인 분야를 탐색하고 자신 만의 프로덕션디자인 스토리텔링이 가능한 영역을 지정하여 기획과 디자인 프로세스를 통해 결과물을 도출한다. 디자인 결과물은 자신의 디자인을 기반으로 한 영상콘텐츠로서 학생 스스로 자신의 미학적 관점을 성장시키는 과정이다.
전체학년,1학기,1전선,HBQA0001,예술학부,공연예술제작,3,3,"공연예술을 직접 제작해봄으로써 공연 기획, 텍스트의 선택과 분석, 인물창조, 장면구성, 무대미술 표현, 리허설 등 공연예술 제작과정 전반의 경험을 쌓도록 한다"
전체학년,2학기,1전선,HBQA0002,예술학부,영상예술제작,3,3,"영상예술을 직접 기획하고 제작해봄으로써 영상기획, 영상예술의 선택과 분석, 영상 편집을 경험할 수 있음. 이 수업은 이미지 촬영의 이해,  영상예술의 표현 등 영상예술에 대한 이해를 중심으로 진행 됨."
1학년,1학기,1전선,HBIB1121,사진영상미디어전공,사진촬영Ⅰ,3,3,"사진촬영에 있어서 조명과 조명방법, 다양한 카메라의 사용방법과 효과, 그리고 디지털 카메라용 부가장비들의 사용에 따른 효과 등 사진촬영의 기본이 되는 기술을 습득한다."
1학년,1학기,1전선,HBIB4644,사진영상미디어전공,영상크리에이터Ⅰ,2,2,사진을 포함한 각종 영상매체의 역사적 발전 과정 등을 이해하고 산업적 영향력에 대한 가능성과 성과 등을 영역에 따라 분석함으로써 영상매체의 전반적인 지식을 익히는 개론 교과목
1학년,1학기,1전선,HBIM1011,사진영상미디어전공,아날로그&디지털컬러프린팅Ⅰ,3,3,"사진의 기초(촬영, 현상, 인화)와 암실의 체계적인 실습을 통한 개인의 사진 능력을 향상시키고, 디지털사진에 적합한 디지털 출력을 연구하여 우수한 컬리티의 사진출력물을 제작하는 과목이다."
1학년,2학기,1전선,HBIB1122,사진영상미디어전공,사진촬영Ⅱ,3,3,"사진촬영에 있어서 조명과 조명방법, 다양한 카메라의 사용방법과 효과, 그리고 디지털 카메라용 부가장비들의 사용에 따른 효과 등 사진촬영의 기본이 되는 기술을 습득한다."
1학년,2학기,1전선,HBIB2232,사진영상미디어전공,창의적 발상과 사진(PBL),3,3,"사진촬영에 있어 필수요소인 창의성을 기르고, 그것을 기초로 좀 더 나은 사진을 촬영 할 수 있도록 한다."
1학년,2학기,1전선,HBIB4633,사진영상미디어전공,아날로그&디지털컬러프린팅Ⅱ,3,3,아날로그 및 디지털 사진의 다양한 실습을 통하여 우수한 컬리티의 사진 출력물을 제작하는 과목이다.
1학년,2학기,1전선,HBIM1012,사진영상미디어전공,영상크리에이터Ⅱ,2,2,사진을 포함한 각종 영상매체의 역사적 발전 과정 등을 이해하고 산업적 영향력에 대한 가능성과 성과 등을 영역에 따라 분석함으로써 영상매체의 전반적인 지식을 익히는 개론 과목이다.
2학년,1학기,1전선,HBIB2141,사진영상미디어전공,사진의 진화론,3,3,"사진이 발명된 이래로 사진이라는 매체가 어떻게 발전되어 왔고, 그 과정에 미친 사회적, 문화적 영향 그리고 사진이 사회에 미친 영향 등을 세밀히 분석해서 학생들로 하여금 오늘날 한국사회에서 사진가로서 어떻게 나서야 할 것인가를 생각토록 한다."
2학년,1학기,1전선,HBIB2151,사진영상미디어전공,조명실기(PBL),3,3,"사진조명의 물리적 성질.사진조명의 원칙.사진조명의 광원.사진조명의 주요기자재, 자연광과 인공광에 의한 효과 등을 다룬다. 사진조명 기법에 대한 종합적인 이해와 단계적인 실습을 통해 상급과목을 위한 기초적 작업능력을 배양한다. 특히 디지털 장비의 특성과 아날로그 장비의 특성이 많이 다르기 때문에 디지털 장비를 위한 조명방법과 조명장비를 잘 선택해야만 한다. 이 수업에서는 기본적인 조명장비의 이론뿐만아니라, 각각의 환경에 맞는 조명의 사용법도 다루게 된다."
2학년,1학기,1전선,HBIB2182,사진영상미디어전공,중급디지털사진(PBL),3,3,디지털사진에 있어 가장 보편적으로 사용되고 있는 포토샵을 기본부터 배워나가는 강의입니다. 포토샵의 기본적인 툴과 메뉴들 그리고 팔레트 등을 익히고 차후 고급디지털사진실기에서 응용할 수 있는 기초지식의 습득이 목표입니다.
2학년,1학기,1전선,HBIB2192,사진영상미디어전공,영상미디어실기Ⅰ(PBL),3,3,디지털 동영상에 대한 이론과 기술습득을 통하여 새로운 영상매체의 시대와 사회에 합당한 사진가를 양성하는데 목적을 두고 있다. 예전의 아날로그 방식의 한계를 넘어서 디지털 장비의 장점을 활용.다양한 동영상 컨텐츠를 제작한다.
2학년,1학기,1전선,HBIB2201,사진영상미디어전공,사진과글,2,2,"이미지-읽기, 이미지-글쓰기를 통해서 사진과 텍스트에 대한 깊이 있는 해석과 예리한 분석으로 작업 표현 방법을 연구하는 교과목이다."
2학년,2학기,1전선,HBIB2222,사진영상미디어전공,다큐멘터리사진(PBL),3,3,다큐멘터리 사진의 이론과 실기를 익혀 졸업 후 그 지식을 활용 할수 있도록 한다.
2학년,2학기,1전선,HBIB4326,사진영상미디어전공,영상미디어실기Ⅱ(PBL),3,3,"마이크로미디어 플래쉬와 시디롬 타이틀 제작에 가장많이 사용되는 마이크로미디어 디렉터를 익혀 용도에 맞게 멀티미디어 콘텐츠를 제작하는 수업이다. 특히, 사진.그래픽.그리고 사운드를 사용하는 방법과 소프트웨어가 내장하고 있는 스크립트 언어를 공부하여 인터렉티브한 콘텐츠의 제작을 목적으로 한다."
2학년,2학기,1전선,HBIB4328,사진영상미디어전공,피플&포츄레이트 사진(PBL),3,3,기존의 전형적인 포츄레이트 사진 테크닉을 디지털 시대에 적합하도록 업그레이드 한 과목으로 디지털 장비를 활용하여 적합한 포츄레이트를 제작할 수 있는 능력을 기른다.
2학년,2학기,1전선,HBIB4636,사진영상미디어전공,사진교육론,2,2,"본 교과는 사진교육을 위한 기반 이론과 실제를 학습하여 사진교육의 기반을 확립하는데 그 목적이 있다. 사진의 본질에 대한 기본 이론에서부터 사진교육을 예술적, 인문학적, 사회학적으로 접근하고 시대의 변화에 빠르게 대응할 수 있는 능동적인 교육체계에 대한 개선책을 탐색한다. 이를 통해 사진교육의 우수한 지식과 안목을 확립학고 교육법의 이해도를 넓힌다."
2학년,2학기,1전선,HBIB4642,사진영상미디어전공,드론촬영실기,2,2,"현재 드론을 활용한 영상촬영은 여러 사진 분야에서 필수가 되어있다. 사진영상 전공자에게 체계적인 비행이론과 영상촬영에 필요한 무인항공 관련 법규를 이해하고 촬영 실습교육을 통하여 감각적이고 역동적인 앵글을 화면에 담을 수 있도록 시동, 이착륙, 수평비행, 선회비행 등의 조종기법과 운영요령을 학습한다."
3학년,1학기,1전심,HBIB3162,사진영상미디어전공,예술사진_실험 워크숍 (PBL),3,3,"순수사진의 여러 장르별 대표작가와 그들의 작품을 집중 연구하고, 주제에 관한 심도깊은 접근방법을 배움으로써 이를 자신의 작품제작에 이용할 수 있는 방법에 대한 연구를 한다"
3학년,1학기,1전심,HBIB3221,사진영상미디어전공,포토저널리즘(PBL),3,3,포토저널리즘의 다양한 촬영방법을 익히는 교과목이다. 포토저널리즘에서 필요한 필수적인 사진 테크닉을 가르치고 인터넷 전송과 포토샵과 이미지레디를 이용하여 인터넷 전송에 적합하도록 사진을 최적화 할 수 있는 능력과 웹출판에 필요한 기술을 가르친다.
3학년,1학기,1전심,HBIB3231,사진영상미디어전공,광고사진Ⅰ(PBL),3,3,"상업광고에 응용되는 기초 사진제작 방법을 습득시켜 광고사진 표현능력을 함양시키고 광고사진의 여러전문 매체별로 제작,표현방법을 숙지시켜 응용표현 할 수 있는 기법을 습득시킨다. 또한 디지털백과 디지털 카메라를 이용하여 인쇄출판용 사진을 촬영하는 테크닉과 온라인 서비스나 동영상제작을 위한 스틸이미지를 제작할 수 있는 능력을 강의하고 전자출판을 위한 사진을 최적화 시키는 방법을 다룬다."
3학년,1학기,1전선,HBIB3272,사진영상미디어전공,뉴미디어,3,3,"4차 산업혁명에 적합한 영상미디어 중심의 교육을 통하여 새로운 미디어에 대한 학습 효과 증대를 목표로 한다. 비대면 콘텐츠 개발, VR, AR을 접목한 실감콘텐츠 제작, 1인 미디어 방송 등과 같은 현장 수요형 수업을 중심으로 교육한다. 본 수업은 이론 중심의 수업에서 탈피하여 빠르게 변화하는 시대 요구형 실무 중심 수업으로서 이론 수업에서 충족되지 못한 현장 중심 실무형 수업으로 진행한다."
3학년,1학기,1전선,HBIB4637,사진영상미디어전공,"사진교수학습방법(유아,초등,중등,일반)",2,2,본 교과는 사진교수학습방법의 기초와 필요성을 이해하고 각각의 교육대상에 적합한 교수방법을 개발하는데 목적이 있다. 각 연령층에 적합한 난이도와 주제의 선정을 연구하고 단계적인 교육을 체계화하여 사진교육의 질을 높이는 방법을 모색한다. 또한 다양한 예술교육 프로그램의 사례를 연구하고 보완하여 이를 더욱 우수한 사진교수학습방법의 개발에 응용한다.
3학년,1학기,1전선,HBOA1018,사진영상미디어전공,1인미디어기획및제작(캡스톤디자인),3,3,"다큐, 광고, 실험영화, 공연용 영상, 뮤직비디오, 홍보물, 웹 콘텐츠 등 디지털 영상을 기반으로 하는 다양한 콘텐츠를 실제로 제작해본다. 각 콘텐츠의 차이와 공통점을 통해 디지털콘텐츠창작의 실제를 경험하고 학습한다."
3학년,2학기,1전심,HBIB3163,사진영상미디어전공,예술사진_융합 워크숍 (PBL),3,3,사진이 예술적 표현의 한 수단으로서 형성된 과정을 탐구하고 그렇게 학습된 탐구의 결과를 작품 제작에 접목하여 순수 사진 장르에 접근할 수 있도록 한다. 이 과정은 사진 매체가 예술적 도구로서 형성된 과정과 예술사적 의미에 대한 이론적 방식과 작품 제작이라는 실천적 방식을 통해서 이룰 수 있을 것으로 기대된다.
3학년,2학기,1전심,HBIB3222,사진영상미디어전공,비주얼저널리즘(PBL),3,3,포토저널리즘의 다양한 촬영방법을 익히는 교과목이다. 포토저널리즘에서 필요한 필수적인 사진 테크닉을 가르치고 인터넷 전송과 포토샵과 이미지레디를 이용하여 인터넷 전송에 적합하도록 사진을 최적화 할 수 있는 능력과 웹출판에 필요한 기술을 가르친다.
3학년,2학기,1전심,HBIB3232,사진영상미디어전공,광고사진Ⅱ(PBL),3,3,"상업광고에 응용되는 기초 사진제작 방법을 습득시켜 광고사진 표현능력을 함양시키고 광고사진의 여러전문 매체별로 제작,표현방법을 숙지시켜 응용표현 할 수 있는 기법을 습득시킨다. 또한 디지털백과 디지털 카메라를 이용하여 인쇄출판용 사진을 촬영하는 테크닉과 온라인 서비스나 동영상제작을 위한 스틸이미지를 제작할 수 있는 능력을 강의하고 전자출판을 위한 사진을 최적화 시키는 방법을 다룬다."
3학년,2학기,1전심,HBIB4331,사진영상미디어전공,고급디지털사진(PBL),3,3,초급.중급 디지털 사진실기에서 습득한 지식을 바탕으로 하여 좀 더 수준 높은 포토샵테크닉과 함께 사진이 응용된 디지털 콘텐츠인 가상현실의 구현. 초대형 사진. 입체사진 등을 제작하는 수업이다.
3학년,2학기,1전선,HBIB4638,사진영상미디어전공,사진교수학습프로그램개발,2,2,사진교과가 지닌 특징과 개성을 이해하고 창의적인 교재구성 및 교육 프로그램의 개발을 목표로 한다. 사진교수학습에 적합한 프로그램을 활용함으로써 사진교과의 실습 및 이론을 효과적으로 교수할 수 있는 바탕을 마련할 뿐만 아니라 전문교과에 대한 지도력을 키우고 경쟁력을 확보한다. 이러한 과정은 사진교수학습의 효율을 높일 수 있고 문화예술교육사로서의 기본 지식과 역량을 갖추는데 반드시 필요한 과정이다.
4학년,1학기,1전선,HBIB4291,사진영상미디어전공,작품사진실기Ⅰ(PBL),3,3,1.2.3.4학년을 총 마무리하는 수업으로 이제까지의 작업을 정리하고 부족한 부분을 보충함과 동시에 자신의 새로운 주제를 선정하여 집중적으로 작업을 진행함으로써 졸업전시회를 대비한다.
4학년,1학기,1전선,HBIB4646,사진영상미디어전공,광고사진프로젝트Ⅰ(PBL),3,3,광고사진 작품 제작에 대하여 학생 개개인들이 스스로 연구하고 생각한다. 표현하고자 하는 작품들의 개인적인 컨셉과 창조적인 표현 능력을 단계적으로 진보 발전할 수 있게 교육한다.
4학년,1학기,1전선,HBIB4648,사진영상미디어전공,예술사진 프로젝트Ⅰ(캡스톤디자인),3,3,"본 교과목은 학생이 3학년까지 수강한 다양한 수업을 통해 자신이 발견하고 구축한 창의력과 기술력을 기반으로, 예술(Art), 비즈니스(Business), 문화(Culture)가 상호적으로 교류하는 영역에서 통용되는 예술 사진 프로젝트를 기획하고 실현하는 데 중점을 둔다. 이를 위해, 학생 스스로가 자신의 잠재력과 가능성을 발휘할 수 있는 학문적 탐구와 예술 작품을 진행하여 예술 현장에서 통용되는 우수한 콘텐츠와 전문성을 확보한 포트폴리오를 구성하도록 한다."
4학년,2학기,1전선,HBIB4142,사진영상미디어전공,커리어매니지먼트(PBL),3,3,사진가로서의 활동에 필요한 마케팅 기법과 예술경영 이론의 기초를 확립하는 교과목이다.
4학년,2학기,1전심,HBIB4292,사진영상미디어전공,작품사진실기Ⅱ(PBL),3,3,1.2.3.4학년을 총 마무리하는 수업으로 이제까지의 작업을 정리하고 부족한 부분을 보충함과 동시에 자신의 새로운 주제를 선정하여 집중적으로 작업을 진행함으로써 졸업전시회를 대비한다. 이러한 전 과정을 실습 한 후 현대사회가 요구하는 사진가로 성장한다.
4학년,2학기,1전선,HBIB4647,사진영상미디어전공,광고사진프로젝트Ⅱ(PBL),3,3,"광고사진에 적합한 주제선정, 촬영지도, 사진출력, 촬영결과물 발표(비평) 및 포트폴리오 제작으로 활용한다. 이를 바탕으로 학생 개개인이 스스로 본인들의 광고사진 작품을 독창적으로 완성도를 높이기 위해 다양하고 심도 깊은 연구에 집중한다."
4학년,2학기,1전선,HBIB4649,사진영상미디어전공,예술사진 프로젝트 Ⅱ,3,3,"본 과목은 학생들이 예술분야와 관련하여 국가, 기업, 재단, 개인 사업체 등 예술과 문화 현장의 지원 및 공모 프로그램을 분야, 내용, 형식으로 면밀히 조사하고, 이를 바탕으로 <예술사진 프로젝트 Ⅰ>에서 제작한 포트폴리오를 점검 및 보완하여 다양한 실천으로 경험하도록 한다. 이를 통해 다양한 분야에서 전문성과 창의성을 발휘할 수 있는 예비 예술인으로서의 실질적인 역량을 구축 하도록 한다."
4학년,2학기,1전선,HBOA1022,사진영상미디어전공,AR&VR콘텐츠,3,3,"360° 영상을 활용한 Virtual Reality 콘텐츠 제작 과정을 통해 360°카메라의 이해, 360° 콘텐츠의 이해와 360°카메라 촬영과 편집을 통한 포트폴리오 제작을 한다. 
 VR 콘텐츠의 이해와 현장 전문가와의  팀티칭 프로그램을 통한 콘텐츠 제작 과정의 이해를 목표로 한다."
전체학년,1학기,교필,HBRA1011,사진영상미디어전공,사회봉사(사진영상미디어전공),1,1,사회봉사에 대한 기초적인 지식을 갖추고 이를 바탕으로 사회복지시설 및 기관등에서 직접 사회봉사를 실천하도록 한다. 이러한 과정을 통해 사회봉사 활동과 관련된 우리 사회의 문제를 경험하며 개선방안을 모색해보는 기회를 갖는다.
전체학년,1학기,1전선,HBQA0001,예술학부,공연예술제작,3,3,"공연예술을 직접 제작해봄으로써 공연 기획, 텍스트의 선택과 분석, 인물창조, 장면구성, 무대미술 표현, 리허설 등 공연예술 제작과정 전반의 경험을 쌓도록 한다"
전체학년,2학기,1전선,HBQA0002,예술학부,영상예술제작,3,3,"영상예술을 직접 기획하고 제작해봄으로써 영상기획, 영상예술의 선택과 분석, 영상 편집을 경험할 수 있음. 이 수업은 이미지 촬영의 이해,  영상예술의 표현 등 영상예술에 대한 이해를 중심으로 진행 됨."
1학년,1학기,1전선,HBKG0036,디지털만화영상전공,CG기초(SW),3,3,"시각예술의 보편적인 저작 도구이자 방법인 컴퓨터그래픽에 대한 기초 이론과 툴을 교육한다. 이를 통해 만화, 애니메이션 그리고 게임분야에서 필요한 비트맵과 벡터 그래픽의 활용기법을 익힌다."
1학년,1학기,1전선,HBKJ0001,디지털만화영상전공,만화애니메이션드로잉,3,3,만화와 애니메이션에 내재된 회화적 요소를 파악하고 회화의 조형성과 방법적 접근을 통하여 시지각의 능력을 확장하고 독창적이고도 안정적인 시각예술 활동을 할 수 있는 능력의 기초를 연마한다.
1학년,1학기,1전선,HBKJ0035,디지털만화영상전공,만화애니메이션기초,3,3,"만화의 기본이 되는 칸 나누기, 면 나누기를 이해하고, 이야기의 구성방식 등을 익힌다. 한칸, 네칸만화를 중심으로 기본적인 만화의 수사법을 익혀 발상에서 만화의 완성까지의 제작방식을 습득한다. 

애니메이션의 12가지 법칙, 물리적인 운동법칙, 커뮤니케이션 테크닉에 대해 2D 애니메이션 제작 프로그램인 Toonboom과 TV paint를 통한 학습을 한다."
1학년,1학기,1전선,HBKJ0036,디지털만화영상전공,만화애니메이션캐릭터워크샵,3,3,"만화나 애니메이션에 등장하는 캐릭터를 제작하고 이를 위해 인물드로잉, 캐리 커쳐 등 다양한 방법을 익힌다. 인물 데생능력과 과장, 스토리에 맞는 캐릭터를 제작하는 실기수업"
1학년,2학기,1전선,HBKJ0038,디지털만화영상전공,만화애니메이션페인팅,3,3,"만화창작에 필요한 인체와 배경등 묘사능력을 향상시키고, 채색 능력을 키운다. 아날로그와 디지털 채색을 익힐 수 있도록 한다."
1학년,2학기,1전선,HBKJ0061,디지털만화영상전공,3D애니메이션Ⅰ,3,3,본 과목에서는 3D 애니메이션 제작 도구의 사용법과 기본적인 인체 및 두상 구조에 대한 형태감각 습득을 통해 인체 캐릭터 모델링 능력을 배운다.
1학년,2학기,1전선,HBKJ0062,디지털만화영상전공,만화·웹툰아이디어발상,3,3,"이야기를 유연하게 시각화할 수 있도록 아이디어 발상 훈련을 통해 컨셉 도출 능력을 키우고, 다양한 수사법을 익힘으로써 자유롭게 표현할 수 있는 스토리 구성능력과 연출방법을 함양한다."
1학년,2학기,1전선,HBKJ0063,디지털만화영상전공,창의적아이디어발상,3,3,"이야기를 시각적으로 효과적으로 전달하기 위한 기술을 습득하는 것을 목표로 한다. 창의적인 아이디어 발상 방법을 통해 개념을 개발하고, 다양한 일러스트레이션 기법과 만화 스타일을 배우며 자신만의 독창적인 스토리를 시각화하는 법을 익힌다. 이 과정에서 다양한 수사학을 통해 표현의 자유와 함께 만화적 요소들을 효과적으로 활용하는 방법을 배우면서 자신만의 이야기를 독특하고 매력적으로 구현할 수 있는 능력을 함양한다."
1학년,2학기,1전선,HBKJ0064,디지털만화영상전공,카툰창작실기,3,3,"풍자, 유머, 카툰을 중심으로 비유, 대조, 은유, 환원 등 다양한 만화적 ‘수사법’을 익힌다. 또한 다양한 재료를 이용하여 독자적인 자신의 카툰세계를 개척해 갈 수 있는 작화능력과 아이디어 발상력을 높인다."
1학년,2학기,1전선,HBKJ0065,디지털만화영상전공,애니메이션스토리텔링,3,3,본 수업에서는 애니메이션에 적합한 스토리텔링 방법을 연구한다.
1학년,2학기,1전선,HBKJ0086,디지털만화영상전공,디지털영상편집기초,3,3,"영상언어의 문법과 미학, 기술적 특성의 이해를 바탕으로 다양한 장르와 표현양식을 탐색한다. 이를 기반으로 만화, 애니메이션, 게임 영상의 표현 기법을 비교 분석하며 학습한다. 또한 영상문법연출과 더불어 입체제작툴을 통해 캐릭터의 기본적인 인체구조와 얼굴형에 대한 형태감각을 체득하여 인체형 캐릭터 모델링을 구현해본다."
1학년,2학기,1전선,HBKJ0101,디지털만화영상전공,애니메이션아이디어발상,3,3,"이야기를 유연하게 시각화할 수 있도록 아이디어 발상 훈련을 통해 컨셉 도출 능력을 키우고, 다양한 수사법을 익힘으로써 자유롭게 표현할 수 있는 스토리 구성능력과 연출방법을 함양한다."
2학년,1학기,1전선,HBKG0038,디지털만화영상전공,스토리텔링워크샵,3,3,"웹기반의 이야기, 하이퍼텍스트, 컴퓨터 게임 등 다양한 디지털 미디어 기반의 내러티브 구조를 대상으로 성공적인 기존의 스토리텔링과 게임의 인터랙티브 요소를 결합하기 위한 방법론을 학습한다."
2학년,1학기,1전선,HBKG0045,디지털만화영상전공,만화·애니메이션교육론,2,2,"만화 애니메이션 교육 전반에 대한 패러다임을 이해하고, 교육의 제 원리를 파악하여 만화?애니메이션 교육의 목적과 필요성 등에 대한 안목을 형성한다. 현장의 만화?애니메이션 교육 자료를 분석하고 교육소재로서의 가능성과 가치를 알아본다."
2학년,1학기,1전선,HBKJ0066,디지털만화영상전공,만화·웹툰그래픽스Ⅰ,3,3,본 수업은 만화·웹툰 제작에 필요한 장면연출에서의 구도와 앵글 등 그래픽적 표현기법을 익힌다.
2학년,1학기,1전선,HBKJ0067,디지털만화영상전공,3D애니메이션Ⅱ,3,3,본 과목에서는 3D 애니메이션의 종류와 대표적인 기법을 배움으로써 캐릭터 애니메이션과 모션그래픽 그리고 특수효과 VFX 등과같은 CDR에 부합되는 애니메이션의 세부전공영역으로 진입하도록 도움을 준다.
2학년,1학기,1전선,HBKJ0068,디지털만화영상전공,만화·웹툰테크닉,3,3,"만화·웹툰의 창의적이고 독창적인 표현을 위해 칸, 면 나누기와 단 구성 등 만화연출의 다양한 이론적 이해와 실습을 한다."
2학년,1학기,1전선,HBKJ0069,디지털만화영상전공,캐릭터애니메이션테크닉,3,3,"캐릭터애니메이션 테크닉은 캐릭터애니메이션을 연출하기 위하여 선행되는 학습내용과 더불어 필수적으로 요구되는 주요한 동작의 원칙과 포즈, 체스쳐 등 을 체득하도록 교육내용을 제공한다, 더 나아가 캐릭터의 감정을 표현하는 테크닉 과정까지를 포함한다."
2학년,1학기,1전선,HBKJ0070,디지털만화영상전공,스토리워크샵,3,3,본 수업에서는 초기 단계의 아이디어를 스토리로 만드는 방법에 대해 연습한다.
2학년,1학기,1전선,HBKJ0071,디지털만화영상전공,실험만화·웹툰워크샵,3,3,"실험 만화를 제작하기 위한 내용으로 구성하여, 만화 창작에 필요한 이론과 기술을 익힌다. 실습을 통해 자신만의 오리지널 만화 원고를 직접 제작하고 완성할 수 있는 것을 목표로 한다. 자본에서 독립한 독립만화, 다양한 상상을 마음껏 펼치는 다양성 만화를 제작하는 수업이다. 상업 작품이 아닌 독특한 자기만의 작품을 제작하는 창의적인 실기 수업.  짧은 분량의 원고와 단편 분량의 실험만화 원고를 제작 할 수 있도록 한다."
2학년,1학기,1전선,HBKJ0073,디지털만화영상전공,실험콘텐츠제작워크샵,3,3,만화 애니메이션 콘텐츠의 실험적 접근을 통해 개성을 담아낸 작품을 만드는 과정을 모색한다. 전통적 방법과 현대적인 기술을 결합하고 다양한 테크닉을 활용하여 독창적이고 창의적인 작품을 제작하는데 중점을 둔다.
2학년,1학기,1전선,HBKJ0104,디지털만화영상전공,모션그래픽스,3,3,모션그래픽의 역사를 배경으로 전반적인 지식을 습득하여 움직이는 비주얼커뮤니케이션의 표현 방법을 학습한다.
2학년,2학기,1전선,HBKH0048,디지털만화영상전공,만화·애니메이션교수학습방법,2,2,"본 교과는 문화예술교육사가 학습자 연령대에 맞게 만화?애니메이션교육을 지도할 수 있도록 하는데 목적이 있다. 이를 위하여 만화ㆍ애니메이션교육 내용을 각 대상별 행동, 인지, 발달 및 동기적 측면에서 구분하여 살펴보고, 교수 이론 및 학습 이론에 근거하여 동기 유발 방법, 활동 전략, 실기 지도법, 교재ㆍ교구 활용 방법, 평가 방법 등에 관해 학습한다. 그리고 이를 토대로 효과적인 교수법과 교수학습 모형의 이해와 교수학습 과정안 작성과 발표를 통해 실제적인 만화?애니메이션교육 지도 능력을 갖추도록 한다."
2학년,2학기,1전선,HBKJ0043,디지털만화영상전공,표현기법워크샵,3,3,"실생활에 응용할 수 있는 정보와 지식, 홍보 등을 쉽고 재미있게 담은 만화 영역으로 기획에서 취재, 자료수집, 스토리텔링, 작화에 이르기까지 이론적 이해와 실습을 한다.

게임과 카툰애니메이션은 서로 다른 종류의 애니메이션이 아니라 타이밍과 스페이싱의 변화에 의한 애니메이팅의 차이에 따른 결과물의 다른 양상이라는 것을 이해하고, 캐릭터의 연기력과 표현력이 장면연출에 미치는 영향에 대해 수업하는 교과목."
2학년,2학기,1전선,HBKJ0045,디지털만화영상전공,콘텐츠기획&제작,3,3,만화의 캐릭터와 스토리텔링을 활용하여 다양한 만화콘텐츠를 제작한다. 입체적인 작품도 만들고 SNS에서 구현 할 수 있는 다양한 상품 및 작품을 생산한다.
2학년,2학기,1전선,HBKJ0074,디지털만화영상전공,만화·웹툰그래픽스Ⅱ,3,3,"만화·웹툰의 기본이 되는 단어, 장르, 전문용어등 기본개념을 배운다. 웹툰의 로그라인,4단구성 줄거리, 플롯잡기, 20단계 스토리표 등을 이해하고 스토리텔링방식을 익힌다. 단편 만화, 단편 웹툰의 스토리를 직접 구성하고 집필하는 실기 수업이다."
2학년,2학기,1전선,HBKJ0075,디지털만화영상전공,3D애니메이션Ⅲ,3,3,본 교과는 캐릭터 리깅을 중심으로 모션그래픽에서도 필요한 기법까지 다루며 전문상용툴과 더불어 범용툴까지의 활용 예를 알아본다. 나아가 다양한 캐릭터 셋업을 위한 보조적인 의상제작툴의 활용까지 교육한다.
2학년,2학기,1전선,HBKJ0076,디지털만화영상전공,애니메이션컨셉아트,3,3,본 수업에서는 컨셉아트라고 불리는 애니메이션 제작에 필요한 시각 요소의 개발과정에 대해 공부한다.
2학년,2학기,1전선,HBKJ0077,디지털만화영상전공,게임제작과 컨셉아트,3,3,게임의 역사와 특성 그리고 게임제작프로세스와 같은 게임제작을 위한 다양한 이론을 학습하고 게임 컨셉을 시각화 할 수 있는 방법론을 익히고 실습한다.
2학년,2학기,1전선,HBKJ0078,디지털만화영상전공,만화·웹툰기획&제작,3,3,만화의 캐릭터와 스토리텔링을 활용하여 다양한 만화콘텐츠를 제작한다. 입체적인 작품도 만들고 SNS에서 구현 할 수 있는 다양한 상품 및 작품을 생산한다.
2학년,2학기,1전선,HBKJ0088,디지털만화영상전공,콘텐츠그래픽스,3,3,만화애니메이션의 전공심화를 위한 필요한 주요 테크닉과 제작툴의 사용법을 중급이상의 난이도와 전문적인 내용을 체득하여 모션그래픽과 같은 다양한 만화애니메이션 매체의 제작품질을 높이도록 활용하게 한다.
2학년,2학기,1전선,HBOA1019,디지털만화영상전공,비쥬얼스토리텔링,3,3,"이 교과목은 내러티브와 플롯의 구조를 공부하고, 이를 토대로 새로운 형식의 이야기 구조를 창작하는 것을 목표로 한다. 동시대에 미디어 계통뿐 아니라 대다수의 비지니스 분야에서 요구되는 창의적 사고, 창의적 이야기는 새로운 산업을 창출하고 미래의 인간의 삶의 구조를 형성할 것이다. 이 교과목은 공연, 애니메이션, 영상, 광고, 강연등의 분야와 연계된 교육 프로그램을 제공한다."
3학년,1학기,1전선,HBKH0049,디지털만화영상전공,만화·애니메이션교육교재교구개발및활용,2,2,"본 교과는 만화ㆍ애니메이션 수업에서 학습자의 만화ㆍ애니메이션 학습을 지원하는 다양한 교재와 교구를 활용할 수 있도록 하여 학습자의 수업 만족도와 학습 효과를 높이는데 목적이 있다. 이를 위하여 기본적인 만화ㆍ애니메이션교육 관련 교재와 교구, 교육 자료 등을 연구하고 분석하여 실제로 활용해 보도록 한다. 또한 각 만화ㆍ애니메이션교육 교재와 교구에 따른 지도 및 활용법을 학습하고 새로운 교육 방법론의 관점에서 창의적이고 새로운 교재와 교구를 개발 및 제작할 수 있는 능력을 형성 한다."
3학년,1학기,1전심,HBKJ0079,디지털만화영상전공,애니메이션프리프러덕션,3,3,본 교과는 애니메이션 영상물과 졸업 애니메이션 제작에 요구되는 학생 개인별 맟춤형 분석을 통해 전문분야로의 전망뿐 아니라 기획 및 사전제작에 대한 정확한 실천적 가이드를 제공한다. 더불어 졸업과 이후 취업에 이르는 전망을 계획하고 실행하도록 도와주는 교과프로그램이다.
3학년,1학기,1전심,HBKJ0080,디지털만화영상전공,만화·웹툰스토리제작워크샵,3,3,이야기 구조를 갖고 있는 여러 장르 선행연구를 학습함으로써 이야기 구성원리와 구조를 이해한다. 만화?웹툰의 이야기 구조를 갖고 있는 여러 장르의 선행연구를 학습시킴으로써 이야기 구성 원리와 구조를 이해시킨다.
3학년,1학기,1전선,HBKJ0081,디지털만화영상전공,만화·웹툰일러스트레이션,3,3,"만화·웹툰의 기본이 되는 칸 나누기, 면 나누기를 이해하고, 이야기의 구성방식을 활용한웹툰 표지와 일러스트를 제작하는 수업.  만화의 수사법을 활용하여 웹툰의 표지, 캐릭터시트, 색감, 장르물 소설을 일러스트레이션으로 완성까지의 제작방식을 습득한다."
3학년,1학기,1전심,HBKJ0089,디지털만화영상전공,콘텐츠일러스트레이션,3,3,일러스트레이션을 위한 다양한 시각적 표현 방식과 창의적인 예술 요소를 학습한다. 여러 매체에서 효과적으로 이야기를 전달하기 위해 창작 일러스트레이션의 기초와 함께 만화 요소를 활용한 스타일 개발법을 익힌다.
3학년,1학기,1전심,HBKJ0105,디지털만화영상전공,3D모델링,3,3,"3차원 컴퓨터 그래픽의 기본 개념(Concept & Terminology)을 이해하고, 3차원 모델링 제작에 대한 기초적인 기술(Technical Issues)을 툴 교육을 통해 익힌다."
3학년,1학기,1전심,HBKJ0106,디지털만화영상전공,실험애니메이션워크샵,3,3,본 수업은 실험적 애니메이션 창작을 목표로 한다. 이를 위해 다양한 미디어 기술들을 애니메이션에 적용하여 애니메이션의 새로운 표현을 모색한다.
3학년,2학기,1전심,HBKJ0019,디지털만화영상전공,만화애니메이션워크샵Ⅰ,3,3,단편 만화와 실험애니메이션의 기획을 바탕으로 이야기구조와 표현에 대한 분석 및 세부적 테크닉한 부분에 대한 워크샵을 통해 창작단편을 제작하고 연구한다.
3학년,2학기,1전심,HBKJ0050,디지털만화영상전공,캐릭터연출워크샵,3,3,"웹툰 제작 전반을 워크샵을 통해 제작 실습한다.

단편 스토리를 만들기위한, 만화 애니메이션안에서 등장 캐릭터들의 설정방식, 캐릭터의 외적 내적 표현을 위한 스토리 연출과 감정표현 방식에 대한 수업."
3학년,2학기,1전심,HBKJ0051,디지털만화영상전공,영상게임디자인,3,3,인터랙티브 스토리텔링의 기초 이론과 게임 디자인을 심화한다. 이를 바탕으로 게임엔진과 연계하여 뉴미디어 기반의 콘텐츠를 개발한다.
3학년,2학기,1전심,HBKJ0052,디지털만화영상전공,장르만화,3,3,장르만화에서부터 그래픽 노블에 이르기 까지 실제 작품을 제작한다. 기본적인 캐릭터 제작능력과 이야기구성능력을 필요로 하는 수업.
4학년,1학기,1전선,HBKG0046,디지털만화영상전공,만화·애니메이션기획제작및시연,2,2,"기획, 제작 및 시연은 문화예술교육에 있어 학습자의 인지적, 정서적, 사회적 발달을 돕는 효과적인 교육 기회를 제공한다. 본 교과목에서는 자신의 전공 예술분야에 맞는 일정 유형의 시연을 위해 기획 및 제작하는 데 필요한 전체 프로세스의 이해 . 작성 및 발표를 통해 문화예술교육사로서의 준비과정의 하나로 이를 교육과 접목하여 실행할 수 있도록 기본 지식과 역량을 갖출 필요가 있다."
4학년,1학기,1전심,HBKJ0021,디지털만화영상전공,졸업작품Ⅰ(PBL),3,3,"본 수업에서는 만화, 애니메이션 형식의 졸업작품 제작과정을 진행하고 발전시킨다."
4학년,1학기,1전심,HBKJ0026,디지털만화영상전공,캡스톤디자인,3,3,"만화애니메이션을 기반으로 한 창의적 융합학문과 산업 현장에서 활용 가치가 있는 창의적 설계 및 작품(문화콘텐츠산업분야)을 결과물로 만들어 내는 수업으로, 기획부터 완제품의 출시까지 전 과정을 실습한다."
4학년,1학기,1전심,HBKJ0053,디지털만화영상전공,프로덕션,3,3,"게임, 애니메이션과 같은 콘텐츠의 프리프로덕션과 프로덕션 제작과정을 점검하고 진행한다."
4학년,2학기,1전심,HBKJ0025,디지털만화영상전공,졸업작품Ⅱ,2,2,"본 수업에서는 만화, 애니메이션 형식의 졸업작품 제작과정을 진행하고 발전시킨다."
4학년,2학기,1전심,HBKJ0030,디지털만화영상전공,포트폴리오,2,2,"졸업 후 취업이나 진학 또는 프리랜서 작가 또는 감독으로 활동하기 위하여, 갖추어야 할 포트폴리오 제작 방법과 프리젠테이션 기법을 지도한다. 기존 제작물의 수정, 보완 , 이력서 , 자기소개서, 포트폴리오의 포맷과 레이아웃 개발이 주요테마 이다."
4학년,2학기,1전선,HBKJ0031,디지털만화영상전공,만화·애니메이션 교육프로그램 개발,2,2,"본 교과목은 다양한 만화·애니메이션 교수학습모형에 대한 이해 기반으로 만화·애니메이션교육에 효과적인 교수학습 전략을 활용하면서 문화예술교육 패러다임에 적합한 만화·애니메이션 교육프로그램을 개발할 수 있는 기본 역량을 기르기 위한 과목이다. 이를 위해 교육프로그램 개발의 원리와 방법을 살펴보고 만화·애니메이션 지도영역별 특징과 교육대상별 차이에 대한 이해를 토대로 교재교구 사용의 중요성 등을 파악할 수 있도록 한다. 또한 수업지도안을 작성하고 시연 발표, 수정, 보완의 과정을 거쳐 실제 만화·애니메이션교육프로그램을 실시해 볼 수 있도록 한다. 따라서 본 교과목은 교육프로그램 개발을 위한 이론적 기초를 토대로 만화·애니메이션 분야 문화예술교육사로서 전문적인 만화·애니메이션 교수역량을 높이는 데 중점을 둔다."
4학년,2학기,1전심,HBKJ0054,디지털만화영상전공,포스트프로덕션,2,2,게임 콘텐츠와 애니메이션 형식의 졸업작품의 후반작업을 진행하여 완성구조와 시각적 마감 품질을 높인다.
전체학년,1학기,1전선,HBQA0001,예술학부,공연예술제작,3,3,"공연예술을 직접 제작해봄으로써 공연 기획, 텍스트의 선택과 분석, 인물창조, 장면구성, 무대미술 표현, 리허설 등 공연예술 제작과정 전반의 경험을 쌓도록 한다"
전체학년,2학기,1전선,HBQA0002,예술학부,영상예술제작,3,3,"영상예술을 직접 기획하고 제작해봄으로써 영상기획, 영상예술의 선택과 분석, 영상 편집을 경험할 수 있음. 이 수업은 이미지 촬영의 이해,  영상예술의 표현 등 영상예술에 대한 이해를 중심으로 진행 됨."
1학년,1학기,1전선,HBKE0001,문화예술경영전공,문화예술경영학개론,3,3,"예술경영에 필요한 문화경제이론과 경영이론, 마케팅에 대해 연구하고 예술경영의 사례연구를 통해 예술경영의 문제점과 대안을 제시한다."
1학년,1학기,1전선,HBKE0023,문화예술경영전공,문화예술교육론,3,3,"이 과목은 문화예술교육의 사회적·철학적 배경을 바탕으로 한 개념, 대상과 영역, 교육실행의 다양한 방법과 평가, 국내외 문화예술교육정책과 지원제도, 학교와 커뮤니티의 다양한 현장사례 등을 토대로 문화예술경영 현장에서 행정가 혹은 교육자로서 요구되어지는 문화예술교육의 기초적인 이해를 습득한다."
1학년,1학기,1전선,HBKE0053,문화예술경영전공,공연예술개론,3,3,"공연예술의 정의와 종류, 특성과 양식등을 공연예술의 장르별로 이해해보고, 고대부터 현대의 공연예술의 역사와 흐름, 세계적 동향등을 학습해 본다. 세부적으로 공연예술의 구조 및 제반상태와 문제점등의 분석을 통해 미래의 공연예술을 전망해본다."
1학년,1학기,1전선,HBKE0060,문화예술경영전공,시각예술이론과역사,3,3,"시각예술을 구성하는 여러 요소들을 이해하고, 이에 따라 시각예술의 역사와 흐름, 세계적 동향 등을 학습한다. 세부적으로는 시각예술의 구조 및 역사에서부터 실제 제반 상태와 문제점등의 분석을 통해 미래의 시각예술을 전망해본다."
1학년,2학기,1전선,HBKE0009,문화예술경영전공,창조도시와문화재생,3,3,"문화를 통해 낙후된 지역을 반전시키는 문화도시, 창조도시 개념을 이해하고 유럽, 미국, 아시아 등의 다양한 문화도시 사례를 연구한다."
1학년,2학기,1전선,HBKE0041,문화예술경영전공,공연예술경영론,3,3,"공연예술경영론은 공연예술경영 형성의 역사와 흐름을 이해하며, 공연예술경영의 학문적 근거를 학습함을 목적으로 한다. 또한 공연예술작품의 기획 과정을 이해함으로써 공연예술작품의 질적 경쟁력을 높이고, 공연예술의 기획, 홍보, 마케팅에 대한 단계별 이해와 총체적 운영을 학습하고, 다양한 사례를 통해 공연예술경영의 총체적 방식을 익히고, 과정별 실무를 습득한다. 이를 통해 21세기 공연예술경영이 지향하는 통합적 방법론을 학습하게 된다."
1학년,2학기,1전선,HBKE0054,문화예술경영전공,시각예술경영론,3,3,"시각예술경영론은 시각예술경영 형성의 역사와 흐름을 이해하며, 시각예술경영의 학문적 근거연구를 통하여 시각예술작품과 작가분석을 통해 기획 과정을 학습한다. 시각예술의 기획, 홍보, 마케팅에 대한 단계별 이해와 총체적 운영, 다양한 사례를 통해 시각예술경영의 총체적 방식을 익히고, 과정별 실무를 습득한다. 이를 통해 21세기 시각예술경영이 지향하는 융합적 방법론을 학습하게 된다."
2학년,1학기,1전선,HBKE0003,문화예술경영전공,지역사회와축제경영,3,3,축제의 원형과 유형을 고찰하고 축제를 통해 공동체와 지역사회의 현대적 의미를 연구하며 문화예술 관련 지역축제를 조사함으로써 축제 기획과 제작에 필요한 이론과 실무를 배운다.
2학년,1학기,1전선,HBKE0039,문화예술경영전공,박물관미술관경영,3,3,"뮤지올로지에 기초하여 수집, 보존, 연구, 전시, 교육, 교류 등 박물관미술관의 다양한 기능을 이해하고 박물관 미술관의 전시기획, 홍보마케팅, 재원조성, 문화상품개발 등에 필요한 이론과 실무를 배운다."
2학년,1학기,1전선,HBKE0040,문화예술경영전공,문화예술재원조성,3,3,"개인기부, 기업지원, 공공지원 등을 통해 문화예술단체가 문화예술활동에 필요한 재원을 조성하는 사례를 조사하고 효과적인 재원조성 전략과 방법론을 연구한다."
2학년,1학기,1전선,HBKE0055,문화예술경영전공,공연기획실습1,3,3,"공연을 실제로 기획, 실행, 평가해봄으로써 문화예술기획경영에 필요한 실무역량과 현장 적응력을 바탕으로 활용할 수 있게 한다."
2학년,1학기,1전선,HBKE0062,문화예술경영전공,전시기획실습2,3,3,"전시를 실제로 기획, 실행, 평가해봄으로써 문화예술기획경영에 필요한 실무역량과 현장 적응력을 심화한다."
2학년,2학기,1전선,HBKE0012,문화예술경영전공,공연장경영,3,3,공연예술기관 경영에 관한 이론 및 실무 지식의 습득을 기반으로 공연장 경영과 관련된 다양한 이슈들을 분석하고 탐구한다.
2학년,2학기,1전선,HBKE0016,문화예술경영전공,문화콘텐츠경영,3,3,"방송, 영화, 만화, 대중음악, 게임 등 문화콘텐츠 시장에서 성공한 기업들을 살펴보고 이들이 국내외 시장에서 성공하기 위한 비즈니스 전략을 배운다."
2학년,2학기,1전심,HBKE0049,문화예술경영전공,엔터테인먼트경영,3,3,"미술가, 배우, 가수 등 문화예술가의 전시 및 공연섭외, 계략, 저작권 관리, 후원인 관리 등 예술가와 엔터테인먼트 매니지먼트 업무를 배운다."
2학년,2학기,1전선,HBKE0069,문화예술경영전공,문화예술비영리단체경영,3,3,"문화예술분야 비영리 단체(지역문화재단, 사회적기업, 협동조합 등)에 대해 이해하고, 다양한 사례분석을 통해 경영에 대한 체계적 연구를 수행하고자 한다."
3학년,1학기,1전심,HBKE0022,문화예술경영전공,문화예술정책론,3,3,"문학, 시각예술, 공연예술 등의 창작, 보급, 향유를 확대하기 위한 정부의 문화예술정책을 분석하고, 외국의 문화예술 정책 사례와 비교 연구함으로써 문화예술진흥 정책의 대안을 모색한다."
3학년,1학기,1전심,HBKE0047,문화예술경영전공,문화예술기획(PBL),3,3,"어린이, 학생, 노인, 장애인 등 다양한 계층을 대상으로 시각예술, 공연예술, 문화산업 관련 프로그램을 기획해 본다."
3학년,1학기,1전선,HBOA1018,문화예술경영전공,1인미디어기획및제작(캡스톤디자인),3,3,"다큐, 광고, 실험영화, 공연용 영상, 뮤직비디오, 홍보물, 웹 콘텐츠 등 디지털 영상을 기반으로 하는 다양한 콘텐츠를 실제로 제작해본다. 각 콘텐츠의 차이와 공통점을 통해 디지털콘텐츠창작의 실제를 경험하고 학습한다."
3학년,2학기,1전심,HBKE0026,문화예술경영전공,문화법,3,3,"문화예술의 창작, 유통, 소비와 관련된 다양한 문화법에 대해 이해하고 문화법 중에서 날로 중요성을 더해가는 저작권에 대한 이해를 바탕으로 분야별 저작권 적용 사례를 배운다."
3학년,2학기,1전심,HBKE0027,문화예술경영전공,문화예술기획(캡스톤디자인),3,3,"팀을 구성하여 주어진 주제를 중심으로 계획, 실행, 평가에 이르기까지 팀 스스로 수행해내는 과제로 기초적인 수준의 마케팅 기획, 전시/공연 제작 등을 수행할 수 있다."
3학년,2학기,1전심,HBKE0046,문화예술경영전공,문화전략,3,3,"지역사회에 필요한 신규 문화시설이나 단체의 설립계획 수립, 새로운 환경에 처한 기존 문화시설 및 단체의 경영전략 수정, 효과적인 장단기 발전전략의 수립과 실행관리 방법을 배운다."
3학년,2학기,1전선,HBKE0056,문화예술경영전공,전시기획실습1(캡스톤디자인),3,3,"전시를 실제로 기획, 실행, 평가해봄으로써 문화예술기획경영에 필요한 실무역량과 현장 적응력을 심화한다."
3학년,2학기,1전선,HBKE0063,문화예술경영전공,공연기획실습2(캡스톤디자인),3,3,"공연을 실제로 기획, 실행, 평가해봄으로써 문화예술기획경영에 필요한 실무역량과 현장 적응력을 바탕으로 활용할 수 있게 한다."
3학년,2학기,1전심,HBKE0072,문화예술경영전공,K-콘텐츠디자인,3,3,"K-콘텐츠는 국가경쟁력의 원동력으로서 국가 차원에서 전략적으로 육성되고 있다. 콘텐츠 산업의 성장을 위해서는 창의적 아이디어와 신기술의 결합을 통한 지속적인 비즈니스 창출과 사업 영역의 확장이 필요하다. 이에 본 교과목은 K-콘텐츠 산업에 ‘디자인 씽킹(디자인 사고)’ 프로세스를 접목하여 아이디어 발상을 통한 새로운 사업 개발의 가치를 찾아낼 수 있도록 구성되었다.
 이를 위해 구체적으로, 학생들은 첫째, K-콘텐츠 대표 장르(케이팝, 웹툰, 영화, 게임 등)를 구체적으로 살펴보고, 둘째, 디자인 사고에 기초하여 콘텐츠 장르 별 현상 관찰 후 문제를 정의하고, 셋째, 문제해결을 위한 아이디어 발상 및 결과물을 구현한다. 
 이를 통하여 K-콘텐츠에 대한 기본적 지식습득에서 나아가 콘텐츠 산업 분야의 미래 인재로서의 전문성, 창의적 문제해결능력, 사업 개발을 위한 역량을 함양하여 향후 콘텐츠 산업 현장에서 일할 때 유용하게 도움이 되도록 하는데 주요 목적을 지닌다."
3학년,2학기,1전선,HBOA1027,문화예술경영전공,아트블록체인,3,3,블록체인 기술을 기반으로 한 NFT가 문화 예술 콘텐츠 분야에 적용하려는 시도가 늘어나고 있다. 특히 NFT 기술은 예술 작품에 고유의 정보를 부여하고 관련 시장의 모든 참여자에게 공정한 환경을 조성할 수 있다는 점에서 블록체인 기술에 대한 학습은 매우 중요하다. 본 과목은 과학적 비즈니스를 다루는 경영공학적 사고와 문화예술경영 분야를 융합하여 아트블록체인이라는 새로운 특성화 교육을 수행하고자 한다.
4학년,2학기,1전심,HBKE0050,문화예술경영전공,한류문화산업,3,3,한류문화산업을 이끄는 주요 문화콘텐츠에 대해 분석하고 새로운 한류 콘텐츠 기획방안을 모색하여 한류에 대한 이론적인 기반을 습득한다.
전체학년,1학기,교필,HBRA1013,문화예술경영전공,사회봉사(문화예술경영전공),1,1,사회봉사에 대한 기초적인 지식을 갖추고 이를 바탕으로 사회복지시설 및 기관등에서 직접 사회봉사를 실천하도록 한다. 이러한 과정을 통해 사회봉사 활동과 관련된 우리 사회의 문제를 경험하며 개선방안을 모색해보는 기회를 갖는다.
